lat_grid_idx,lon_grid_idx,species_count,genus_count,observation_count,temperature_param_mean,depth_param_mean,salinity_param_mean,primary_production_param_mean,dissolved_oxygen_param_mean,distance_to_land_param_mean,overall_probability,cell_center_lat,cell_center_lon,lat_south,lat_north,lon_west,lon_east
3,0,31,26,75,2.15625,799.8784722222222,32.91277777777778,13.607916666666666,257.11,353.26215277777777,18.642,-77.4,-176.4,-79.2,-75.6,-180.0,-172.8
3,1,36,27,92,4.433543956043956,1103.8708791208792,32.06370879120879,20.849285714285717,247.47293956043956,402.71565934065933,4.981739130434783,-77.4,-169.2,-79.2,-75.6,-172.8,-165.6
3,2,31,24,67,2.7381818181818183,829.8674242424242,32.48291666666667,15.769545454545455,253.49496212121213,328.04924242424244,0.5146268656716417,-77.4,-162.0,-79.2,-75.6,-165.6,-158.4
3,3,38,28,79,3.0092857142857143,1014.1493506493506,32.59857142857143,16.10733766233766,253.79795454545456,393.82305194805195,0.37924050632911394,-77.4,-154.8,-79.2,-75.6,-158.4,-151.2
3,4,24,18,36,1.0441428571428573,740.6571428571428,33.26721428571428,10.9405,264.0690714285714,306.53214285714284,0.22388888888888892,-77.4,-147.6,-79.2,-75.6,-151.2,-144.0
3,13,2,2,2,-0.55375,121.5,33.59625,7.1725,262.48625,166.0,0.2,-77.4,-82.8,-79.2,-75.6,-86.39999999999999,-79.2
3,14,9,8,10,1.23,533.075,32.960750000000004,9.63175,268.37925,270.025,0.20600000000000002,-77.4,-75.6,-79.2,-75.6,-79.2,-72.0
3,15,13,9,20,1.5301250000000002,330.225,32.962374999999994,11.0105,268.10325,224.7125,0.21800000000000003,-77.4,-68.39999999999999,-79.2,-75.6,-72.0,-64.8
3,16,38,29,71,2.1245422535211267,752.4753521126761,32.7168661971831,12.529612676056338,262.44285211267606,319.61971830985914,0.5654929577464789,-77.4,-61.2,-79.2,-75.6,-64.8,-57.599999999999994
3,17,31,24,61,1.5112711864406778,852.5169491525423,33.10351694915254,12.550677966101695,260.216779661017,369.16737288135596,0.5350819672131147,-77.4,-54.0,-79.2,-75.6,-57.599999999999994,-50.400000000000006
3,18,30,25,48,1.5462234042553191,786.5159574468086,33.00893617021277,11.503138297872342,260.40154255319146,393.4574468085106,0.4033333333333333,-77.4,-46.79999999999998,-79.2,-75.6,-50.400000000000006,-43.19999999999999
3,19,30,25,49,1.1871666666666667,817.4722222222222,33.36577777777778,9.655222222222223,266.36016666666666,354.475,16.52918367346939,-77.4,-39.599999999999994,-79.2,-75.6,-43.19999999999999,-36.0
3,20,34,26,63,2.264322033898305,855.5169491525423,32.54885593220339,13.853601694915254,257.4871186440678,390.9978813559322,6.548095238095239,-77.4,-32.400000000000006,-79.2,-75.6,-36.0,-28.799999999999983
3,21,24,19,33,3.32984375,865.671875,32.18734375,16.805703125,249.463984375,328.6328125,0.5254545454545454,-77.4,-25.19999999999999,-79.2,-75.6,-28.799999999999983,-21.599999999999994
3,46,9,9,10,2.74625,1116.375,32.414,15.875,257.70075,369.15,0.567,-77.4,154.8,-79.2,-75.6,151.2,158.40000000000003
3,47,34,27,74,2.4381756756756756,814.7128378378378,32.91202702702702,14.07168918918919,257.64824324324326,308.37331081081084,17.314999999999998,-77.4,162.0,-79.2,-75.6,158.40000000000003,165.60000000000002
3,48,35,26,86,3.037294117647059,997.4058823529411,32.41970588235294,16.108117647058823,252.95250000000001,396.49117647058824,22.495697674418604,-77.4,169.2,-79.2,-75.6,165.60000000000002,172.8
3,49,36,27,95,3.082173913043478,1022.6086956521739,32.48494565217391,16.361059782608695,253.1707336956522,384.4171195652174,30.869684210526316,-77.4,176.40000000000003,-79.2,-75.6,172.8,180.0
4,0,27,22,62,4.916059322033899,1388.7245762711864,31.809322033898304,22.8664406779661,244.77461864406783,459.58474576271186,24.461129032258064,-73.8,-176.4,-75.6,-72.0,-180.0,-172.8
4,1,12,10,42,7.9715384615384615,1829.826923076923,30.903589743589745,32.3224358974359,225.54794871794874,598.75,86.03666666666666,-73.8,-169.2,-75.6,-72.0,-172.8,-165.6
4,2,11,9,30,7.571296296296297,2099.4166666666665,30.384722222222223,29.75425925925926,223.59064814814815,644.4074074074074,138.07433333333336,-73.8,-162.0,-75.6,-72.0,-165.6,-158.4
4,3,12,9,38,9.026959459459459,2286.6013513513512,29.636824324324323,36.387027027027024,222.58249999999998,665.1351351351351,0.17894736842105263,-73.8,-154.8,-75.6,-72.0,-158.4,-151.2
4,4,21,18,47,6.345113636363636,1708.375,31.30005681818182,26.809545454545454,237.23619318181818,570.4147727272727,0.1778723404255319,-73.8,-147.6,-75.6,-72.0,-151.2,-144.0
4,5,29,25,69,2.636746031746032,1177.531746031746,33.050357142857145,14.756388888888889,253.94230158730159,447.29563492063494,0.27043478260869563,-73.8,-140.4,-75.6,-72.0,-144.0,-136.8
4,6,34,24,64,2.660875,990.4,32.69433333333333,15.863541666666666,256.20708333333334,386.22083333333336,2.85890625,-73.8,-133.2,-75.6,-72.0,-136.8,-129.6
4,7,36,27,77,2.8871333333333333,831.8,32.58646666666667,15.175866666666668,256.4154,338.1166666666667,0.34558441558441555,-73.8,-126.0,-75.6,-72.0,-129.6,-122.4
4,8,32,24,57,3.3495,971.9409090909091,32.3795,17.110181818181818,254.61368181818182,368.66136363636366,0.4978947368421052,-73.8,-118.8,-75.6,-72.0,-122.4,-115.2
4,9,34,23,62,3.5566525423728814,845.4194915254237,32.46139830508474,17.52987288135593,251.61995762711862,308.74152542372883,0.43387096774193545,-73.8,-111.6,-75.6,-72.0,-115.2,-108.0
4,10,39,28,113,2.5767660550458715,838.506880733945,32.66871559633027,14.513784403669725,259.0687385321101,342.7316513761468,1.8315929203539822,-73.8,-104.39999999999999,-75.6,-72.0,-108.0,-100.8
4,11,20,16,40,2.8779375000000003,809.5875,32.5810625,16.0368125,259.16843750000004,335.803125,0.185,-73.8,-97.2,-75.6,-72.0,-100.8,-93.6
4,12,28,24,43,2.6770930232558143,827.4883720930233,32.7131976744186,14.348953488372093,257.16406976744184,367.48837209302326,0.4458139534883721,-73.8,-90.0,-75.6,-72.0,-93.6,-86.39999999999999
4,13,35,25,58,3.936607142857143,899.0580357142857,32.16683035714286,17.68892857142857,251.0989285714286,360.28794642857144,0.43827586206896557,-73.8,-82.8,-75.6,-72.0,-86.39999999999999,-79.2
4,14,15,13,28,8.385714285714286,1467.892857142857,30.02660714285714,33.00616071428571,227.84196428571428,473.7857142857143,0.11750000000000001,-73.8,-75.6,-75.6,-72.0,-79.2,-72.0
4,15,10,9,12,8.481250000000001,1635.0208333333333,29.920625,32.57604166666666,237.49,417.5208333333333,0.09583333333333333,-73.8,-68.39999999999999,-75.6,-72.0,-72.0,-64.8
4,16,39,28,85,1.5674698795180722,789.2861445783133,33.11367469879518,11.5175,262.36370481927713,330.0557228915663,0.4441176470588235,-73.8,-61.2,-75.6,-72.0,-64.8,-57.599999999999994
4,17,6,6,10,3.04325,1136.05,33.8335,13.5315,251.91575000000003,639.75,0.059,-73.8,-54.0,-75.6,-72.0,-57.599999999999994,-50.400000000000006
4,18,3,3,9,4.576944444444445,2284.25,33.94916666666667,21.340833333333332,240.96277777777777,532.7222222222222,85.47111111111111,-73.8,-46.79999999999998,-75.6,-72.0,-50.400000000000006,-43.19999999999999
4,19,7,7,18,2.615277777777778,1250.3055555555557,33.80236111111111,14.594583333333333,250.68305555555557,547.8541666666666,403.6222222222222,-73.8,-39.599999999999994,-75.6,-72.0,-43.19999999999999,-36.0
4,20,17,14,29,2.8111111111111113,1145.8333333333333,33.3662962962963,14.55111111111111,255.73462962962964,470.5138888888889,14.898275862068965,-73.8,-32.400000000000006,-75.6,-72.0,-36.0,-28.799999999999983
4,21,40,32,111,3.104908256880734,1043.158256880734,32.44438073394495,16.41422018348624,252.5907339449541,387.6915137614679,32.505945945945946,-73.8,-25.19999999999999,-75.6,-72.0,-28.799999999999983,-21.599999999999994
4,22,45,34,102,2.9114356435643565,886.2351485148515,32.57311881188119,15.262054455445544,258.5255693069307,353.01732673267327,14.333627450980394,-73.8,-18.0,-75.6,-72.0,-21.599999999999994,-14.400000000000006
4,23,19,16,21,2.9433333333333334,906.3809523809524,32.45845238095238,15.31404761904762,257.88416666666666,343.45238095238096,0.5004761904761905,-73.8,-10.799999999999983,-75.6,-72.0,-14.400000000000006,-7.199999999999989
4,34,3,3,3,1.6500000000000001,1120.9166666666667,33.7925,11.509166666666667,261.3208333333334,260.4166666666667,0.10666666666666667,-73.8,68.4,-75.6,-72.0,64.80000000000001,72.0
4,47,30,25,43,3.0575,945.9268292682926,32.55207317073171,16.70609756097561,252.61219512195123,369.1493902439024,23.387441860465117,-73.8,162.0,-75.6,-72.0,158.40000000000003,165.60000000000002
4,48,41,30,118,2.974232456140351,867.3092105263158,32.558004385964914,15.87796052631579,254.41436403508771,360.0701754385965,33.9985593220339,-73.8,169.2,-75.6,-72.0,165.60000000000002,172.8
4,49,37,29,121,2.2769117647058823,932.3151260504202,32.645987394957984,13.696218487394956,255.89556722689076,371.07563025210084,38.12570247933884,-73.8,176.40000000000003,-75.6,-72.0,172.8,180.0
5,0,19,15,41,7.123749999999999,1879.21875,30.791562499999998,30.9289375,230.83468750000003,510.1625,125.57219512195122,-70.2,-176.4,-72.0,-68.4,-180.0,-172.8
5,1,15,12,47,7.925326086956522,1749.25,30.863858695652173,32.27619565217391,224.83695652173913,559.3586956521739,0.27170212765957447,-70.2,-169.2,-72.0,-68.4,-172.8,-165.6
5,2,14,11,53,8.164607843137254,1921.6225490196077,30.61774509803922,33.024803921568626,225.33504901960782,598.8921568627451,0.31320754716981136,-70.2,-162.0,-72.0,-68.4,-165.6,-158.4
5,3,15,12,49,8.762055555555555,2048.1055555555554,30.371944444444445,35.57794444444444,222.27077777777777,564.2111111111111,0.2724489795918367,-70.2,-154.8,-72.0,-68.4,-158.4,-151.2
5,4,16,13,44,8.815714285714286,2347.8690476190477,29.792380952380952,34.35654761904762,224.71988095238098,636.9464285714286,100.10772727272727,-70.2,-147.6,-72.0,-68.4,-151.2,-144.0
5,5,15,12,51,9.140271739130435,2019.195652173913,30.30516304347826,35.545,224.27494565217393,622.0163043478261,0.42254901960784313,-70.2,-140.4,-72.0,-68.4,-144.0,-136.8
5,6,16,13,52,9.11058510638298,2087.5372340425533,30.44281914893617,35.817393617021274,224.94632978723405,628.5053191489362,0.46576923076923077,-70.2,-133.2,-72.0,-68.4,-136.8,-129.6
5,7,14,11,33,9.119741379310346,2002.7758620689656,30.358448275862067,37.368448275862065,221.9355172413793,526.1034482758621,0.3578787878787879,-70.2,-126.0,-72.0,-68.4,-129.6,-122.4
5,8,21,18,54,8.20610576923077,1779.4903846153845,30.544375,31.408125000000002,225.32240384615386,543.4495192307693,0.37537037037037035,-70.2,-118.8,-72.0,-68.4,-122.4,-115.2
5,9,30,23,56,5.981634615384616,1462.923076923077,31.207692307692305,25.22846153846154,241.44399038461538,485.4230769230769,0.37267857142857147,-70.2,-111.6,-72.0,-68.4,-115.2,-108.0
5,10,30,23,63,5.766434426229508,1426.877049180328,31.458811475409835,24.264508196721312,239.88713114754097,505.49590163934425,0.5015873015873016,-70.2,-104.39999999999999,-72.0,-68.4,-108.0,-100.8
5,11,34,25,78,6.174897260273973,1656.0376712328766,31.295924657534247,26.21123287671233,239.3427397260274,541.6301369863014,102.14205128205128,-70.2,-97.2,-72.0,-68.4,-100.8,-93.6
5,12,34,27,78,5.125526315789474,1490.483552631579,31.83828947368421,22.135296052631578,243.74161184210524,473.98355263157896,0.34282051282051285,-70.2,-90.0,-72.0,-68.4,-93.6,-86.39999999999999
5,13,42,33,112,3.771307339449541,1093.7454128440368,32.20077981651376,18.677133027522935,249.39399082568806,385.42545871559633,0.49107142857142855,-70.2,-82.8,-72.0,-68.4,-86.39999999999999,-79.2
5,14,47,38,100,4.60669191919192,1017.5126262626262,31.911161616161614,20.187424242424242,249.4050505050505,384.550505050505,2.482,-70.2,-75.6,-72.0,-68.4,-79.2,-72.0
5,15,17,16,21,6.948095238095238,1048.0,30.715357142857144,23.37595238095238,241.92928571428573,484.76190476190476,0.1419047619047619,-70.2,-68.39999999999999,-72.0,-68.4,-72.0,-64.8
5,16,30,24,50,2.5201,626.885,32.98385,11.9157,259.2523,424.215,7.6816,-70.2,-61.2,-72.0,-68.4,-64.8,-57.599999999999994
5,17,1,1,1,4.6450000000000005,2625.0,33.975,22.8725,239.425,446.0,0.11,-70.2,-54.0,-72.0,-68.4,-57.599999999999994,-50.400000000000006
5,18,1,1,3,4.6450000000000005,2625.0,33.975,22.8725,239.42500000000004,446.0,0.18666666666666668,-70.2,-46.79999999999998,-72.0,-68.4,-50.400000000000006,-43.19999999999999
5,19,7,7,15,5.7315,2018.0833333333333,31.460833333333333,25.330166666666667,233.31750000000002,693.6166666666667,0.14733333333333334,-70.2,-39.599999999999994,-72.0,-68.4,-43.19999999999999,-36.0
5,20,14,11,35,9.43405172413793,2190.2672413793102,29.88887931034483,37.303275862068965,222.64698275862068,647.6810344827586,0.15114285714285713,-70.2,-32.400000000000006,-72.0,-68.4,-36.0,-28.799999999999983
5,21,14,11,30,8.737692307692308,1908.7211538461538,30.43326923076923,34.49855769230769,222.87471153846155,598.2211538461538,0.21033333333333332,-70.2,-25.19999999999999,-72.0,-68.4,-28.799999999999983,-21.599999999999994
5,22,21,16,49,6.79,1595.2864583333333,31.27807291666667,28.435937499999998,236.12062500000002,512.109375,98.11020408163265,-70.2,-18.0,-72.0,-68.4,-21.599999999999994,-14.400000000000006
5,23,37,29,94,3.0155494505494507,1090.9258241758241,32.3853021978022,16.907994505494507,252.6617032967033,365.5975274725275,74.25840425531915,-70.2,-10.799999999999983,-72.0,-68.4,-14.400000000000006,-7.199999999999989
5,24,40,33,88,4.2377352941176465,1024.8588235294117,31.87914705882353,19.156441176470587,250.8085882352941,419.6955882352941,0.5252272727272728,-70.2,-3.5999999999999943,-72.0,-68.4,-7.199999999999989,0.0
5,25,33,27,57,2.8794642857142856,852.8125,32.908482142857146,14.8225,253.63919642857144,373.0424107142857,70.48771929824562,-70.2,3.5999999999999943,-72.0,-68.4,0.0,7.200000000000017
5,26,45,34,91,2.6546944444444445,746.4138888888889,32.81930555555556,14.189638888888888,257.15605555555555,358.75,37.15362637362637,-70.2,10.800000000000011,-72.0,-68.4,7.200000000000017,14.400000000000006
5,27,36,29,69,2.382355072463768,691.8079710144928,32.7395652173913,14.214384057971015,257.9561231884058,316.2463768115942,0.5560869565217391,-70.2,18.0,-72.0,-68.4,14.400000000000006,21.599999999999994
5,28,41,33,76,2.5810135135135135,948.1925675675676,32.81513513513514,14.72837837837838,258.765472972973,382.3057432432432,33.94328947368421,-70.2,25.200000000000017,-72.0,-68.4,21.599999999999994,28.80000000000001
5,29,29,24,43,2.0026785714285715,566.9166666666666,33.00279761904762,11.36470238095238,263.0580357142857,300.20238095238096,33.81232558139535,-70.2,32.400000000000006,-72.0,-68.4,28.80000000000001,36.0
5,30,21,18,28,1.7794444444444446,577.9351851851852,33.26814814814815,9.93074074074074,266.1809259259259,379.3611111111111,8.1175,-70.2,39.599999999999994,-72.0,-68.4,36.0,43.20000000000002
5,34,36,29,61,3.840042372881356,1007.3601694915254,32.11004237288136,18.12292372881356,253.45919491525424,346.40677966101697,0.5739344262295082,-70.2,68.4,-72.0,-68.4,64.80000000000001,72.0
5,35,31,27,58,4.952954545454546,901.4954545454545,31.645954545454543,20.597863636363634,247.53254545454547,367.00454545454545,23.86362068965517,-70.2,75.6,-72.0,-68.4,72.0,79.19999999999999
5,46,7,6,9,3.9972222222222222,711.2222222222222,32.21722222222222,16.83888888888889,255.11083333333332,531.4166666666666,0.20333333333333334,-70.2,154.8,-72.0,-68.4,151.2,158.40000000000003
5,47,20,16,36,1.4086363636363637,914.3712121212121,33.16075757575758,9.832575757575759,262.5840151515152,426.32575757575756,0.2138888888888889,-70.2,162.0,-72.0,-68.4,158.40000000000003,165.60000000000002
5,48,34,24,66,3.887698412698413,1135.7261904761904,32.18107142857143,19.482619047619046,249.32063492063494,388.16468253968253,4.211666666666666,-70.2,169.2,-72.0,-68.4,165.60000000000002,172.8
5,49,19,16,43,5.2635,1555.5625,31.9750625,21.4853125,240.4695,563.45625,0.29186046511627906,-70.2,176.40000000000003,-72.0,-68.4,172.8,180.0
6,0,21,16,57,7.67816037735849,1883.551886792453,30.826603773584903,30.210047169811318,229.10146226415094,564.4716981132076,173.27964912280703,-66.6,-176.4,-68.4,-64.8,-180.0,-172.8
6,1,18,15,62,9.029791666666666,1993.075,30.320083333333333,34.37983333333333,223.6279166666667,609.3458333333333,159.26483870967743,-66.6,-169.2,-68.4,-64.8,-172.8,-165.6
6,2,15,12,40,10.884930555555556,2252.409722222222,29.195347222222225,38.04611111111112,216.40256944444445,681.3541666666666,98.20975000000001,-66.6,-162.0,-68.4,-64.8,-165.6,-158.4
6,3,16,13,56,9.014903846153846,1886.7163461538462,30.349230769230772,34.168509615384615,225.355625,640.6346153846154,0.4935714285714286,-66.6,-154.8,-68.4,-64.8,-158.4,-151.2
6,4,17,14,51,9.319944444444443,2034.95,30.215611111111112,32.75233333333333,225.97238888888887,648.6611111111112,81.40352941176471,-66.6,-147.6,-68.4,-64.8,-151.2,-144.0
6,5,18,15,65,9.429596774193548,1875.516129032258,30.48467741935484,32.233629032258065,226.77225806451614,645.0120967741935,0.5152307692307693,-66.6,-140.4,-68.4,-64.8,-144.0,-136.8
6,6,18,15,54,8.424952830188678,1781.882075471698,30.76882075471698,31.62632075471698,225.92806603773585,622.6132075471698,0.6142592592592593,-66.6,-133.2,-68.4,-64.8,-136.8,-129.6
6,7,19,16,55,8.598413461538462,1633.610576923077,31.063365384615388,32.11552884615384,222.41620192307693,532.7788461538462,0.5894545454545455,-66.6,-126.0,-68.4,-64.8,-129.6,-122.4
6,8,21,17,65,9.906991525423729,1902.1059322033898,30.393050847457626,35.48453389830509,222.42004237288137,613.0296610169491,75.08,-66.6,-118.8,-68.4,-64.8,-122.4,-115.2
6,9,18,15,51,8.821836734693877,2147.4744897959185,31.10698979591837,32.20872448979592,223.37663265306122,615.280612244898,0.6311764705882352,-66.6,-111.6,-68.4,-64.8,-115.2,-108.0
6,10,20,17,67,10.240595238095239,1916.357142857143,30.295039682539684,37.25849206349206,216.83464285714285,593.4087301587301,0.5344776119402985,-66.6,-104.39999999999999,-68.4,-64.8,-108.0,-100.8
6,11,18,15,71,10.390514705882353,2282.639705882353,30.479558823529413,36.30231617647058,222.0277941176471,670.2830882352941,0.5170422535211268,-66.6,-97.2,-68.4,-64.8,-100.8,-93.6
6,12,21,19,66,10.224880952380953,2106.972222222222,30.149404761904762,36.21365079365079,220.94511904761904,631.9424603174604,64.12212121212121,-66.6,-90.0,-68.4,-64.8,-93.6,-86.39999999999999
6,13,22,19,76,9.181249999999999,2000.6041666666667,30.551423611111108,31.98944444444444,227.72572916666664,640.65625,55.54210526315789,-66.6,-82.8,-68.4,-64.8,-86.39999999999999,-79.2
6,14,35,29,89,6.994098837209302,1511.360465116279,31.46997093023256,25.06031976744186,237.65872093023256,544.7223837209302,96.79044943820224,-66.6,-75.6,-68.4,-64.8,-79.2,-72.0
6,15,60,48,170,5.31566265060241,1067.0256024096386,32.01596385542168,19.244352409638555,246.43597891566264,402.4811746987952,42.79976470588235,-66.6,-68.39999999999999,-68.4,-64.8,-72.0,-64.8
6,16,50,37,133,3.9230078125000003,874.099609375,32.3321484375,17.16013671875,255.464296875,376.59375,1.4939849624060149,-66.6,-61.2,-68.4,-64.8,-64.8,-57.599999999999994
6,17,17,16,28,3.8287999999999998,1331.19,32.7375,19.9705,248.28959999999998,512.165,0.22892857142857143,-66.6,-54.0,-68.4,-64.8,-57.599999999999994,-50.400000000000006
6,18,14,11,44,8.312317073170732,2050.6585365853657,30.56951219512195,34.16128048780487,225.74073170731708,602.7439024390244,0.16204545454545455,-66.6,-46.79999999999998,-68.4,-64.8,-50.400000000000006,-43.19999999999999
6,19,15,12,43,8.378986486486486,1859.3108108108108,30.53918918918919,34.37378378378378,226.01635135135135,567.6756756756756,0.24116279069767443,-66.6,-39.599999999999994,-68.4,-64.8,-43.19999999999999,-36.0
6,20,14,11,45,8.065609756097562,1922.25,30.581463414634143,33.71615853658537,223.609756097561,592.3536585365854,0.43244444444444446,-66.6,-32.400000000000006,-68.4,-64.8,-36.0,-28.799999999999983
6,21,16,13,57,8.1275,2135.449074074074,30.474212962962966,33.57310185185185,225.54532407407407,575.2222222222222,170.90491228070175,-66.6,-25.19999999999999,-68.4,-64.8,-28.799999999999983,-21.599999999999994
6,22,15,12,38,7.3991911764705875,1731.4338235294117,31.186617647058824,28.502426470588233,234.30257352941177,640.25,0.37026315789473685,-66.6,-18.0,-68.4,-64.8,-21.599999999999994,-14.400000000000006
6,23,15,13,59,7.58573275862069,1584.1594827586207,31.632155172413793,28.55409482758621,234.5950431034483,616.2629310344828,0.3525423728813559,-66.6,-10.799999999999983,-68.4,-64.8,-14.400000000000006,-7.199999999999989
6,24,16,13,59,8.141359649122807,1638.5087719298247,30.913201754385966,31.587061403508773,227.4863157894737,583.4122807017544,310.5416949152542,-66.6,-3.5999999999999943,-68.4,-64.8,-7.199999999999989,0.0
6,25,19,16,67,8.978125,2062.11328125,30.3096875,33.7783203125,226.1334375,632.34375,0.4901492537313433,-66.6,3.5999999999999943,-68.4,-64.8,0.0,7.200000000000017
6,26,19,16,58,9.129313725490197,1957.328431372549,30.207941176470587,32.55387254901961,225.82500000000002,644.5833333333334,0.4617241379310345,-66.6,10.800000000000011,-68.4,-64.8,7.200000000000017,14.400000000000006
6,27,17,14,49,9.74875,2166.0108695652175,29.79516304347826,34.87826086956522,222.5433695652174,649.7119565217391,87.23285714285714,-66.6,18.0,-68.4,-64.8,14.400000000000006,21.599999999999994
6,28,17,14,61,9.146375,2094.4583333333335,30.201208333333334,33.691583333333334,222.9319583333333,628.6791666666667,151.93655737704916,-66.6,25.200000000000017,-68.4,-64.8,21.599999999999994,28.80000000000001
6,29,30,24,75,7.269212328767123,1549.5787671232877,30.88931506849315,27.00345890410959,236.67544520547943,522.3561643835617,269.33053333333334,-66.6,32.400000000000006,-68.4,-64.8,28.80000000000001,36.0
6,30,31,25,77,4.369014084507042,1388.2887323943662,32.00369718309859,19.659788732394368,248.70792253521128,499.25704225352115,228.48818181818183,-66.6,39.599999999999994,-68.4,-64.8,36.0,43.20000000000002
6,31,42,33,92,3.829914772727273,1202.6051136363637,32.094204545454545,17.793011363636364,250.7720454545455,416.8480113636364,123.89402173913044,-66.6,46.80000000000001,-68.4,-64.8,43.20000000000002,50.400000000000006
6,32,39,32,58,3.070438596491228,814.1666666666666,32.658508771929824,13.61,257.385,399.94736842105266,48.03655172413794,-66.6,54.0,-68.4,-64.8,50.400000000000006,57.599999999999994
6,33,43,33,76,4.452331081081081,1162.6891891891892,32.073479729729726,20.036452702702704,248.4368581081081,447.1875,246.1211842105263,-66.6,61.20000000000002,-68.4,-64.8,57.599999999999994,64.80000000000001
6,34,44,34,114,3.3245270270270266,1061.1126126126126,32.278040540540545,16.711306306306305,252.70695945945945,406.134009009009,228.3440350877193,-66.6,68.4,-68.4,-64.8,64.80000000000001,72.0
6,35,51,39,127,3.5445238095238096,1062.1825396825398,32.27456349206349,16.19230158730159,253.28712301587302,422.86805555555554,403.9772440944882,-66.6,75.6,-68.4,-64.8,72.0,79.19999999999999
6,36,45,35,121,3.695677966101695,972.896186440678,32.41512711864407,16.726610169491526,251.75667372881358,394.29978813559325,70.5297520661157,-66.6,82.80000000000001,-68.4,-64.8,79.19999999999999,86.40000000000003
6,37,39,30,73,3.6032191780821923,829.763698630137,32.42582191780822,15.377294520547945,255.43249999999998,378.1917808219178,34.82931506849315,-66.6,90.0,-68.4,-64.8,86.40000000000003,93.60000000000002
6,38,41,36,79,3.4070569620253166,723.6044303797469,32.31857594936709,15.594018987341773,254.48566455696204,361.0838607594937,22.603037974683545,-66.6,97.19999999999999,-68.4,-64.8,93.60000000000002,100.80000000000001
6,39,35,27,64,2.4890079365079365,692.4603174603175,32.905119047619046,13.450912698412699,260.0599603174603,337.02777777777777,0.5309375,-66.6,104.40000000000003,-68.4,-64.8,100.80000000000001,108.0
6,40,38,31,75,2.2329666666666665,739.5066666666667,33.03703333333333,12.7391,259.87076666666667,364.4483333333333,83.90133333333334,-66.6,111.60000000000002,-68.4,-64.8,108.0,115.19999999999999
6,41,47,37,99,2.1017010309278352,751.1701030927835,33.071082474226806,11.667474226804122,262.63969072164946,337.6868556701031,21.875858585858587,-66.6,118.80000000000001,-68.4,-64.8,115.19999999999999,122.40000000000003
6,42,41,34,86,1.423982558139535,599.7180232558139,33.18206395348837,9.434418604651164,264.69773255813953,355.51162790697674,24.5246511627907,-66.6,126.0,-68.4,-64.8,122.40000000000003,129.60000000000002
6,43,42,33,71,2.3405434782608694,724.6992753623189,32.87159420289855,11.94822463768116,260.9030072463768,366.79891304347825,24.948169014084506,-66.6,133.2,-68.4,-64.8,129.60000000000002,136.8
6,44,44,35,94,3.3199725274725274,895.1291208791209,32.7043956043956,15.338214285714285,256.2527197802198,397.25961538461536,298.3144680851064,-66.6,140.40000000000003,-68.4,-64.8,136.8,144.0
6,45,50,40,116,2.3620394736842103,770.5175438596491,33.073311403508775,12.813179824561402,258.1397587719298,378.07894736842104,144.21008620689653,-66.6,147.60000000000002,-68.4,-64.8,144.0,151.2
6,46,16,14,38,5.019583333333333,1106.7222222222222,32.478611111111114,19.023611111111112,246.05562500000002,630.3506944444445,112.3271052631579,-66.6,154.8,-68.4,-64.8,151.2,158.40000000000003
6,47,28,23,65,5.509314516129032,1530.3387096774193,31.6970564516129,21.762298387096774,242.38616935483873,543.6532258064516,331.88199999999995,-66.6,162.0,-68.4,-64.8,158.40000000000003,165.60000000000002
6,48,27,23,54,7.085913461538462,1746.3557692307693,31.527596153846154,28.135192307692307,233.17826923076925,552.7067307692307,173.65703703703704,-66.6,169.2,-68.4,-64.8,165.60000000000002,172.8
6,49,20,17,56,9.000330188679245,1995.9669811320755,30.62622641509434,32.24169811320755,228.50721698113207,647.1556603773585,178.39410714285714,-66.6,176.40000000000003,-68.4,-64.8,172.8,180.0
7,0,22,19,70,10.399411764705881,2100.466911764706,30.299852941176468,35.53908088235294,217.36533088235296,627.7242647058823,48.91457142857143,-63.0,-176.4,-64.8,-61.2,-180.0,-172.8
7,1,22,19,95,9.676684782608696,1894.1141304347825,30.497309782608696,32.74152173913044,221.26239130434783,639.0366847826087,26.974105263157895,-63.0,-169.2,-64.8,-61.2,-172.8,-165.6
7,2,20,17,69,10.242459677419355,2179.2580645161293,29.85846774193548,35.29951612903226,220.83987903225807,651.0362903225806,49.60333333333333,-63.0,-162.0,-64.8,-61.2,-165.6,-158.4
7,3,22,19,74,9.169270833333334,1845.173611111111,30.993437500000002,31.893854166666667,222.56475694444444,593.375,89.1295945945946,-63.0,-154.8,-64.8,-61.2,-158.4,-151.2
7,4,18,16,60,9.827772727272729,2101.4045454545453,30.1255,33.15131818181818,219.46745454545456,702.709090909091,120.98049999999999,-63.0,-147.6,-64.8,-61.2,-151.2,-144.0
7,5,20,17,73,9.210739436619718,1844.4260563380283,30.44904929577465,34.90278169014084,222.55440140845073,604.6267605633802,54.773972602739725,-63.0,-140.4,-64.8,-61.2,-144.0,-136.8
7,6,20,17,65,10.697330508474577,2526.1398305084745,30.216694915254237,37.575296610169495,218.70966101694916,630.8347457627119,0.5712307692307693,-63.0,-133.2,-64.8,-61.2,-136.8,-129.6
7,7,22,19,71,9.17427536231884,1937.3369565217392,31.74253623188406,29.079565217391306,220.71420289855072,649.4673913043479,69.78943661971832,-63.0,-126.0,-64.8,-61.2,-129.6,-122.4
7,8,24,21,93,10.451544943820224,1982.4213483146068,30.638398876404494,33.915,219.89365168539325,677.8778089887641,0.5669892473118279,-63.0,-118.8,-64.8,-61.2,-122.4,-115.2
7,9,27,23,85,11.297592592592594,2007.2716049382716,30.800154320987655,36.48851851851852,214.8281790123457,623.9706790123457,61.07129411764705,-63.0,-111.6,-64.8,-61.2,-115.2,-108.0
7,10,25,21,94,11.56611111111111,1902.2694444444444,30.71386111111111,36.38741666666667,211.80030555555555,636.1013888888889,54.27138297872341,-63.0,-104.39999999999999,-64.8,-61.2,-108.0,-100.8
7,11,25,22,89,11.441764705882353,2124.038235294118,30.801764705882356,36.2035,216.16155882352945,650.2514705882353,56.501011235955055,-63.0,-97.2,-64.8,-61.2,-100.8,-93.6
7,12,26,23,88,10.681234939759037,2019.313253012048,30.816777108433737,34.77825301204819,219.63653614457832,654.4774096385543,0.5538636363636363,-63.0,-90.0,-64.8,-61.2,-93.6,-86.39999999999999
7,13,30,27,103,11.531572164948454,2047.9974226804125,30.976082474226807,35.97536082474227,208.86507731958764,625.5876288659794,0.5147572815533981,-63.0,-82.8,-64.8,-61.2,-86.39999999999999,-79.2
7,14,30,27,94,11.117177419354839,1828.6505376344087,31.29236559139785,33.836801075268816,216.1085752688172,639.8118279569892,40.54670212765958,-63.0,-75.6,-64.8,-61.2,-79.2,-72.0
7,15,44,38,104,7.616211340206186,1320.0979381443299,31.342061855670103,27.13587628865979,231.9618556701031,458.1868556701031,131.03115384615384,-63.0,-68.39999999999999,-64.8,-61.2,-72.0,-64.8
7,16,66,55,221,5.2782938388625595,1053.2345971563982,32.152037914691945,20.242405213270143,246.50321090047393,393.81516587677726,128.66153846153847,-63.0,-61.2,-64.8,-61.2,-64.8,-57.599999999999994
7,17,68,56,206,3.9747193877551017,899.1377551020408,32.40798469387755,16.828329081632653,252.3293367346939,374.04464285714283,66.45247572815533,-63.0,-54.0,-64.8,-61.2,-57.599999999999994,-50.400000000000006
7,18,46,40,109,6.16878640776699,1227.8470873786407,31.775339805825244,22.675533980582525,240.85997572815535,485.2014563106796,100.3356880733945,-63.0,-46.79999999999998,-64.8,-61.2,-50.400000000000006,-43.19999999999999
7,19,29,22,95,7.627812500000001,1572.9005681818182,31.18928977272727,29.17474431818182,231.6314204545455,543.8153409090909,30.21842105263158,-63.0,-39.599999999999994,-64.8,-61.2,-43.19999999999999,-36.0
7,20,22,18,55,8.22563725490196,1822.75,30.444607843137256,32.06794117647058,226.17735294117648,548.7303921568628,61.10272727272727,-63.0,-32.400000000000006,-64.8,-61.2,-36.0,-28.799999999999983
7,21,19,16,64,8.53483606557377,2062.7008196721313,30.58815573770492,32.18901639344262,225.63889344262296,629.938524590164,0.54453125,-63.0,-25.19999999999999,-64.8,-61.2,-28.799999999999983,-21.599999999999994
7,22,16,14,59,7.156991525423728,1800.6313559322034,31.51936440677966,27.092245762711865,232.86398305084745,627.1355932203389,84.5535593220339,-63.0,-18.0,-64.8,-61.2,-21.599999999999994,-14.400000000000006
7,23,17,14,55,8.485833333333332,2049.4460784313724,30.408333333333335,33.98112745098039,223.44313725490196,621.0098039215686,0.4707272727272727,-63.0,-10.799999999999983,-64.8,-61.2,-14.400000000000006,-7.199999999999989
7,24,18,15,69,8.941423076923076,1879.2615384615385,30.55642307692308,31.885115384615382,227.7731923076923,669.8153846153846,76.24942028985507,-63.0,-3.5999999999999943,-64.8,-61.2,-7.199999999999989,0.0
7,25,20,17,61,8.647415254237288,2049.576271186441,30.472203389830508,30.926949152542374,227.93436440677968,642.5084745762712,174.12131147540984,-63.0,3.5999999999999943,-64.8,-61.2,0.0,7.200000000000017
7,26,17,14,68,8.746733870967741,1650.3629032258063,30.780161290322578,32.5645564516129,226.15504032258067,591.3185483870968,0.4870588235294117,-63.0,10.800000000000011,-64.8,-61.2,7.200000000000017,14.400000000000006
7,27,17,14,67,8.774838709677418,1850.0524193548388,30.867782258064516,30.076088709677418,230.27209677419356,636.2096774193549,0.43865671641791043,-63.0,18.0,-64.8,-61.2,14.400000000000006,21.599999999999994
7,28,18,15,73,9.610729166666665,1954.2222222222222,29.964201388888892,35.38135416666667,226.55493055555556,643.8055555555555,0.4410958904109589,-63.0,25.200000000000017,-64.8,-61.2,21.599999999999994,28.80000000000001
7,29,21,17,66,9.05642857142857,2122.563492063492,30.39547619047619,31.99083333333333,226.12123015873016,641.9642857142857,231.87818181818182,-63.0,32.400000000000006,-64.8,-61.2,28.80000000000001,36.0
7,30,21,17,74,10.027847222222222,2029.7118055555557,30.086388888888887,35.49017361111111,224.08447916666668,638.8541666666666,416.3527027027027,-63.0,39.599999999999994,-64.8,-61.2,36.0,43.20000000000002
7,31,21,17,61,9.746,2116.975,30.368833333333335,33.81970833333334,223.359,657.4083333333333,319.6585245901639,-63.0,46.80000000000001,-64.8,-61.2,43.20000000000002,50.400000000000006
7,32,19,17,71,8.450915492957746,1960.2781690140846,31.124507042253523,30.96950704225352,227.7044718309859,577.6267605633802,303.8967605633803,-63.0,54.0,-64.8,-61.2,50.400000000000006,57.599999999999994
7,33,21,18,70,9.197380952380954,1907.0277777777778,30.337936507936508,34.09376984126984,223.87123015873016,604.734126984127,917.2651428571428,-63.0,61.20000000000002,-64.8,-61.2,57.599999999999994,64.80000000000001
7,34,23,20,73,9.330882352941176,2015.1985294117646,30.09970588235294,32.326875,226.77676470588236,644.6360294117648,780.7260273972603,-63.0,68.4,-64.8,-61.2,64.80000000000001,72.0
7,35,22,18,81,9.150324675324676,1873.1525974025974,30.51772727272727,32.36935064935065,226.2051948051948,621.6753246753246,600.6651851851851,-63.0,75.6,-64.8,-61.2,72.0,79.19999999999999
7,36,25,21,102,8.807789473684212,1853.4763157894736,30.600210526315788,30.807605263157892,227.16539473684213,631.9,528.8017647058823,-63.0,82.80000000000001,-64.8,-61.2,79.19999999999999,86.40000000000003
7,37,22,19,78,9.384691780821917,2077.349315068493,30.400102739726027,34.34448630136986,225.29140410958902,625.4280821917808,678.5878205128205,-63.0,90.0,-64.8,-61.2,86.40000000000003,93.60000000000002
7,38,42,36,109,6.104883177570093,1522.9953271028037,31.343294392523365,23.28586448598131,239.7842757009346,544.8691588785047,546.6887155963303,-63.0,97.19999999999999,-64.8,-61.2,93.60000000000002,100.80000000000001
7,39,34,29,90,7.419005681818183,1593.7869318181818,31.20480113636364,26.631164772727274,232.53801136363637,589.6193181818181,448.285,-63.0,104.40000000000003,-64.8,-61.2,100.80000000000001,108.0
7,40,25,22,82,9.586280487804878,2120.7774390243903,30.124298780487806,34.89381097560975,222.6276829268293,619.954268292683,393.7143902439024,-63.0,111.60000000000002,-64.8,-61.2,108.0,115.19999999999999
7,41,25,21,94,9.14576923076923,1796.0906593406594,30.542499999999997,30.651346153846156,226.70832417582417,645.4587912087912,618.6325531914894,-63.0,118.80000000000001,-64.8,-61.2,115.19999999999999,122.40000000000003
7,42,24,20,79,10.5154,2130.8766666666666,29.894399999999997,35.50053333333333,220.80606666666668,675.7366666666667,240.08696202531644,-63.0,126.0,-64.8,-61.2,122.40000000000003,129.60000000000002
7,43,40,35,114,7.618771929824561,1536.4802631578948,31.250021929824563,27.46046052631579,232.7231798245614,500.7861842105263,227.6321052631579,-63.0,133.2,-64.8,-61.2,129.60000000000002,136.8
7,44,23,20,81,8.378376623376623,2048.224025974026,31.03668831168831,30.42301948051948,228.4425974025974,642.1883116883117,308.3001234567901,-63.0,140.40000000000003,-64.8,-61.2,136.8,144.0
7,45,23,20,96,9.008078947368421,1999.0210526315789,30.58665789473684,31.977815789473684,225.6002105263158,628.6973684210526,339.0763541666667,-63.0,147.60000000000002,-64.8,-61.2,144.0,151.2
7,46,23,19,65,9.809224137931034,2153.073275862069,30.107413793103447,33.61310344827586,223.55103448275864,693.6163793103449,204.71815384615385,-63.0,154.8,-64.8,-61.2,151.2,158.40000000000003
7,47,24,21,69,9.881328125,2041.47265625,30.9844140625,33.8669140625,224.65773437500002,594.36328125,83.63797101449276,-63.0,162.0,-64.8,-61.2,158.40000000000003,165.60000000000002
7,48,27,23,77,8.874898648648648,1699.043918918919,31.226790540540545,30.322736486486487,225.67307432432432,595.035472972973,185.18948051948053,-63.0,169.2,-64.8,-61.2,165.60000000000002,172.8
7,49,28,24,78,10.524123376623375,1891.2597402597403,31.400064935064933,33.692337662337664,219.27600649350651,604.7126623376623,0.5082051282051282,-63.0,176.40000000000003,-64.8,-61.2,172.8,180.0
8,0,42,38,110,13.085094339622641,1927.6650943396226,30.77544811320755,37.46384433962264,205.27299528301887,650.121462264151,158.05227272727274,-59.4,-176.4,-61.2,-57.6,-180.0,-172.8
8,1,34,31,110,12.110439814814814,2016.3009259259259,30.635324074074077,37.497962962962966,208.89006944444444,652.1111111111111,119.02418181818182,-59.4,-169.2,-61.2,-57.6,-172.8,-165.6
8,2,31,28,88,12.382264705882355,1947.6147058823528,30.662823529411767,38.167911764705885,209.22773529411768,629.8470588235294,42.17363636363636,-59.4,-162.0,-61.2,-57.6,-165.6,-158.4
8,3,26,23,73,10.875530303030303,2003.7992424242425,30.90003787878788,35.56102272727273,211.68920454545457,597.6704545454545,0.6443835616438356,-59.4,-154.8,-61.2,-57.6,-158.4,-151.2
8,4,24,21,77,9.37685810810811,2003.4594594594594,31.059020270270267,33.55368243243243,221.1043918918919,577.8952702702703,0.6838961038961039,-59.4,-147.6,-61.2,-57.6,-151.2,-144.0
8,5,24,21,62,11.124303278688524,2002.5819672131147,30.681516393442624,36.73819672131148,208.69807377049182,604.7909836065573,0.614516129032258,-59.4,-140.4,-61.2,-57.6,-144.0,-136.8
8,6,32,28,80,12.326428571428572,2048.2402597402597,30.256103896103895,38.22314935064935,207.6111688311688,644.0762987012987,52.030625,-59.4,-133.2,-61.2,-57.6,-136.8,-129.6
8,7,36,34,94,12.068655913978494,1763.5510752688172,30.964946236559143,35.894489247311824,206.49739247311828,614.7177419354839,0.46936170212765954,-59.4,-126.0,-61.2,-57.6,-129.6,-122.4
8,8,33,30,109,12.881177884615385,2030.7091346153845,30.506033653846153,37.51543269230769,210.15735576923078,636.5360576923077,0.44220183486238535,-59.4,-118.8,-61.2,-57.6,-122.4,-115.2
8,9,34,31,79,12.20706081081081,1911.418918918919,30.77976351351351,36.49702702702703,205.9947635135135,619.097972972973,0.4565822784810127,-59.4,-111.6,-61.2,-57.6,-115.2,-108.0
8,10,39,35,103,12.140799999999999,1699.905,30.726799999999997,37.445,203.42127499999998,638.6,0.45805825242718445,-59.4,-104.39999999999999,-61.2,-57.6,-108.0,-100.8
8,11,44,39,132,13.133480769230768,1875.251923076923,31.293307692307692,37.561653846153845,199.67836538461538,653.4125,0.400530303030303,-59.4,-97.2,-61.2,-57.6,-100.8,-93.6
8,12,45,40,143,13.935070921985815,1696.7624113475176,30.878758865248226,39.57560283687943,200.87191489361703,647.9485815602837,0.3637062937062937,-59.4,-90.0,-61.2,-57.6,-93.6,-86.39999999999999
8,13,42,38,135,13.71062030075188,1784.0225563909773,31.2206015037594,38.09445488721804,200.0821804511278,672.4266917293234,0.3948148148148148,-59.4,-82.8,-61.2,-57.6,-86.39999999999999,-79.2
8,14,38,34,119,13.126826086956521,1723.3521739130435,30.896,36.86597826086956,200.35178260869566,603.6739130434783,39.172941176470594,-59.4,-75.6,-61.2,-57.6,-79.2,-72.0
8,15,46,42,121,12.60677966101695,1850.4745762711864,31.091144067796613,36.827987288135596,205.3382838983051,627.2658898305085,27.31801652892562,-59.4,-68.39999999999999,-61.2,-57.6,-72.0,-64.8
8,16,40,36,100,10.934097938144332,1831.479381443299,30.973659793814434,33.142164948453605,215.81639175257732,621.8028350515464,166.53760000000003,-59.4,-61.2,-61.2,-57.6,-64.8,-57.599999999999994
8,17,45,41,116,8.376216814159292,1577.9137168141592,31.367765486725663,28.82150442477876,232.39765486725665,546.3528761061947,180.5346551724138,-59.4,-54.0,-61.2,-57.6,-57.599999999999994,-50.400000000000006
8,18,51,45,127,7.222479838709678,1486.7983870967741,31.855927419354842,23.94598790322581,237.74185483870968,504.95362903225805,196.64905511811023,-59.4,-46.79999999999998,-61.2,-57.6,-50.400000000000006,-43.19999999999999
8,19,24,22,70,8.340492424242424,1983.0416666666667,30.94962121212121,30.083787878787877,227.9328787878788,604.5909090909091,0.7110000000000001,-59.4,-39.599999999999994,-61.2,-57.6,-43.19999999999999,-36.0
8,20,31,29,84,8.275361445783133,1685.563253012048,31.546867469879516,27.531897590361446,233.90313253012047,580.0557228915662,150.47726190476192,-59.4,-32.400000000000006,-61.2,-57.6,-36.0,-28.799999999999983
8,21,30,28,80,8.32109375,1791.915625,30.81240625,31.06690625,229.54778125,530.3921875,92.1005,-59.4,-25.19999999999999,-61.2,-57.6,-28.799999999999983,-21.599999999999994
8,22,23,20,65,9.399596774193547,1858.883064516129,30.693185483870966,33.09762096774193,222.56552419354838,566.5241935483871,0.589076923076923,-59.4,-18.0,-61.2,-57.6,-21.599999999999994,-14.400000000000006
8,23,23,20,58,9.939583333333333,1911.7916666666667,30.642222222222223,33.973194444444445,223.81606481481484,611.2592592592592,0.5281034482758621,-59.4,-10.799999999999983,-61.2,-57.6,-14.400000000000006,-7.199999999999989
8,24,22,19,65,9.924072580645161,2342.8387096774195,30.37,33.24528225806451,221.99334677419355,700.0685483870968,0.5187692307692308,-59.4,-3.5999999999999943,-61.2,-57.6,-7.199999999999989,0.0
8,25,20,17,55,10.359814814814813,2202.8194444444443,30.11287037037037,33.18759259259259,224.2101851851852,661.9305555555555,97.25818181818181,-59.4,3.5999999999999943,-61.2,-57.6,0.0,7.200000000000017
8,26,22,19,65,8.915983606557377,1996.9139344262296,31.298401639344263,30.893688524590164,226.78795081967215,591.2418032786885,85.56615384615385,-59.4,10.800000000000011,-61.2,-57.6,7.200000000000017,14.400000000000006
8,27,20,17,66,9.42531746031746,1841.142857142857,30.639642857142857,33.08190476190476,220.94519841269843,589.734126984127,83.49484848484849,-59.4,18.0,-61.2,-57.6,14.400000000000006,21.599999999999994
8,28,21,17,68,10.776022727272727,2230.257575757576,30.289090909090913,36.97295454545455,217.19030303030303,614.0340909090909,154.11323529411766,-59.4,25.200000000000017,-61.2,-57.6,21.599999999999994,28.80000000000001
8,29,22,18,76,9.107465277777777,2018.8229166666667,31.169618055555556,31.851597222222225,225.75972222222222,591.9097222222222,138.19315789473686,-59.4,32.400000000000006,-61.2,-57.6,28.80000000000001,36.0
8,30,21,19,56,11.092122641509436,1840.117924528302,30.691037735849058,36.19523584905661,216.12528301886792,636.877358490566,94.4632142857143,-59.4,39.599999999999994,-61.2,-57.6,36.0,43.20000000000002
8,31,21,18,78,9.827499999999999,2104.038961038961,30.849935064935067,33.908701298701295,222.84902597402598,640.3376623376623,271.7078205128205,-59.4,46.80000000000001,-61.2,-57.6,43.20000000000002,50.400000000000006
8,32,24,21,81,9.515098684210527,1856.2565789473683,31.033059210526314,31.64180921052632,225.54763157894735,651.546052631579,125.02506172839507,-59.4,54.0,-61.2,-57.6,50.400000000000006,57.599999999999994
8,33,21,18,82,10.911875,2209.2,30.0726875,37.6263125,219.04684375000002,669.284375,289.8248780487805,-59.4,61.20000000000002,-61.2,-57.6,57.599999999999994,64.80000000000001
8,34,20,17,59,9.832455357142857,2067.5133928571427,30.909598214285715,34.067142857142855,216.49058035714285,602.1785714285714,149.8879661016949,-59.4,68.4,-61.2,-57.6,64.80000000000001,72.0
8,35,26,22,81,9.772051282051283,1959.7788461538462,30.248525641025644,34.86679487179487,221.74076923076922,586.8573717948718,292.23,-59.4,75.6,-61.2,-57.6,72.0,79.19999999999999
8,36,26,23,74,8.553840579710146,1791.3369565217392,30.773478260869563,28.568804347826084,229.71891304347827,602.606884057971,224.4743243243243,-59.4,82.80000000000001,-61.2,-57.6,79.19999999999999,86.40000000000003
8,37,24,21,77,10.145308219178082,2195.4931506849316,30.403184931506846,34.035650684931504,216.39681506849317,633.832191780822,702.2350649350649,-59.4,90.0,-61.2,-57.6,86.40000000000003,93.60000000000002
8,38,25,22,83,10.431759259259259,2149.9135802469136,30.296574074074073,35.56925925925926,215.83179012345678,633.1481481481482,528.8927710843374,-59.4,97.19999999999999,-61.2,-57.6,93.60000000000002,100.80000000000001
8,39,23,20,69,10.861269841269841,2189.6468253968255,29.82329365079365,36.632936507936506,216.25452380952382,653.0714285714286,508.8749275362319,-59.4,104.40000000000003,-61.2,-57.6,100.80000000000001,108.0
8,40,26,23,81,10.444736842105263,1896.845394736842,30.93888157894737,34.95217105263158,213.54049342105264,619.016447368421,111.49975308641977,-59.4,111.60000000000002,-61.2,-57.6,108.0,115.19999999999999
8,41,27,24,69,10.132765151515152,2058.530303030303,31.21314393939394,33.752272727272725,216.43151515151516,632.4734848484849,260.5386956521739,-59.4,118.80000000000001,-61.2,-57.6,115.19999999999999,122.40000000000003
8,42,27,24,82,11.36721153846154,2084.028846153846,30.437948717948718,36.35003205128206,215.86525641025642,651.8942307692307,115.30231707317074,-59.4,126.0,-61.2,-57.6,122.40000000000003,129.60000000000002
8,43,28,25,79,10.697433333333333,2003.7766666666666,30.811066666666665,34.633766666666666,216.04153333333332,646.3266666666667,169.7245569620253,-59.4,133.2,-61.2,-57.6,129.60000000000002,136.8
8,44,30,27,90,10.541724137931034,2215.132183908046,30.58594827586207,32.42747126436782,216.6338793103448,665.4425287356322,277.18066666666664,-59.4,140.40000000000003,-61.2,-57.6,136.8,144.0
8,45,29,26,100,9.87213917525773,1844.8737113402062,31.158865979381442,33.005747422680415,220.82646907216494,604.1056701030927,138.10139999999998,-59.4,147.60000000000002,-61.2,-57.6,144.0,151.2
8,46,32,29,95,11.165219780219779,2078.6401098901097,30.46195054945055,36.65747252747253,212.92936813186816,600.9230769230769,55.31852631578948,-59.4,154.8,-61.2,-57.6,151.2,158.40000000000003
8,47,34,31,86,12.107259036144578,2038.5813253012047,30.214036144578312,37.64123493975904,212.1234638554217,618.7710843373494,135.56662790697675,-59.4,162.0,-61.2,-57.6,158.40000000000003,165.60000000000002
8,48,45,40,129,13.265396825396826,1832.656746031746,30.835496031746032,38.150376984126986,199.4802777777778,636.9017857142857,227.59472868217054,-59.4,169.2,-61.2,-57.6,165.60000000000002,172.8
8,49,45,41,109,11.991033653846156,1840.6971153846155,31.525264423076923,33.693461538461534,201.80132211538464,634.4387019230769,125.92706422018348,-59.4,176.40000000000003,-61.2,-57.6,172.8,180.0
9,0,49,45,153,13.386003289473683,1585.3980263157894,31.103815789473682,35.36610197368421,197.57373355263158,626.0912828947369,65.19575163398692,-55.8,-176.4,-57.6,-54.0,-180.0,-172.8
9,1,52,46,173,13.714171597633136,1788.5976331360946,31.06165680473373,37.57332840236686,195.48899408284024,639.3727810650887,29.03138728323699,-55.8,-169.2,-57.6,-54.0,-172.8,-165.6
9,2,48,42,143,13.324964788732395,1751.8609154929577,31.13734154929578,37.00480633802817,197.0348943661972,613.3838028169014,96.94090909090909,-55.8,-162.0,-57.6,-54.0,-165.6,-158.4
9,3,51,46,147,12.866362068965516,1765.4810344827586,30.767068965517243,36.536948275862066,203.86908620689655,611.1879310344827,49.034897959183674,-55.8,-154.8,-57.6,-54.0,-158.4,-151.2
9,4,51,46,124,12.465125,1821.9354166666667,31.1020625,35.55195833333333,201.50058333333334,624.0583333333333,0.5362903225806451,-55.8,-147.6,-57.6,-54.0,-151.2,-144.0
9,5,53,49,138,13.827555555555556,1697.414814814815,31.00296296296296,37.655277777777776,195.08683333333335,617.45,0.457463768115942,-55.8,-140.4,-57.6,-54.0,-144.0,-136.8
9,6,53,49,149,13.324761904761905,1584.7534013605443,30.687159863945578,37.0509693877551,202.2962074829932,600.593537414966,0.507986577181208,-55.8,-133.2,-57.6,-54.0,-136.8,-129.6
9,7,58,52,179,13.022414772727274,1727.5042613636363,31.565071022727274,36.22774147727273,195.159375,615.6860795454545,0.4744692737430168,-55.8,-126.0,-57.6,-54.0,-129.6,-122.4
9,8,56,50,175,13.93295588235294,1796.2867647058824,31.079985294117645,38.082,194.06751470588236,634.0220588235294,0.47537142857142856,-55.8,-118.8,-57.6,-54.0,-122.4,-115.2
9,9,47,43,133,13.956071428571429,1754.654135338346,30.990864661654133,37.766729323308276,193.64785714285716,649.1447368421053,0.47345864661654136,-55.8,-111.6,-57.6,-54.0,-115.2,-108.0
9,10,46,41,148,13.999965034965035,1660.1083916083917,31.18414335664336,38.45417832167832,196.65437062937065,662.3601398601398,0.4766891891891892,-55.8,-104.39999999999999,-57.6,-54.0,-108.0,-100.8
9,11,42,36,129,14.022222222222222,1984.125,30.649761904761903,41.287420634920636,198.2251587301587,624.7539682539683,0.43387596899224806,-55.8,-97.2,-57.6,-54.0,-100.8,-93.6
9,12,46,41,137,14.360807692307691,1701.0288461538462,30.852288461538464,37.84067307692308,196.47467307692307,630.2961538461539,0.40021897810218976,-55.8,-90.0,-57.6,-54.0,-93.6,-86.39999999999999
9,13,46,41,173,13.802427325581395,1642.9636627906978,30.79058139534884,38.3316715116279,200.91661337209302,637.1511627906976,0.46213872832369945,-55.8,-82.8,-57.6,-54.0,-86.39999999999999,-79.2
9,14,57,51,155,14.118798701298703,1728.6866883116884,31.030275974025976,38.508327922077925,197.0009577922078,625.400974025974,0.49180645161290326,-55.8,-75.6,-57.6,-54.0,-79.2,-72.0
9,15,112,102,253,14.31105,1134.081,31.10095,35.80346,201.27897000000002,455.70590000000004,7.532766798418972,-55.8,-68.39999999999999,-57.6,-54.0,-72.0,-64.8
9,16,87,79,218,13.908551401869158,1501.0595794392523,31.13790887850467,33.81353971962617,206.32280373831776,535.2266355140187,40.39302752293578,-55.8,-61.2,-57.6,-54.0,-64.8,-57.599999999999994
9,17,66,61,157,12.921477272727273,1522.094155844156,31.19722402597403,33.54511363636364,212.00287337662337,592.7702922077922,36.7412101910828,-55.8,-54.0,-57.6,-54.0,-57.599999999999994,-50.400000000000006
9,18,36,32,93,12.199203296703297,1890.1703296703297,31.1214010989011,35.127445054945056,206.7493131868132,592.092032967033,38.22376344086022,-55.8,-46.79999999999998,-57.6,-54.0,-50.400000000000006,-43.19999999999999
9,19,45,40,124,10.230696721311475,1738.922131147541,31.31219262295082,31.2956762295082,219.21375,579.8821721311475,159.9233870967742,-55.8,-39.599999999999994,-57.6,-54.0,-43.19999999999999,-36.0
9,20,40,35,102,9.178625,1480.155,31.56765,28.1399,225.814825,546.9525,268.0119607843137,-55.8,-32.400000000000006,-57.6,-54.0,-36.0,-28.799999999999983
9,21,34,31,108,9.77058962264151,1930.252358490566,31.276721698113207,30.910613207547172,223.94433962264154,593.0518867924528,65.87768518518519,-55.8,-25.19999999999999,-57.6,-54.0,-28.799999999999983,-21.599999999999994
9,22,25,23,65,10.017421875,1865.7890625,31.0316015625,32.86375,215.6365625,632.08984375,0.543076923076923,-55.8,-18.0,-57.6,-54.0,-21.599999999999994,-14.400000000000006
9,23,27,24,84,9.76824074074074,1864.2962962962963,31.363240740740743,32.330493827160495,220.87564814814817,616.3395061728395,0.5732142857142857,-55.8,-10.799999999999983,-57.6,-54.0,-14.400000000000006,-7.199999999999989
9,24,30,26,96,9.397102272727274,1801.8664772727273,31.2021875,30.983267045454546,226.4665340909091,586.4602272727273,73.41708333333334,-55.8,-3.5999999999999943,-57.6,-54.0,-7.199999999999989,0.0
9,25,28,24,75,9.36298611111111,1821.5659722222222,30.903784722222227,31.405868055555555,224.82534722222223,558.3888888888889,61.27506666666667,-55.8,3.5999999999999943,-57.6,-54.0,0.0,7.200000000000017
9,26,22,19,77,9.305376712328767,2059.0856164383563,30.745684931506847,32.00345890410959,224.6429794520548,610.2397260273973,49.05246753246753,-55.8,10.800000000000011,-57.6,-54.0,7.200000000000017,14.400000000000006
9,27,23,20,71,9.112499999999999,2008.7205882352941,30.582205882352945,31.691176470588236,226.04121323529412,608.4926470588235,66.39225352112676,-55.8,18.0,-57.6,-54.0,14.400000000000006,21.599999999999994
9,28,26,23,92,10.378230337078652,1925.9325842696628,30.31879213483146,34.753792134831464,221.15224719101124,615.8623595505618,50.07326086956522,-55.8,25.200000000000017,-57.6,-54.0,21.599999999999994,28.80000000000001
9,29,26,23,74,10.100659722222222,1869.5104166666667,30.85576388888889,33.8071875,215.5690277777778,572.2309027777778,217.71891891891892,-55.8,32.400000000000006,-57.6,-54.0,28.80000000000001,36.0
9,30,31,28,80,10.304902597402597,2232.4155844155844,31.00733766233766,34.10555194805195,216.98905844155846,633.2305194805194,244.72025,-55.8,39.599999999999994,-57.6,-54.0,36.0,43.20000000000002
9,31,31,28,92,9.74924418604651,1884.2994186046512,31.106482558139533,32.2997965116279,217.4871220930233,618.7049418604652,152.09304347826085,-55.8,46.80000000000001,-57.6,-54.0,43.20000000000002,50.400000000000006
9,32,30,26,86,9.710802469135803,1776.1882716049383,31.520925925925926,32.10753086419753,219.88320987654322,603.4645061728395,0.4882558139534884,-55.8,54.0,-57.6,-54.0,50.400000000000006,57.599999999999994
9,33,28,25,77,10.364760273972601,2204.123287671233,31.114657534246575,33.97198630136986,215.32958904109591,645.0719178082192,0.4567532467532468,-55.8,61.20000000000002,-57.6,-54.0,57.599999999999994,64.80000000000001
9,34,31,28,92,10.352972222222222,2018.3722222222223,30.616222222222223,33.58591666666667,217.05177777777777,627.4055555555556,205.4890217391304,-55.8,68.4,-57.6,-54.0,64.80000000000001,72.0
9,35,30,26,75,11.071549295774648,2108.9014084507044,31.311795774647884,36.038626760563375,215.17799295774648,618.862676056338,53.10786666666666,-55.8,75.6,-57.6,-54.0,72.0,79.19999999999999
9,36,32,29,84,9.368117283950617,2061.8796296296296,31.60827160493827,29.93944444444444,219.96024691358022,622.5061728395061,270.2792857142857,-55.8,82.80000000000001,-57.6,-54.0,79.19999999999999,86.40000000000003
9,37,33,30,92,11.841205882352941,1822.9764705882353,30.746499999999997,35.30223529411765,210.86694117647056,629.0852941176471,46.268369565217384,-55.8,90.0,-57.6,-54.0,86.40000000000003,93.60000000000002
9,38,32,29,83,11.442530864197531,2175.895061728395,30.47385802469136,37.23191358024691,214.81706790123457,632.8641975308642,201.43626506024094,-55.8,97.19999999999999,-57.6,-54.0,93.60000000000002,100.80000000000001
9,39,30,27,94,11.531348314606742,2073.196629213483,29.788370786516854,37.81932584269663,213.97960674157304,652.7528089887641,304.0309574468085,-55.8,104.40000000000003,-57.6,-54.0,100.80000000000001,108.0
9,40,35,33,102,11.951964285714286,1961.545918367347,30.70163265306123,36.875,210.62380102040817,644.2908163265306,74.76401960784314,-55.8,111.60000000000002,-57.6,-54.0,108.0,115.19999999999999
9,41,44,41,128,12.615423387096774,1897.5060483870968,31.030423387096775,34.80667338709677,209.21360887096773,659.141129032258,104.2990625,-55.8,118.80000000000001,-57.6,-54.0,115.19999999999999,122.40000000000003
9,42,40,37,115,12.286600877192981,1725.1162280701753,31.011578947368424,33.91513157894737,212.0810745614035,627.6140350877193,42.436086956521734,-55.8,126.0,-57.6,-54.0,122.40000000000003,129.60000000000002
9,43,48,43,142,13.17525179856115,1805.4064748201438,30.810827338129496,38.94251798561151,207.08938848920863,632.9046762589928,62.431408450704225,-55.8,133.2,-57.6,-54.0,129.60000000000002,136.8
9,44,43,39,101,12.031045918367347,1732.8622448979593,31.617270408163268,33.44125,212.66872448979592,604.8469387755102,62.56158415841585,-55.8,140.40000000000003,-57.6,-54.0,136.8,144.0
9,45,48,45,115,12.31972972972973,1873.3265765765766,30.662387387387387,35.795315315315314,208.84725225225228,628.027027027027,137.1655652173913,-55.8,147.60000000000002,-57.6,-54.0,144.0,151.2
9,46,55,49,160,13.272548387096773,1574.4887096774194,31.314048387096772,35.784387096774196,203.8883387096774,581.424193548387,44.007625000000004,-55.8,154.8,-57.6,-54.0,151.2,158.40000000000003
9,47,66,59,165,13.782407407407407,1742.1327160493827,31.274768518518517,36.07981481481482,201.1836728395062,599.5655864197531,116.31563636363637,-55.8,162.0,-57.6,-54.0,158.40000000000003,165.60000000000002
9,48,75,67,193,14.043219895287958,1555.7120418848167,31.540850785340314,34.242617801047125,201.5116230366492,594.553664921466,53.6380310880829,-55.8,169.2,-57.6,-54.0,165.60000000000002,172.8
9,49,51,45,158,14.03466129032258,1932.6145161290322,30.660677419354837,39.344887096774194,196.55743548387096,641.8758064516129,67.61481012658227,-55.8,176.40000000000003,-57.6,-54.0,172.8,180.0
10,0,60,54,157,13.963890728476821,1450.2897350993378,31.44341059602649,36.03099337748345,196.604619205298,617.3418874172186,0.49019108280254775,-52.199999999999996,-176.4,-54.0,-50.4,-180.0,-172.8
10,1,56,51,195,14.433541666666668,1617.6432291666667,31.206263020833333,37.415598958333334,195.13256510416667,656.6341145833334,0.445025641025641,-52.199999999999996,-169.2,-54.0,-50.4,-172.8,-165.6
10,2,58,51,168,13.423819018404908,1693.7193251533743,31.6265490797546,34.68794478527607,191.5899693251534,647.260736196319,0.5057142857142857,-52.199999999999996,-162.0,-54.0,-50.4,-165.6,-158.4
10,3,57,50,151,14.60154109589041,1577.3458904109589,31.44376712328767,37.50671232876713,192.86296232876714,627.9143835616438,0.5070860927152319,-52.199999999999996,-154.8,-54.0,-50.4,-158.4,-151.2
10,4,55,48,164,14.747515625,1595.6640625,31.234859375000003,39.0655,192.684875,628.3,27.811219512195123,-52.199999999999996,-147.6,-54.0,-50.4,-151.2,-144.0
10,5,62,56,171,14.684341317365268,1458.124251497006,31.453323353293413,36.4127994011976,197.32323353293415,661.1661676646706,0.5481286549707602,-52.199999999999996,-140.4,-54.0,-50.4,-144.0,-136.8
10,6,59,52,190,14.067394179894182,1606.8783068783068,31.151838624338627,37.38353174603175,194.69997354497355,618.8386243386243,0.5345263157894737,-52.199999999999996,-133.2,-54.0,-50.4,-136.8,-129.6
10,7,53,47,157,13.796698717948717,1532.488782051282,31.134775641025637,36.843141025641025,196.89533653846155,596.1939102564103,0.5964968152866242,-52.199999999999996,-126.0,-54.0,-50.4,-129.6,-122.4
10,8,57,50,151,14.877874149659865,1696.3248299319728,30.805901360544215,38.8375,191.68833333333333,672.1428571428571,0.5527814569536423,-52.199999999999996,-118.8,-54.0,-50.4,-122.4,-115.2
10,9,54,48,167,13.467546296296295,1721.8317901234568,31.31027777777778,36.60074074074074,193.06628086419752,625.858024691358,0.5429940119760479,-52.199999999999996,-111.6,-54.0,-50.4,-115.2,-108.0
10,10,51,45,149,14.657516891891891,1763.2111486486488,30.762753378378378,39.145337837837836,194.62841216216216,663.1368243243244,0.4812751677852349,-52.199999999999996,-104.39999999999999,-54.0,-50.4,-108.0,-100.8
10,11,48,42,142,15.200803571428573,1617.8214285714287,30.864017857142855,39.32541071428572,197.76628571428571,662.975,0.4553521126760563,-52.199999999999996,-97.2,-54.0,-50.4,-100.8,-93.6
10,12,47,43,150,14.532705479452055,1675.1147260273972,30.74946917808219,38.83710616438356,191.4991609589041,677.9845890410959,0.4350666666666667,-52.199999999999996,-90.0,-54.0,-50.4,-93.6,-86.39999999999999
10,13,51,44,178,14.14564655172414,1628.2011494252874,30.971465517241377,38.35793103448276,197.44054597701148,628.4784482758621,0.4800561797752809,-52.199999999999996,-82.8,-54.0,-50.4,-86.39999999999999,-79.2
10,14,98,93,224,14.198186936936937,1165.2961711711712,31.2055518018018,37.114763513513516,196.46235360360362,438.33637387387387,1.0253124999999998,-52.199999999999996,-75.6,-54.0,-50.4,-79.2,-72.0
10,15,105,95,239,14.99,1008.882911392405,30.887383966244727,35.231329113924055,207.3723312236287,474.0267932489452,2.942845188284519,-52.199999999999996,-68.39999999999999,-54.0,-50.4,-72.0,-64.8
10,16,109,99,326,14.247856037151703,1023.171052631579,31.305704334365327,32.77845975232198,212.89565789473684,440.4165634674922,8.192914110429447,-52.199999999999996,-61.2,-54.0,-50.4,-64.8,-57.599999999999994
10,17,80,71,212,14.134214285714286,1527.7690476190476,31.426773809523812,34.21770238095238,205.4172023809524,583.1184523809524,8.189009433962266,-52.199999999999996,-54.0,-54.0,-50.4,-57.599999999999994,-50.400000000000006
10,18,64,57,188,13.379279891304348,1594.6698369565217,31.137187500000003,34.86610054347826,206.6473233695652,614.8430706521739,23.655319148936176,-52.199999999999996,-46.79999999999998,-54.0,-50.4,-50.400000000000006,-43.19999999999999
10,19,60,55,130,11.711476377952756,1445.2972440944882,31.066771653543306,31.52759842519685,216.39080708661416,588.5374015748032,196.09784615384615,-52.199999999999996,-39.599999999999994,-54.0,-50.4,-43.19999999999999,-36.0
10,20,49,46,135,11.94507874015748,1530.2618110236222,30.88301181102362,33.36307086614173,215.4362401574803,624.0492125984252,149.07377777777776,-52.199999999999996,-32.400000000000006,-54.0,-50.4,-36.0,-28.799999999999983
10,21,46,43,127,12.69745867768595,1708.6962809917356,30.93512396694215,35.256053719008264,212.40384297520663,631.6931818181819,0.4473228346456693,-52.199999999999996,-25.19999999999999,-54.0,-50.4,-28.799999999999983,-21.599999999999994
10,22,38,35,116,12.382790178571428,1797.299107142857,30.667924107142856,35.96044642857143,207.1706919642857,631.9497767857143,0.4856896551724138,-52.199999999999996,-18.0,-54.0,-50.4,-21.599999999999994,-14.400000000000006
10,23,36,33,106,11.516619047619047,1739.904761904762,30.810214285714288,32.78790476190476,213.08942857142856,610.2607142857142,0.509622641509434,-52.199999999999996,-10.799999999999983,-54.0,-50.4,-14.400000000000006,-7.199999999999989
10,24,41,36,98,10.025103092783505,1784.3505154639174,31.599896907216497,30.48103092783505,219.7632731958763,600.319587628866,0.5909183673469388,-52.199999999999996,-3.5999999999999943,-54.0,-50.4,-7.199999999999989,0.0
10,25,47,43,94,10.634032258064517,1557.5591397849462,31.53709677419355,31.31255376344086,214.25833333333335,557.8400537634409,0.4788297872340425,-52.199999999999996,3.5999999999999943,-54.0,-50.4,0.0,7.200000000000017
10,26,37,35,107,10.597780373831776,1669.7990654205607,30.885070093457944,32.78411214953271,217.6907476635514,594.0630841121496,0.5879439252336448,-52.199999999999996,10.800000000000011,-54.0,-50.4,7.200000000000017,14.400000000000006
10,27,35,30,91,10.930527777777778,1884.0916666666667,31.176472222222223,31.86958333333333,216.83319444444444,636.4930555555555,33.48626373626374,-52.199999999999996,18.0,-54.0,-50.4,14.400000000000006,21.599999999999994
10,28,31,28,101,10.655841836734695,1838.2270408163265,31.356122448979594,33.58887755102041,212.5701530612245,603.093112244898,0.5110891089108911,-52.199999999999996,25.200000000000017,-54.0,-50.4,21.599999999999994,28.80000000000001
10,29,41,37,106,11.777692307692309,1888.8100961538462,30.700120192307693,35.385697115384616,214.34043269230767,611.2944711538462,91.70537735849057,-52.199999999999996,32.400000000000006,-54.0,-50.4,28.80000000000001,36.0
10,30,41,38,125,11.32198347107438,1858.6280991735537,30.56512396694215,35.20727272727272,216.00621900826445,593.5888429752066,95.73183999999999,-52.199999999999996,39.599999999999994,-54.0,-50.4,36.0,43.20000000000002
10,31,55,49,135,11.31429104477612,1683.794776119403,31.015018656716418,34.08876865671642,218.2073880597015,574.3899253731344,0.48274074074074075,-52.199999999999996,46.80000000000001,-54.0,-50.4,43.20000000000002,50.400000000000006
10,32,43,39,121,11.860911016949153,1839.5656779661017,31.330953389830512,34.4260593220339,211.57362288135593,642.0190677966102,35.57619834710744,-52.199999999999996,54.0,-54.0,-50.4,50.400000000000006,57.599999999999994
10,33,45,41,125,12.441115702479339,1794.5227272727273,30.90175619834711,35.7470041322314,208.4301033057851,646.0909090909091,110.8536,-52.199999999999996,61.20000000000002,-54.0,-50.4,57.599999999999994,64.80000000000001
10,34,58,52,146,10.887341549295774,1665.5845070422536,31.43806338028169,33.132077464788736,212.96829225352113,584.9507042253521,85.1559589041096,-52.199999999999996,68.4,-54.0,-50.4,64.80000000000001,72.0
10,35,59,53,158,9.935551948051948,1440.4545454545455,32.01186688311689,28.136136363636364,220.38126623376627,482.90097402597405,87.4120253164557,-52.199999999999996,75.6,-54.0,-50.4,72.0,79.19999999999999
10,36,45,42,115,11.879263392857142,1855.828125,31.359441964285715,32.79194196428572,210.4273660714286,617.2042410714286,127.46773913043478,-52.199999999999996,82.80000000000001,-54.0,-50.4,79.19999999999999,86.40000000000003
10,37,46,42,160,13.167775974025975,1684.982142857143,31.149350649350648,35.27899350649351,206.07204545454547,659.5056818181819,80.6538125,-52.199999999999996,90.0,-54.0,-50.4,86.40000000000003,93.60000000000002
10,38,46,42,128,13.89458984375,1856.07421875,31.1112109375,37.43990234375,203.93390625,660.8271484375,146.87875,-52.199999999999996,97.19999999999999,-54.0,-50.4,93.60000000000002,100.80000000000001
10,39,43,39,129,13.679468503937008,1773.9507874015749,31.0421062992126,38.18909448818898,203.17812992125985,662.8927165354331,29.974418604651166,-52.199999999999996,104.40000000000003,-54.0,-50.4,100.80000000000001,108.0
10,40,43,39,134,13.148288461538462,1895.1615384615384,31.00326923076923,37.120865384615385,206.02690384615386,631.5567307692307,27.15858208955224,-52.199999999999996,111.60000000000002,-54.0,-50.4,108.0,115.19999999999999
10,41,48,43,138,13.923704379562043,1755.7025547445255,31.19167883211679,37.35456204379562,199.7737408759124,646.5647810218978,0.377536231884058,-52.199999999999996,118.80000000000001,-54.0,-50.4,115.19999999999999,122.40000000000003
10,42,48,42,144,13.975744680851063,1829.163120567376,31.231631205673757,36.97758865248227,201.58957446808512,626.9468085106383,0.38840277777777776,-52.199999999999996,126.0,-54.0,-50.4,122.40000000000003,129.60000000000002
10,43,54,46,170,14.440242424242424,1800.3136363636363,30.81057575757576,39.49631818181818,199.9086515151515,638.7863636363636,0.48911764705882355,-52.199999999999996,133.2,-54.0,-50.4,129.60000000000002,136.8
10,44,57,49,164,13.414515625000002,1744.28125,31.298140625000002,36.20840625,202.27467187500002,606.66875,23.410731707317073,-52.199999999999996,140.40000000000003,-54.0,-50.4,136.8,144.0
10,45,55,47,165,14.3670625,1639.19375,30.975937499999997,37.451109375,201.39509375,608.359375,0.5323030303030303,-52.199999999999996,147.60000000000002,-54.0,-50.4,144.0,151.2
10,46,63,52,187,13.528612637362638,1644.6346153846155,31.380398351648353,35.769574175824175,196.9171978021978,625.8990384615385,113.82823529411765,-52.199999999999996,154.8,-54.0,-50.4,151.2,158.40000000000003
10,47,86,74,227,13.391547085201793,1417.3699551569507,31.864910313901344,32.65066143497758,197.37336322869956,585.0745515695068,62.837268722466966,-52.199999999999996,162.0,-54.0,-50.4,158.40000000000003,165.60000000000002
10,48,118,106,362,14.090188547486035,1106.0328212290503,32.08319134078212,31.51402932960894,203.957562849162,449.0356145251397,59.02941988950277,-52.199999999999996,169.2,-54.0,-50.4,165.60000000000002,172.8
10,49,88,78,211,13.672692307692309,1410.8100961538462,31.67090144230769,33.46170673076923,198.71802884615383,581.5054086538462,9.538767772511848,-52.199999999999996,176.40000000000003,-54.0,-50.4,172.8,180.0
11,0,93,82,244,13.883724066390041,1290.869294605809,32.1479356846473,33.5717531120332,198.51335062240665,566.4149377593361,14.699590163934428,-48.6,-176.4,-50.4,-46.8,-180.0,-172.8
11,1,67,57,227,14.654677777777778,1690.9422222222222,31.50331111111111,37.74517777777778,195.20424444444444,636.3355555555555,0.4985462555066079,-48.6,-169.2,-50.4,-46.8,-172.8,-165.6
11,2,63,54,197,15.563730769230768,1488.924358974359,31.247,38.463115384615385,193.6076153846154,658.7141025641025,49.90558375634517,-48.6,-162.0,-50.4,-46.8,-165.6,-158.4
11,3,60,53,205,14.897389162561577,1502.5443349753696,31.611293103448276,36.87129310344828,189.77334975369456,671.6502463054187,23.34141463414634,-48.6,-154.8,-50.4,-46.8,-158.4,-151.2
11,4,61,55,189,14.938337765957446,1545.6183510638298,31.176662234042553,39.334800531914894,192.0735904255319,637.3144946808511,0.5617989417989419,-48.6,-147.6,-50.4,-46.8,-151.2,-144.0
11,5,59,53,176,14.480219298245613,1572.9502923976609,31.434590643274856,35.32837719298246,190.37701754385967,652.5555555555555,0.5652272727272728,-48.6,-140.4,-50.4,-46.8,-144.0,-136.8
11,6,61,52,198,13.92830310880829,1519.7396373056995,31.51670984455959,37.3455310880829,191.70893782383422,656.5077720207254,23.62040404040404,-48.6,-133.2,-50.4,-46.8,-136.8,-129.6
11,7,61,54,193,14.329908854166668,1620.5494791666667,31.2127734375,38.394453125,193.83442708333334,631.791015625,0.6013989637305699,-48.6,-126.0,-50.4,-46.8,-129.6,-122.4
11,8,64,57,189,14.414867724867724,1533.9272486772486,31.075820105820107,37.62899470899471,190.55630952380955,647.2261904761905,0.636984126984127,-48.6,-118.8,-50.4,-46.8,-122.4,-115.2
11,9,60,54,195,14.948562176165805,1580.5012953367875,31.157370466321247,39.75314766839378,190.24720207253887,654.4339378238342,0.5822564102564103,-48.6,-111.6,-50.4,-46.8,-115.2,-108.0
11,10,57,51,196,14.750727513227512,1491.9933862433863,31.359232804232807,37.15181216931217,194.0973544973545,658.4656084656085,0.5890306122448979,-48.6,-104.39999999999999,-50.4,-46.8,-108.0,-100.8
11,11,56,51,181,14.799042857142856,1409.8485714285714,31.411142857142856,37.75632857142857,193.6005714285714,641.1171428571429,0.5084530386740331,-48.6,-97.2,-50.4,-46.8,-100.8,-93.6
11,12,55,50,162,14.637547770700635,1568.562101910828,31.06781847133758,37.94396496815287,192.99466560509552,679.0143312101911,0.5583333333333333,-48.6,-90.0,-50.4,-46.8,-93.6,-86.39999999999999
11,13,60,55,196,15.421119791666667,1539.0013020833333,31.076263020833334,41.42490885416667,192.5331640625,657.902734375,21.191479591836732,-48.6,-82.8,-50.4,-46.8,-86.39999999999999,-79.2
11,14,95,90,209,15.166060975609756,1121.870731707317,31.21448780487805,39.22284146341463,192.7895487804878,486.50256097560975,18.752727272727274,-48.6,-75.6,-50.4,-46.8,-79.2,-72.0
11,15,76,70,129,15.4049609375,1052.896484375,31.05017578125,35.05515625,209.08060546875,455.125390625,1.8849612403100775,-48.6,-68.39999999999999,-50.4,-46.8,-72.0,-64.8
11,16,120,111,372,14.589405405405405,949.7858108108109,31.348695945945945,33.12618243243243,211.09833783783782,461.3918918918919,9.66462365591398,-48.6,-61.2,-50.4,-46.8,-64.8,-57.599999999999994
11,17,79,73,202,14.747675,1339.835,31.50565,36.1839375,203.6236375,605.68875,81.83277227722773,-48.6,-54.0,-50.4,-46.8,-57.599999999999994,-50.400000000000006
11,18,64,58,212,15.165837320574163,1399.688995215311,31.173086124401916,35.06038277511961,200.95502392344497,671.8403110047847,41.09042452830189,-48.6,-46.79999999999998,-50.4,-46.8,-50.400000000000006,-43.19999999999999
11,19,64,57,185,14.348770718232045,1444.8563535911603,31.327624309392267,35.194488950276245,204.2820994475138,670.6995856353591,0.439027027027027,-48.6,-39.599999999999994,-50.4,-46.8,-43.19999999999999,-36.0
11,20,58,51,186,14.331521739130435,1616.7065217391305,31.105149456521737,36.366970108695654,202.16434782608695,685.3267663043479,0.44741935483870965,-48.6,-32.400000000000006,-50.4,-46.8,-36.0,-28.799999999999983
11,21,61,53,182,13.94348611111111,1609.6097222222222,31.25947222222222,36.280249999999995,205.53491666666667,645.6618055555556,0.41274725274725277,-48.6,-25.19999999999999,-50.4,-46.8,-28.799999999999983,-21.599999999999994
11,22,60,54,163,14.237638888888888,1609.412037037037,31.2350462962963,36.483472222222225,204.67936728395063,625.6118827160494,0.42325153374233127,-48.6,-18.0,-50.4,-46.8,-21.599999999999994,-14.400000000000006
11,23,60,53,172,14.309760479041916,1645.1497005988024,31.286976047904194,36.84344311377246,202.48693113772453,627.1422155688623,0.42209302325581394,-48.6,-10.799999999999983,-50.4,-46.8,-14.400000000000006,-7.199999999999989
11,24,56,50,157,13.9462012987013,1606.775974025974,31.374805194805198,34.61060064935065,203.21022727272728,632.3798701298701,0.45993630573248406,-48.6,-3.5999999999999943,-50.4,-46.8,-7.199999999999989,0.0
11,25,62,56,184,14.235081521739131,1550.3573369565217,31.550489130434784,35.65072010869565,203.40349184782607,605.4952445652174,0.4038586956521739,-48.6,3.5999999999999943,-50.4,-46.8,0.0,7.200000000000017
11,26,71,64,195,14.413147668393783,1605.717616580311,31.481062176165803,33.78343264248705,202.64801813471502,619.1366580310881,0.37876923076923075,-48.6,10.800000000000011,-50.4,-46.8,7.200000000000017,14.400000000000006
11,27,51,47,139,13.599730215827337,1726.320143884892,31.17185251798561,35.83841726618705,203.51026978417266,661.8192446043165,0.3727338129496403,-48.6,18.0,-50.4,-46.8,14.400000000000006,21.599999999999994
11,28,50,46,143,14.436852517985612,1766.2374100719423,30.564676258992804,38.09784172661871,202.08224820143883,637.3902877697842,0.3704195804195804,-48.6,25.200000000000017,-50.4,-46.8,21.599999999999994,28.80000000000001
11,29,61,54,167,13.864771341463417,1506.6371951219512,31.26138719512195,35.78463414634147,204.65112804878052,682.1280487804878,0.438562874251497,-48.6,32.400000000000006,-50.4,-46.8,28.80000000000001,36.0
11,30,52,47,142,13.32279411764706,1642.8841911764705,31.202757352941177,36.873198529411766,205.79034926470587,606.0919117647059,29.11830985915493,-48.6,39.599999999999994,-50.4,-46.8,36.0,43.20000000000002
11,31,56,50,159,13.724219745222928,1642.2531847133757,31.182468152866242,36.30240445859872,205.88234076433122,643.5111464968153,28.549937106918236,-48.6,46.80000000000001,-50.4,-46.8,43.20000000000002,50.400000000000006
11,32,49,44,153,13.107023026315789,1922.0888157894738,31.023338815789472,37.27116776315789,206.08986842105264,673.2516447368421,49.33784313725491,-48.6,54.0,-50.4,-46.8,50.400000000000006,57.599999999999994
11,33,61,55,167,13.737042682926829,1582.5899390243903,31.231829268292685,37.760503048780485,205.9067530487805,623.750762195122,32.52760479041916,-48.6,61.20000000000002,-50.4,-46.8,57.599999999999994,64.80000000000001
11,34,87,79,251,12.270358565737052,1250.3705179282867,31.66238047808765,30.121085657370518,214.6710856573705,516.8391434262949,44.3003984063745,-48.6,68.4,-50.4,-46.8,64.80000000000001,72.0
11,35,74,68,205,12.986728855721394,1555.347014925373,31.685335820895524,32.67360696517413,208.97509950248758,623.5976368159204,128.728,-48.6,75.6,-50.4,-46.8,72.0,79.19999999999999
11,36,52,46,160,14.223837579617834,1599.9299363057326,31.53187898089172,36.687738853503184,200.18278662420383,633.6114649681529,45.4879375,-48.6,82.80000000000001,-50.4,-46.8,79.19999999999999,86.40000000000003
11,37,56,48,160,14.36824193548387,1873.1822580645162,31.480306451612904,37.90598387096774,198.81001612903228,646.733870967742,47.090625,-48.6,90.0,-50.4,-46.8,86.40000000000003,93.60000000000002
11,38,58,50,161,14.578852201257861,1653.7814465408806,31.42086477987422,38.215330188679246,199.8309748427673,636.627358490566,0.4432298136645963,-48.6,97.19999999999999,-50.4,-46.8,93.60000000000002,100.80000000000001
11,39,57,50,171,14.486400602409638,1579.1490963855422,31.474623493975905,36.80935240963856,200.87701807228916,653.8682228915662,0.4472514619883041,-48.6,104.40000000000003,-50.4,-46.8,100.80000000000001,108.0
11,40,58,50,175,14.52280523255814,1648.8982558139535,31.452296511627907,37.23876453488372,199.92712209302329,644.6213662790698,0.4694857142857143,-48.6,111.60000000000002,-50.4,-46.8,108.0,115.19999999999999
11,41,59,51,184,15.203152777777778,1659.0319444444444,31.22602777777778,38.08851388888889,197.87209722222224,631.0805555555555,19.53483695652174,-48.6,118.80000000000001,-50.4,-46.8,115.19999999999999,122.40000000000003
11,42,59,51,172,14.417218934911242,1640.5902366863904,31.649689349112425,37.96741124260355,196.80630177514792,638.0613905325444,25.30604651162791,-48.6,126.0,-50.4,-46.8,122.40000000000003,129.60000000000002
11,43,61,54,200,15.378434343434343,1641.1679292929293,31.343068181818182,39.92722222222222,193.24962121212124,659.9974747474747,19.919,-48.6,133.2,-50.4,-46.8,129.60000000000002,136.8
11,44,60,52,167,15.038877245508981,1601.0104790419161,31.547814371257484,38.19952095808383,197.24708083832334,633.3196107784431,18.571377245508984,-48.6,140.40000000000003,-50.4,-46.8,136.8,144.0
11,45,78,69,246,15.167572916666668,1483.73125,31.43146875,38.50559375,195.67186458333333,640.140625,18.887926829268295,-48.6,147.60000000000002,-50.4,-46.8,144.0,151.2
11,46,70,59,229,14.512942477876107,1616.1426991150443,31.513650442477875,38.11912610619469,192.53196902654867,624.7771017699115,21.400742358078606,-48.6,154.8,-50.4,-46.8,151.2,158.40000000000003
11,47,87,74,229,14.26624449339207,1522.294052863436,31.94600220264317,35.09294052863436,197.10345814977973,594.647026431718,45.80065502183406,-48.6,162.0,-50.4,-46.8,158.40000000000003,165.60000000000002
11,48,160,144,468,14.792403225806451,1036.470430107527,31.945209677419356,33.38071505376344,201.41968279569892,441.155376344086,75.85440170940171,-48.6,169.2,-50.4,-46.8,165.60000000000002,172.8
11,49,125,112,351,13.876883954154728,1199.3681948424069,32.33500716332378,32.410436962750715,199.13414040114614,528.6758595988539,48.62301994301994,-48.6,176.40000000000003,-50.4,-46.8,172.8,180.0
12,0,158,140,445,15.635534482758622,1150.7270114942528,32.154758620689655,34.4284367816092,196.15094252873564,535.4853448275862,95.94651685393258,-45.0,-176.4,-46.8,-43.199999999999996,-180.0,-172.8
12,1,80,69,302,15.649469696969696,1519.5353535353536,31.42986531986532,38.263526936026935,189.8321548821549,678.7504208754209,0.5687086092715232,-45.0,-169.2,-46.8,-43.199999999999996,-172.8,-165.6
12,2,84,74,272,15.993849056603773,1420.8801886792453,31.169660377358493,38.589226415094345,189.40440566037736,686.6448113207547,0.5545220588235295,-45.0,-162.0,-46.8,-43.199999999999996,-165.6,-158.4
12,3,81,71,281,15.730492831541218,1434.948028673835,31.564336917562727,38.751030465949825,188.1866935483871,662.5627240143369,0.5711743772241993,-45.0,-154.8,-46.8,-43.199999999999996,-158.4,-151.2
12,4,74,64,248,15.187865853658538,1555.67581300813,31.461371951219515,37.984705284552845,186.91034552845528,698.1189024390244,21.67608870967742,-45.0,-147.6,-46.8,-43.199999999999996,-151.2,-144.0
12,5,69,62,231,15.518766519823789,1425.5396475770924,31.299691629955944,40.139394273127756,188.58189427312777,681.8017621145375,23.435930735930736,-45.0,-140.4,-46.8,-43.199999999999996,-144.0,-136.8
12,6,71,62,270,15.269157303370786,1434.1582397003745,31.430496254681653,39.017640449438204,187.16615168539326,689.1367041198502,0.5621111111111111,-45.0,-133.2,-46.8,-43.199999999999996,-136.8,-129.6
12,7,69,60,222,14.930974770642202,1643.6915137614678,31.354415137614676,39.11327981651376,189.1723623853211,661.9369266055046,0.6136036036036036,-45.0,-126.0,-46.8,-43.199999999999996,-129.6,-122.4
12,8,73,63,274,15.495263157894737,1545.8336466165413,31.48016917293233,38.72057330827068,185.39943609022558,693.7241541353384,0.6570437956204379,-45.0,-118.8,-46.8,-43.199999999999996,-122.4,-115.2
12,9,67,60,232,16.190689655172413,1507.7101293103449,31.04032327586207,40.99060344827586,189.3482650862069,695.3803879310345,0.5986637931034482,-45.0,-111.6,-46.8,-43.199999999999996,-115.2,-108.0
12,10,67,59,227,16.188522222222222,1425.6855555555555,31.04127777777778,41.07606666666666,189.66335555555554,702.29,0.6375770925110131,-45.0,-104.39999999999999,-46.8,-43.199999999999996,-108.0,-100.8
12,11,72,64,262,15.826737451737452,1480.6660231660233,30.88199806949807,39.19920849420849,193.59110038610038,680.8856177606177,0.6001145038167939,-45.0,-97.2,-46.8,-43.199999999999996,-100.8,-93.6
12,12,67,58,227,14.998201357466064,1716.7330316742082,31.02402714932127,40.48691176470588,188.3640271493213,648.5885746606335,0.5738325991189427,-45.0,-90.0,-46.8,-43.199999999999996,-93.6,-86.39999999999999
12,13,78,69,266,15.915009433962265,1454.022641509434,31.01228301886793,40.15775471698113,188.75356603773585,668.8104716981131,52.209323308270676,-45.0,-82.8,-46.8,-43.199999999999996,-86.39999999999999,-79.2
12,14,126,120,313,15.539209677419354,1231.4120967741935,31.05018548387097,37.383008064516126,193.85145967741934,549.0192741935484,30.029584664536742,-45.0,-75.6,-46.8,-43.199999999999996,-79.2,-72.0
12,15,102,99,152,15.983486842105265,852.2615131578947,30.83125,32.03513157894737,210.18203947368423,431.06332236842104,7.54125,-45.0,-68.39999999999999,-46.8,-43.199999999999996,-72.0,-64.8
12,16,159,145,516,15.738655339805826,1017.4655339805826,30.990111650485435,34.53875242718447,207.4631067961165,476.1228155339806,14.416027131782945,-45.0,-61.2,-46.8,-43.199999999999996,-64.8,-57.599999999999994
12,17,74,65,239,16.670396995708153,1422.8165236051502,31.139452789699572,37.940042918454935,196.89032188841202,700.8267167381974,68.84154811715482,-45.0,-54.0,-46.8,-43.199999999999996,-57.599999999999994,-50.400000000000006
12,18,69,61,238,15.681808510638298,1517.1829787234042,30.83672340425532,38.77043617021277,200.4242765957447,676.6409574468086,67.03453781512606,-45.0,-46.79999999999998,-46.8,-43.199999999999996,-50.400000000000006,-43.19999999999999
12,19,64,57,217,15.04802380952381,1453.5285714285715,31.102416666666667,37.07671428571428,203.13060714285714,667.8880952380953,74.67451612903226,-45.0,-39.599999999999994,-46.8,-43.199999999999996,-43.19999999999999,-36.0
12,20,67,59,255,15.966136363636362,1386.203557312253,30.862420948616602,38.492579051383395,197.38089920948616,679.8621541501976,0.5045098039215686,-45.0,-32.400000000000006,-46.8,-43.199999999999996,-36.0,-28.799999999999983
12,21,72,61,246,15.068456790123458,1602.4362139917696,31.048930041152264,37.72631687242799,201.4894032921811,662.4104938271605,36.54821138211383,-45.0,-25.19999999999999,-46.8,-43.199999999999996,-28.799999999999983,-21.599999999999994
12,22,73,64,242,16.22191908713693,1506.195020746888,31.333661825726143,38.72721991701245,195.04932572614106,662.5155601659751,0.5513636363636364,-45.0,-18.0,-46.8,-43.199999999999996,-21.599999999999994,-14.400000000000006
12,23,73,63,242,14.714470954356846,1708.119294605809,31.228298755186724,35.98367219917013,200.60590248962654,644.0197095435684,0.5935537190082645,-45.0,-10.799999999999983,-46.8,-43.199999999999996,-14.400000000000006,-7.199999999999989
12,24,78,69,226,15.739293721973095,1572.8755605381166,31.247926008968612,38.0918273542601,197.56318385650226,664.2858744394618,0.5377433628318584,-45.0,-3.5999999999999943,-46.8,-43.199999999999996,-7.199999999999989,0.0
12,25,72,62,242,15.563008298755186,1624.914937759336,31.451628630705393,36.65116182572614,195.43186721991702,680.3158713692947,18.723553719008265,-45.0,3.5999999999999943,-46.8,-43.199999999999996,0.0,7.200000000000017
12,26,66,58,239,15.26422340425532,1546.6468085106383,31.13418085106383,37.91088297872341,199.57691489361702,647.8579787234042,0.4935564853556485,-45.0,10.800000000000011,-46.8,-43.199999999999996,7.200000000000017,14.400000000000006
12,27,65,57,215,15.32947429906542,1682.1355140186915,31.067593457943925,38.43390186915887,197.90156542056073,657.6682242990654,0.47427906976744183,-45.0,18.0,-46.8,-43.199999999999996,14.400000000000006,21.599999999999994
12,28,70,61,249,16.27144897959184,1376.5285714285715,31.16704081632653,37.93283673469388,194.16191836734694,686.4265306122448,22.552971887550203,-45.0,25.200000000000017,-46.8,-43.199999999999996,21.599999999999994,28.80000000000001
12,29,84,76,269,16.042037735849057,1504.854716981132,31.15748113207547,39.66727358490566,194.960820754717,673.4834905660377,0.5019702602230484,-45.0,32.400000000000006,-46.8,-43.199999999999996,28.80000000000001,36.0
12,30,96,87,277,14.734322344322344,1532.930402930403,31.573598901098904,36.586327838827835,198.63111721611722,620.0911172161173,12.894981949458483,-45.0,39.599999999999994,-46.8,-43.199999999999996,36.0,43.20000000000002
12,31,80,73,238,14.711984978540773,1560.2714592274679,31.117403433476397,38.028315450643774,200.87643776824035,639.1244635193133,51.88605042016806,-45.0,46.80000000000001,-46.8,-43.199999999999996,43.20000000000002,50.400000000000006
12,32,84,78,229,14.728174778761062,1486.3219026548672,31.299811946902654,36.74365044247788,203.4850442477876,637.554203539823,124.53471615720524,-45.0,54.0,-46.8,-43.199999999999996,50.400000000000006,57.599999999999994
12,33,65,56,187,14.959565217391305,1608.4334239130435,31.105054347826087,39.41139945652174,198.80809782608696,692.5679347826087,97.01229946524064,-45.0,61.20000000000002,-46.8,-43.199999999999996,57.599999999999994,64.80000000000001
12,34,82,72,226,15.001372767857143,1531.2767857142858,31.298392857142858,36.97724330357143,198.0377232142857,657.62890625,29.346946902654867,-45.0,68.4,-46.8,-43.199999999999996,64.80000000000001,72.0
12,35,75,65,211,15.319146634615386,1602.063701923077,31.37173076923077,38.80121394230769,196.11103365384616,672.8293269230769,17.687251184834125,-45.0,75.6,-46.8,-43.199999999999996,72.0,79.19999999999999
12,36,68,62,231,15.338438864628822,1505.0174672489084,31.67275109170306,37.43681222707424,195.90521834061136,677.9803493449782,0.5748484848484848,-45.0,82.80000000000001,-46.8,-43.199999999999996,79.19999999999999,86.40000000000003
12,37,64,56,212,15.94864734299517,1667.1582125603866,30.955495169082127,39.375640096618355,193.60661835748792,690.9390096618357,0.5960849056603774,-45.0,90.0,-46.8,-43.199999999999996,86.40000000000003,93.60000000000002
12,38,73,64,243,15.675447916666666,1434.8916666666667,31.438541666666666,38.19134375,197.35552083333332,651.9973958333334,0.5554732510288065,-45.0,97.19999999999999,-46.8,-43.199999999999996,93.60000000000002,100.80000000000001
12,39,67,59,239,15.692916666666667,1555.1132478632478,31.518707264957268,37.20633547008547,194.56635683760686,679.491452991453,62.44267782426778,-45.0,104.40000000000003,-46.8,-43.199999999999996,100.80000000000001,108.0
12,40,69,60,263,15.545095419847328,1524.9837786259543,31.00212786259542,39.16791030534351,196.44006679389312,671.9312977099237,15.608403041825095,-45.0,111.60000000000002,-46.8,-43.199999999999996,108.0,115.19999999999999
12,41,69,58,264,15.846459143968872,1534.1118677042803,31.382110894941636,39.176108949416346,193.77390077821013,676.8715953307393,0.5396590909090909,-45.0,118.80000000000001,-46.8,-43.199999999999996,115.19999999999999,122.40000000000003
12,42,70,58,257,16.030925196850394,1458.0226377952756,31.1921062992126,39.60260826771653,195.60193897637797,683.3065944881889,36.604824902723735,-45.0,126.0,-46.8,-43.199999999999996,122.40000000000003,129.60000000000002
12,43,70,59,255,15.225314960629921,1496.6633858267717,31.71278543307087,37.12520669291339,195.68784448818897,670.5433070866142,18.509568627450978,-45.0,133.2,-46.8,-43.199999999999996,129.60000000000002,136.8
12,44,74,62,242,15.968535564853557,1607.2144351464435,31.533242677824266,38.629999999999995,195.9250627615063,652.6898535564853,0.5150413223140496,-45.0,140.40000000000003,-46.8,-43.199999999999996,136.8,144.0
12,45,135,120,341,16.937396449704142,1228.4511834319526,31.931005917159766,37.04251479289941,192.25596153846155,589.5728550295858,70.54700879765396,-45.0,147.60000000000002,-46.8,-43.199999999999996,144.0,151.2
12,46,83,70,301,15.285159395973155,1376.0830536912752,31.970788590604027,35.92278523489933,191.46441275167786,663.619966442953,0.5233554817275747,-45.0,154.8,-46.8,-43.199999999999996,151.2,158.40000000000003
12,47,87,73,292,15.506310763888889,1400.7239583333333,31.617161458333335,37.54925347222222,192.3213888888889,643.7903645833334,16.83219178082192,-45.0,162.0,-46.8,-43.199999999999996,158.40000000000003,165.60000000000002
12,48,187,168,482,15.916147798742138,921.7023060796646,32.074056603773585,34.56046645702306,201.25213836477988,446.08914570230604,54.810041493775934,-45.0,169.2,-46.8,-43.199999999999996,165.60000000000002,172.8
12,49,158,145,461,15.155065789473685,1202.5526315789473,32.148355263157896,33.492576754385965,198.6765625,529.6556085526315,77.74522776572668,-45.0,176.40000000000003,-46.8,-43.199999999999996,172.8,180.0
13,0,119,99,326,16.495547839506173,1415.4274691358025,31.79116512345679,37.110354938271605,185.43952160493828,618.8179012345679,71.34634969325154,-41.4,-176.4,-43.199999999999996,-39.6,-180.0,-172.8
13,1,94,80,309,16.056936274509802,1473.5702614379086,31.63043300653595,36.853031045751635,183.71034313725488,708.5792483660131,8.57,-41.4,-169.2,-43.199999999999996,-39.6,-172.8,-165.6
13,2,96,83,251,17.321042510121455,1333.3532388663969,31.467682186234818,39.87210526315789,182.1402226720648,703.6806680161943,21.046653386454185,-41.4,-162.0,-43.199999999999996,-39.6,-165.6,-158.4
13,3,81,70,251,16.731392276422763,1316.4471544715448,31.476321138211382,39.28341463414634,184.22923780487807,661.1798780487804,0.5799601593625497,-41.4,-154.8,-43.199999999999996,-39.6,-158.4,-151.2
13,4,79,68,249,16.807791164658635,1326.925702811245,31.200471887550204,39.58044176706827,182.38812248995984,696.7429718875502,0.5544578313253012,-41.4,-147.6,-43.199999999999996,-39.6,-151.2,-144.0
13,5,80,67,268,16.498876404494382,1298.3380149812733,31.466554307116105,39.06454119850187,184.16417602996253,699.9302434456929,39.45988805970149,-41.4,-140.4,-43.199999999999996,-39.6,-144.0,-136.8
13,6,89,76,293,16.80770689655172,1443.0241379310344,31.27240517241379,38.77000862068965,182.42688793103449,700.9362068965518,0.5440955631399317,-41.4,-133.2,-43.199999999999996,-39.6,-136.8,-129.6
13,7,82,72,270,16.314916356877323,1409.1477695167287,31.55118029739777,38.98937732342007,180.05121747211896,667.2648698884758,0.605,-41.4,-126.0,-43.199999999999996,-39.6,-129.6,-122.4
13,8,82,70,255,16.829268774703557,1452.259881422925,31.519031620553363,40.026768774703555,183.03799407114624,687.5736166007905,0.6230980392156862,-41.4,-118.8,-43.199999999999996,-39.6,-122.4,-115.2
13,9,82,69,246,16.694387966804978,1323.6047717842323,31.35011410788382,40.07803941908714,185.020010373444,663.8594398340249,12.695853658536585,-41.4,-111.6,-43.199999999999996,-39.6,-115.2,-108.0
13,10,80,67,265,16.242956273764257,1394.574144486692,31.55638783269962,38.19585551330798,186.68846958174905,687.75,12.89698113207547,-41.4,-104.39999999999999,-43.199999999999996,-39.6,-108.0,-100.8
13,11,79,65,239,17.27498949579832,1386.65756302521,31.123634453781513,41.353897058823534,183.00719537815127,718.6985294117648,0.5894979079497907,-41.4,-97.2,-43.199999999999996,-39.6,-100.8,-93.6
13,12,86,74,284,16.923705357142858,1321.0151785714286,31.191964285714285,41.12083035714286,180.47921428571428,668.0016071428572,13.76144366197183,-41.4,-90.0,-43.199999999999996,-39.6,-93.6,-86.39999999999999
13,13,80,68,253,16.3445219123506,1508.3087649402391,31.349671314741034,39.81108565737052,186.57177290836654,687.3971115537848,14.869802371541503,-41.4,-82.8,-43.199999999999996,-39.6,-86.39999999999999,-79.2
13,14,127,115,293,16.442153979238753,1109.402249134948,31.3290830449827,39.31217993079584,186.9402249134948,597.322491349481,23.709078498293515,-41.4,-75.6,-43.199999999999996,-39.6,-79.2,-72.0
13,15,26,26,27,16.98009259259259,883.8888888888889,30.465925925925927,35.747592592592596,205.45833333333334,447.1296296296296,0.3777777777777778,-41.4,-68.39999999999999,-43.199999999999996,-39.6,-72.0,-64.8
13,16,196,170,567,17.646084070796462,807.2185840707965,30.685238938053097,35.54182743362832,202.63373008849555,479.1476548672566,4.081728395061728,-41.4,-61.2,-43.199999999999996,-39.6,-64.8,-57.599999999999994
13,17,123,110,305,17.006262295081967,1233.7868852459017,31.206524590163934,37.780909836065575,193.3012868852459,622.1282786885246,39.75622950819672,-41.4,-54.0,-43.199999999999996,-39.6,-57.599999999999994,-50.400000000000006
13,18,85,70,298,17.602635593220338,1410.2550847457628,31.204372881355937,40.827110169491526,189.27924576271187,712.8593220338983,54.69073825503356,-41.4,-46.79999999999998,-43.199999999999996,-39.6,-50.400000000000006,-43.19999999999999
13,19,83,67,254,17.402772177419354,1294.748991935484,31.11680443548387,38.27378024193549,191.90293346774192,703.0836693548387,41.7459842519685,-41.4,-39.599999999999994,-43.199999999999996,-39.6,-43.19999999999999,-36.0
13,20,82,69,256,17.3784623015873,1446.955357142857,31.272093253968254,38.58972222222222,191.9113591269841,727.1765873015873,0.5748046875,-41.4,-32.400000000000006,-43.199999999999996,-39.6,-36.0,-28.799999999999983
13,21,86,71,276,17.159624542124543,1339.4771062271063,31.304871794871794,38.09599816849817,191.35660256410256,705.8360805860806,15.404855072463768,-41.4,-25.19999999999999,-43.199999999999996,-39.6,-28.799999999999983,-21.599999999999994
13,22,91,78,297,16.901140202702702,1397.379222972973,31.26379222972973,39.46809966216217,191.52923986486485,668.9535472972973,0.6435353535353535,-41.4,-18.0,-43.199999999999996,-39.6,-21.599999999999994,-14.400000000000006
13,23,93,80,262,16.67273854961832,1514.5849236641222,31.231374045801527,39.71093511450381,191.3755438931298,674.3291984732824,0.6193129770992366,-41.4,-10.799999999999983,-43.199999999999996,-39.6,-14.400000000000006,-7.199999999999989
13,24,108,92,290,16.831223776223776,1423.4982517482517,31.3659965034965,37.30722902097902,192.73988636363634,654.9680944055945,0.6052758620689656,-41.4,-3.5999999999999943,-43.199999999999996,-39.6,-7.199999999999989,0.0
13,25,100,89,239,16.90431914893617,1387.5670212765958,31.199095744680854,38.36087234042553,192.4304574468085,646.7542553191489,0.5752719665271967,-41.4,3.5999999999999943,-43.199999999999996,-39.6,0.0,7.200000000000017
13,26,85,71,281,16.723854545454547,1442.6436363636365,31.34459090909091,38.85893636363637,190.64474545454544,670.89,19.180106761565835,-41.4,10.800000000000011,-43.199999999999996,-39.6,7.200000000000017,14.400000000000006
13,27,86,73,273,17.79208791208791,1470.9551282051282,31.207619047619048,40.42745421245421,187.183836996337,705.4798534798534,0.6474358974358975,-41.4,18.0,-43.199999999999996,-39.6,14.400000000000006,21.599999999999994
13,28,88,76,263,17.466573359073358,1402.6322393822393,31.345250965250965,39.91740347490347,187.45029922779923,712.7393822393823,18.58619771863118,-41.4,25.200000000000017,-43.199999999999996,-39.6,21.599999999999994,28.80000000000001
13,29,76,63,234,17.80407894736842,1458.078947368421,30.897576754385966,42.028377192982454,186.38702850877192,728.8821271929825,0.610940170940171,-41.4,32.400000000000006,-43.199999999999996,-39.6,28.80000000000001,36.0
13,30,82,67,249,17.846045081967215,1363.4098360655737,31.37417008196721,41.69762295081967,186.2443442622951,715.9375,19.95847389558233,-41.4,39.599999999999994,-43.199999999999996,-39.6,36.0,43.20000000000002
13,31,84,69,268,17.00549812030075,1380.5385338345864,31.293336466165414,40.52643796992481,188.6764097744361,677.1757518796992,22.41652985074627,-41.4,46.80000000000001,-43.199999999999996,-39.6,43.20000000000002,50.400000000000006
13,32,73,60,206,17.35919117647059,1393.6556372549019,31.162156862745096,41.59901960784314,189.3029779411765,722.7071078431372,41.02956310679612,-41.4,54.0,-43.199999999999996,-39.6,50.400000000000006,57.599999999999994
13,33,73,61,269,17.418020833333333,1394.0123106060605,31.24078598484849,41.06372159090909,187.90973484848485,715.1046401515151,0.6145724907063197,-41.4,61.20000000000002,-43.199999999999996,-39.6,57.599999999999994,64.80000000000001
13,34,74,61,231,18.070326086956523,1493.8760869565217,30.842021739130434,42.55854347826087,186.57641304347825,705.903804347826,38.6152380952381,-41.4,68.4,-43.199999999999996,-39.6,64.80000000000001,72.0
13,35,78,66,262,17.16003875968992,1505.1773255813953,31.528750000000002,39.444883720930235,191.76117248062016,719.1472868217054,0.6032824427480916,-41.4,75.6,-43.199999999999996,-39.6,72.0,79.19999999999999
13,36,84,73,267,17.091832061068704,1480.5276717557251,31.629456106870226,39.90643129770993,187.598606870229,686.4608778625955,11.229812734082397,-41.4,82.80000000000001,-43.199999999999996,-39.6,79.19999999999999,86.40000000000003
13,37,86,74,236,16.583004291845494,1437.140557939914,31.571223175965667,38.5681652360515,191.88354077253217,685.7601931330472,0.6292372881355932,-41.4,90.0,-43.199999999999996,-39.6,86.40000000000003,93.60000000000002
13,38,80,70,256,16.84522727272727,1464.2707509881423,31.508359683794467,40.16037549407115,191.1263043478261,662.177371541502,0.54328125,-41.4,97.19999999999999,-43.199999999999996,-39.6,93.60000000000002,100.80000000000001
13,39,75,65,237,17.074380341880342,1476.923076923077,31.098055555555554,40.941965811965815,190.01497863247863,671.1917735042736,0.5644303797468355,-41.4,104.40000000000003,-43.199999999999996,-39.6,100.80000000000001,108.0
13,40,84,71,230,16.41654867256637,1485.7765486725664,31.52534292035398,38.64702433628319,189.77998893805312,680.9435840707964,0.5599130434782609,-41.4,111.60000000000002,-43.199999999999996,-39.6,108.0,115.19999999999999
13,41,87,71,262,17.27695945945946,1412.2915057915059,31.488455598455598,40.388175675675676,189.8033494208494,680.9797297297297,18.061908396946567,-41.4,118.80000000000001,-43.199999999999996,-39.6,115.19999999999999,122.40000000000003
13,42,77,64,242,16.528955696202534,1511.9978902953587,31.498407172995783,38.54996835443038,192.76633966244725,662.6097046413502,21.47210743801653,-41.4,126.0,-43.199999999999996,-39.6,122.40000000000003,129.60000000000002
13,43,80,69,274,16.679181985294118,1507.6323529411766,31.249898897058824,40.18489889705882,191.76338235294116,676.7141544117648,20.44160583941606,-41.4,133.2,-43.199999999999996,-39.6,129.60000000000002,136.8
13,44,110,93,275,17.072983271375463,1235.8838289962825,31.559405204460965,39.13458178438661,190.78424721189592,621.0752788104089,14.623345454545454,-41.4,140.40000000000003,-43.199999999999996,-39.6,136.8,144.0
13,45,189,168,497,18.09312880324544,779.290060851927,32.420218052738335,35.50655679513185,194.46090263691684,462.0147058823529,44.82603621730382,-41.4,147.60000000000002,-43.199999999999996,-39.6,144.0,151.2
13,46,93,78,279,16.532682481751824,1268.9890510948906,31.92117700729927,37.20428832116789,191.35687043795622,649.0018248175182,82.75946236559139,-41.4,154.8,-43.199999999999996,-39.6,151.2,158.40000000000003
13,47,98,80,285,16.565473214285717,1318.0651785714285,31.90480357142857,37.68069642857142,187.3994375,662.8830357142857,15.327964912280702,-41.4,162.0,-43.199999999999996,-39.6,158.40000000000003,165.60000000000002
13,48,185,162,459,16.374724061810156,944.1605960264901,32.39751655629139,34.71933774834437,192.56774834437087,511.47865894039734,62.980893246187364,-41.4,169.2,-43.199999999999996,-39.6,165.60000000000002,172.8
13,49,216,196,540,17.427242990654207,856.0014018691588,32.3538738317757,34.944658878504676,193.32119158878504,468.44908878504674,102.21112962962964,-41.4,176.40000000000003,-43.199999999999996,-39.6,172.8,180.0
14,0,98,81,286,17.464333333333332,1241.5464912280702,31.879473684210524,38.064377192982455,183.78656140350876,678.3991228070175,0.632937062937063,-37.8,-176.4,-39.6,-36.0,-180.0,-172.8
14,1,115,96,341,16.83514053254438,1269.48224852071,31.92335798816568,37.28754437869823,180.54795118343196,644.8505917159763,16.03973607038123,-37.8,-169.2,-39.6,-36.0,-172.8,-165.6
14,2,90,76,292,18.115885416666668,1288.767361111111,31.414618055555554,40.748342013888895,178.3982986111111,680.9813368055555,17.99441780821918,-37.8,-162.0,-39.6,-36.0,-165.6,-158.4
14,3,89,74,285,17.31277385159011,1281.9726148409893,31.533851590106007,39.23038869257951,181.57247349823322,676.172261484099,54.643192982456135,-37.8,-154.8,-39.6,-36.0,-158.4,-151.2
14,4,86,73,248,17.720204918032785,1344.4016393442623,31.39781762295082,40.4138012295082,181.86460040983607,720.5747950819672,0.5537500000000001,-37.8,-147.6,-39.6,-36.0,-151.2,-144.0
14,5,87,71,288,17.490315789473684,1293.4149122807019,31.586745614035088,38.72442105263158,181.33094736842105,692.1706140350877,72.01256944444444,-37.8,-140.4,-39.6,-36.0,-144.0,-136.8
14,6,93,76,295,17.597988013698632,1260.4349315068494,31.318270547945204,39.59500856164384,183.37245719178082,702.9160958904109,0.632,-37.8,-133.2,-39.6,-36.0,-136.8,-129.6
14,7,95,79,306,16.812625,1352.0625,31.496991666666666,39.63903333333333,184.40271666666666,682.9820833333333,0.6565032679738562,-37.8,-126.0,-39.6,-36.0,-129.6,-122.4
14,8,96,79,313,17.66791129032258,1441.1129032258063,31.37566935483871,40.50175806451613,181.39364516129032,686.9766129032258,0.6843450479233226,-37.8,-118.8,-39.6,-36.0,-122.4,-115.2
14,9,93,77,276,17.564708029197078,1487.6277372262773,31.460812043795624,40.59219890510949,180.95785583941606,689.165602189781,31.008949275362315,-37.8,-111.6,-39.6,-36.0,-115.2,-108.0
14,10,90,72,261,17.33139423076923,1303.7144230769231,31.182951923076924,40.492971153846156,182.14463461538463,706.3490384615385,14.108544061302684,-37.8,-104.39999999999999,-39.6,-36.0,-108.0,-100.8
14,11,87,72,280,17.868198924731182,1326.2051971326164,31.48951612903226,39.827670250896055,180.94749103942652,725.7625448028674,0.6756428571428572,-37.8,-97.2,-39.6,-36.0,-100.8,-93.6
14,12,87,70,278,17.79231818181818,1485.0290909090909,31.309945454545456,40.896927272727275,179.8299181818182,684.6813636363636,14.736223021582735,-37.8,-90.0,-39.6,-36.0,-93.6,-86.39999999999999
14,13,91,74,306,17.723824013157895,1385.5847039473683,31.306792763157894,40.620098684210525,179.59548519736845,677.1904605263157,39.98856209150327,-37.8,-82.8,-39.6,-36.0,-86.39999999999999,-79.2
14,14,130,116,308,17.367263843648207,1198.4201954397395,31.230333876221497,40.903403908794786,182.044332247557,640.6064332247556,120.82623376623377,-37.8,-75.6,-39.6,-36.0,-79.2,-72.0
14,16,109,102,162,18.486373456790123,833.7083333333334,30.63637345679012,36.35098765432099,203.99708333333336,476.5967592592593,1.2988888888888888,-37.8,-61.2,-39.6,-36.0,-64.8,-57.599999999999994
14,17,201,176,473,17.974749466950957,857.6535181236674,30.7602078891258,36.38065031982943,197.1576172707889,540.5431769722815,68.85331923890064,-37.8,-54.0,-39.6,-36.0,-57.599999999999994,-50.400000000000006
14,18,86,69,282,18.260758928571427,1320.6008928571428,31.176017857142856,40.90617857142857,185.73005357142858,709.61875,160.4749645390071,-37.8,-46.79999999999998,-39.6,-36.0,-50.400000000000006,-43.19999999999999
14,19,85,70,281,17.916814079422384,1352.7364620938629,31.00187725631769,39.922617328519856,186.28416967509025,713.0744584837545,0.6637010676156584,-37.8,-39.599999999999994,-39.6,-36.0,-43.19999999999999,-36.0
14,20,88,72,311,17.668725649350648,1276.810064935065,31.276185064935067,37.50299512987013,189.97767857142858,705.7114448051948,44.182572347266884,-37.8,-32.400000000000006,-39.6,-36.0,-36.0,-28.799999999999983
14,21,90,72,298,17.008927364864864,1338.744087837838,31.25006756756757,38.31789695945946,190.05785472972974,670.4590371621622,0.6636241610738255,-37.8,-25.19999999999999,-39.6,-36.0,-28.799999999999983,-21.599999999999994
14,22,100,82,293,17.821555944055945,1364.8548951048951,31.41118881118881,38.78972902097902,187.90131993006995,687.9173951048951,41.64477815699659,-37.8,-18.0,-39.6,-36.0,-21.599999999999994,-14.400000000000006
14,23,115,95,360,17.537710084033613,1327.2507002801121,31.371869747899158,37.95758403361344,189.5564425770308,674.2314425770309,45.37844444444444,-37.8,-10.799999999999983,-39.6,-36.0,-14.400000000000006,-7.199999999999989
14,24,101,85,275,17.462363636363634,1323.9009090909092,31.39539090909091,39.194945454545454,190.99466363636364,671.3131818181819,17.236654545454545,-37.8,-3.5999999999999943,-39.6,-36.0,-7.199999999999989,0.0
14,25,87,70,258,17.891001945525293,1354.056420233463,31.30048638132296,39.278706225680935,185.91142023346305,708.1648832684825,39.76244186046511,-37.8,3.5999999999999943,-39.6,-36.0,0.0,7.200000000000017
14,26,90,73,317,18.036258012820515,1260.020032051282,31.25108173076923,39.982091346153844,186.51884615384614,684.2524038461538,16.00542586750789,-37.8,10.800000000000011,-39.6,-36.0,7.200000000000017,14.400000000000006
14,27,122,105,300,18.067264309764308,1160.8484848484848,31.611675084175083,38.72868686868687,187.66507575757578,631.5631313131313,88.04373333333334,-37.8,18.0,-39.6,-36.0,14.400000000000006,21.599999999999994
14,28,111,94,323,17.964305993690854,1243.25,31.295425867507884,39.600914826498425,186.5929495268139,686.4514984227129,62.65560371517027,-37.8,25.200000000000017,-39.6,-36.0,21.599999999999994,28.80000000000001
14,29,82,68,254,18.346553784860557,1166.3735059760957,31.36137450199203,40.80099601593625,183.7121812749004,733.5971115537849,51.43122047244095,-37.8,32.400000000000006,-39.6,-36.0,28.80000000000001,36.0
14,30,83,66,258,18.422908366533864,1369.4083665338646,31.309790836653388,40.768964143426295,182.62827689243028,716.1259960159363,52.0598449612403,-37.8,39.599999999999994,-39.6,-36.0,36.0,43.20000000000002
14,31,97,80,313,18.569003215434083,1211.1808681672026,31.347660771704177,41.61682475884245,182.33476688102894,709.0868167202573,16.694313099041533,-37.8,46.80000000000001,-39.6,-36.0,43.20000000000002,50.400000000000006
14,32,85,67,243,18.642012448132782,1276.408713692946,31.214574688796684,41.446742738589215,184.59580912863072,733.9880705394191,42.022880658436215,-37.8,54.0,-39.6,-36.0,50.400000000000006,57.599999999999994
14,33,80,63,271,18.630485074626865,1269.4449626865671,31.04842350746269,42.538600746268656,184.4589458955224,758.3013059701492,19.61431734317343,-37.8,61.20000000000002,-39.6,-36.0,57.599999999999994,64.80000000000001
14,34,72,59,255,18.163880000000002,1292.952,31.50257,40.43179,183.58672,737.0285,0.650235294117647,-37.8,68.4,-39.6,-36.0,64.80000000000001,72.0
14,35,96,82,285,18.303262411347514,1253.7437943262412,31.378971631205676,40.9228634751773,186.02061170212767,702.0718085106383,51.21905263157895,-37.8,75.6,-39.6,-36.0,72.0,79.19999999999999
14,36,87,73,269,18.069559925093635,1382.6132958801497,31.296573033707862,41.498174157303374,185.14353932584268,692.7958801498128,0.6646840148698885,-37.8,82.80000000000001,-39.6,-36.0,79.19999999999999,86.40000000000003
14,37,85,71,255,17.91662055335968,1384.0474308300395,31.55604743083004,40.22927865612648,185.15483201581029,716.748023715415,29.817843137254904,-37.8,90.0,-39.6,-36.0,86.40000000000003,93.60000000000002
14,38,81,67,244,18.185987654320986,1483.0740740740741,31.25866255144033,41.418014403292176,184.48901234567901,685.9449588477366,18.850327868852457,-37.8,97.19999999999999,-39.6,-36.0,93.60000000000002,100.80000000000001
14,39,86,70,267,17.98073473282443,1243.8396946564885,31.507299618320612,38.80148854961832,187.08201335877862,677.2423664122138,0.5938202247191011,-37.8,104.40000000000003,-39.6,-36.0,100.80000000000001,108.0
14,40,86,69,288,17.998628472222222,1158.173611111111,31.454140624999997,39.688802083333336,185.0567795138889,701.0911458333334,69.74854166666667,-37.8,111.60000000000002,-39.6,-36.0,108.0,115.19999999999999
14,41,90,71,301,17.65576923076923,1296.0510033444816,31.678411371237456,38.479882943143814,189.17859531772575,646.9619565217391,17.37089700996678,-37.8,118.80000000000001,-39.6,-36.0,115.19999999999999,122.40000000000003
14,42,86,69,265,18.47836501901141,1297.9039923954372,31.54259505703422,40.77255703422053,183.3413783269962,694.7585551330799,42.22781132075472,-37.8,126.0,-39.6,-36.0,122.40000000000003,129.60000000000002
14,43,113,94,336,18.015090361445782,1239.5180722891566,31.463170180722894,39.3139156626506,187.65027861445785,658.4642319277109,67.84422619047619,-37.8,133.2,-39.6,-36.0,129.60000000000002,136.8
14,44,193,168,404,18.669384422110554,746.9032663316583,32.51277638190955,34.79492462311558,192.2909987437186,483.9108040201005,58.992103960396044,-37.8,140.40000000000003,-39.6,-36.0,136.8,144.0
14,45,211,184,443,18.63837899543379,643.4840182648402,32.462551369863014,34.88143835616438,195.60903538812786,438.58361872146116,149.9045598194131,-37.8,147.60000000000002,-39.6,-36.0,144.0,151.2
14,46,104,84,370,16.99796195652174,1258.0665760869565,31.813824728260872,37.34928668478261,186.14077445652177,656.2622282608696,124.1771081081081,-37.8,154.8,-39.6,-36.0,151.2,158.40000000000003
14,47,113,93,358,17.984044943820223,1261.4262640449438,31.68570926966292,38.25362359550562,184.3227036516854,665.7535112359551,18.919608938547487,-37.8,162.0,-39.6,-36.0,158.40000000000003,165.60000000000002
14,48,160,136,466,16.792738095238096,1169.8344155844156,31.999843073593073,36.27342532467532,190.27587121212122,582.9650974025974,37.47766094420601,-37.8,169.2,-39.6,-36.0,165.60000000000002,172.8
14,49,248,217,584,18.397029360967185,660.2927461139897,32.32408894645941,34.82424870466321,192.12002158894649,463.6798143350604,63.040530821917805,-37.8,176.40000000000003,-39.6,-36.0,172.8,180.0
15,0,103,84,315,18.44465544871795,1348.858173076923,31.604943910256413,40.01974358974359,179.70915064102564,692.8557692307693,24.515968253968257,-34.199999999999996,-176.4,-36.0,-32.4,-180.0,-172.8
15,1,104,83,322,17.22290220820189,1372.820977917981,31.365875394321765,38.587657728706624,181.88321766561515,666.2208201892745,31.54919254658385,-34.199999999999996,-169.2,-36.0,-32.4,-172.8,-165.6
15,2,90,72,268,18.133486842105263,1331.1033834586467,31.29205827067669,40.2753947368421,180.12510338345865,701.9074248120301,99.717723880597,-34.199999999999996,-162.0,-36.0,-32.4,-165.6,-158.4
15,3,93,73,297,18.558860544217687,1359.0901360544217,31.301887755102044,40.20673469387755,179.39261904761904,709.6496598639455,18.085319865319864,-34.199999999999996,-154.8,-36.0,-32.4,-158.4,-151.2
15,4,85,69,245,18.32144897959184,1425.4285714285713,31.139204081632656,41.29826530612245,180.61577551020406,728.4622448979592,20.66338775510204,-34.199999999999996,-147.6,-36.0,-32.4,-151.2,-144.0
15,5,88,69,254,18.462459677419353,1263.320564516129,31.040826612903224,41.58317540322581,180.71692540322582,720.1295362903226,60.20692913385827,-34.199999999999996,-140.4,-36.0,-32.4,-144.0,-136.8
15,6,91,72,261,18.46362403100775,1361.5251937984497,31.285193798449612,40.70845930232558,180.28666666666666,731.7960271317829,0.46762452107279695,-34.199999999999996,-133.2,-36.0,-32.4,-136.8,-129.6
15,7,97,79,261,17.682088235294117,1339.492156862745,31.52054901960784,38.65083333333333,182.3315098039216,703.321568627451,13.978965517241381,-34.199999999999996,-126.0,-36.0,-32.4,-129.6,-122.4
15,8,100,81,300,18.716818181818184,1222.770202020202,31.306111111111115,40.11963804713805,176.58771043771046,735.381734006734,0.5142333333333333,-34.199999999999996,-118.8,-36.0,-32.4,-122.4,-115.2
15,9,90,72,273,18.475916666666667,1178.437037037037,31.613074074074078,40.81465740740741,178.74589814814814,739.9435185185185,11.188644688644688,-34.199999999999996,-111.6,-36.0,-32.4,-115.2,-108.0
15,10,92,74,279,18.06632194244604,1297.2320143884892,31.29251798561151,40.356888489208636,180.90247302158272,719.6955935251799,38.483225806451614,-34.199999999999996,-104.39999999999999,-36.0,-32.4,-108.0,-100.8
15,11,91,74,302,18.53094276094276,1273.7996632996633,31.21882154882155,40.59608585858586,179.1064393939394,736.5904882154882,84.20211920529802,-34.199999999999996,-97.2,-36.0,-32.4,-100.8,-93.6
15,12,89,72,252,17.8709375,1325.296370967742,31.49679435483871,40.581562500000004,179.51181451612902,708.7217741935484,73.65123015873016,-34.199999999999996,-90.0,-36.0,-32.4,-93.6,-86.39999999999999
15,13,100,81,311,17.987298387096775,1261.7193548387097,31.118233870967742,41.70023387096774,181.07265322580645,702.3753225806452,63.04125401929261,-34.199999999999996,-82.8,-36.0,-32.4,-86.39999999999999,-79.2
15,14,126,107,316,17.836818910256408,1197.2163461538462,31.142371794871796,40.1855608974359,179.59078525641024,655.906891025641,111.70199367088608,-34.199999999999996,-75.6,-36.0,-32.4,-79.2,-72.0
15,15,29,28,29,16.776724137931033,897.2844827586207,31.32586206896552,38.92793103448276,183.34241379310345,411.8827586206897,35.51758620689655,-34.199999999999996,-68.39999999999999,-36.0,-32.4,-72.0,-64.8
15,16,4,4,4,17.105,867.625,27.736874999999998,46.109375,219.395625,435.46875,4.0125,-34.199999999999996,-61.2,-36.0,-32.4,-64.8,-57.599999999999994
15,17,208,180,437,19.25289838337182,646.7448036951502,30.529769053117782,35.771431870669744,198.65992494226327,446.3013856812933,17.388718535469106,-34.199999999999996,-54.0,-36.0,-32.4,-57.599999999999994,-50.400000000000006
15,18,103,83,306,18.08486019736842,1286.328125,31.19422697368421,38.41888980263158,188.5364720394737,680.233552631579,83.04633986928104,-34.199999999999996,-46.79999999999998,-36.0,-32.4,-50.400000000000006,-43.19999999999999
15,19,90,71,304,18.076794019933555,1223.1785714285713,31.2518438538206,38.742607973421926,189.53393687707643,707.889119601329,15.537269736842106,-34.199999999999996,-39.599999999999994,-36.0,-32.4,-43.19999999999999,-36.0
15,20,97,80,317,18.09206349206349,1241.2238095238095,31.52863492063492,38.48712698412698,187.37057936507935,683.1035714285714,13.176813880126183,-34.199999999999996,-32.400000000000006,-36.0,-32.4,-36.0,-28.799999999999983
15,21,94,73,341,18.025479041916167,1300.380988023952,31.326384730538923,39.06464071856288,187.69940868263473,705.4457335329341,36.1233137829912,-34.199999999999996,-25.19999999999999,-36.0,-32.4,-28.799999999999983,-21.599999999999994
15,22,102,81,327,17.464177018633542,1218.7740683229813,31.647771739130437,37.20836956521739,190.15426242236026,680.8598602484471,45.868348623853215,-34.199999999999996,-18.0,-36.0,-32.4,-21.599999999999994,-14.400000000000006
15,23,96,77,312,18.067106109324758,1203.0434083601285,31.516173633440516,38.58852090032155,186.95903536977494,685.5739549839228,50.798878205128204,-34.199999999999996,-10.799999999999983,-36.0,-32.4,-14.400000000000006,-7.199999999999989
15,24,124,101,365,17.9683908839779,1180.4468232044198,31.567790055248622,38.39546961325967,187.28148480662986,670.4616712707183,55.13983561643836,-34.199999999999996,-3.5999999999999943,-36.0,-32.4,-7.199999999999989,0.0
15,25,94,75,290,18.01127192982456,1279.4798245614036,31.30182456140351,39.647885964912284,187.77676315789475,678.0377192982456,101.99879310344828,-34.199999999999996,3.5999999999999943,-36.0,-32.4,0.0,7.200000000000017
15,26,89,71,297,17.88846885813149,1240.9325259515572,31.384074394463667,38.64796712802769,189.720830449827,701.3339100346021,97.75861952861953,-34.199999999999996,10.800000000000011,-36.0,-32.4,7.200000000000017,14.400000000000006
15,27,209,175,459,18.653507709251098,844.3337004405287,31.70227422907489,40.08463105726872,183.40001101321585,517.2491740088105,58.318627450980394,-34.199999999999996,18.0,-36.0,-32.4,14.400000000000006,21.599999999999994
15,28,243,207,539,19.40760242085661,641.4799813780261,31.625270018621976,39.93776536312849,181.45053072625697,477.6568901303538,36.83807050092764,-34.199999999999996,25.200000000000017,-36.0,-32.4,21.599999999999994,28.80000000000001
15,29,99,79,296,18.719983050847457,1314.2542372881355,31.318745762711867,40.63372881355932,182.54429661016948,691.2847457627119,28.915979729729727,-34.199999999999996,32.400000000000006,-36.0,-32.4,28.80000000000001,36.0
15,30,81,63,277,18.78433876811594,1191.7572463768115,31.56095108695652,39.48971920289855,182.5558152173913,718.8673007246376,0.7479061371841155,-34.199999999999996,39.599999999999994,-36.0,-32.4,36.0,43.20000000000002
15,31,110,90,313,18.651846774193547,1368.6177419354838,31.798443548387098,38.26562096774194,183.1338064516129,683.0233870967742,27.761980830670925,-34.199999999999996,46.80000000000001,-36.0,-32.4,43.20000000000002,50.400000000000006
15,32,94,77,277,18.50095802919708,1263.7636861313867,31.67711678832117,39.63231751824817,183.05528284671533,693.1938868613139,23.1101083032491,-34.199999999999996,54.0,-36.0,-32.4,50.400000000000006,57.599999999999994
15,33,87,68,307,18.3094701986755,1322.7094370860927,31.15251655629139,40.796026490066225,184.50777317880795,710.1895695364238,14.482182410423452,-34.199999999999996,61.20000000000002,-36.0,-32.4,57.599999999999994,64.80000000000001
15,34,81,64,255,18.64610557768924,1282.4900398406373,31.299631474103588,40.28668326693227,182.81012948207172,721.0652390438247,52.80458823529412,-34.199999999999996,68.4,-36.0,-32.4,64.80000000000001,72.0
15,35,88,70,298,18.43582482993197,1326.4940476190477,31.552738095238098,40.36623299319728,184.00741496598638,720.4600340136054,11.723288590604026,-34.199999999999996,75.6,-36.0,-32.4,72.0,79.19999999999999
15,36,99,78,310,18.095998376623378,1289.877435064935,31.40510551948052,40.37826298701299,186.3333116883117,685.213474025974,12.950935483870968,-34.199999999999996,82.80000000000001,-36.0,-32.4,79.19999999999999,86.40000000000003
15,37,88,71,239,18.110254237288135,1242.5264830508474,31.452764830508475,40.091504237288135,185.78016949152544,710.3373940677966,15.784058577405856,-34.199999999999996,90.0,-36.0,-32.4,86.40000000000003,93.60000000000002
15,38,87,70,261,18.0846996124031,1184.7936046511627,31.325174418604654,40.249127906976746,185.3165019379845,679.5503875968992,18.224291187739464,-34.199999999999996,97.19999999999999,-36.0,-32.4,93.60000000000002,100.80000000000001
15,39,88,72,267,18.389575471698112,1179.6396226415095,31.543179245283024,40.13153773584906,185.10153773584906,726.1556603773585,55.88943820224719,-34.199999999999996,104.40000000000003,-36.0,-32.4,100.80000000000001,108.0
15,40,143,121,348,18.615937499999998,1061.2572674418604,31.632827034883725,38.501431686046516,185.67625726744185,661.9007994186046,225.5869540229885,-34.199999999999996,111.60000000000002,-36.0,-32.4,108.0,115.19999999999999
15,41,240,209,477,19.875833333333333,560.011677282378,32.52014861995754,34.98449575371549,188.12380042462846,433.2226645435244,38.652557651991614,-34.199999999999996,118.80000000000001,-36.0,-32.4,115.19999999999999,122.40000000000003
15,42,238,195,581,19.626797012302283,670.6502636203867,32.3944244288225,35.72042618629174,187.2872451669596,481.44420035149386,29.135490533562823,-34.199999999999996,126.0,-36.0,-32.4,122.40000000000003,129.60000000000002
15,43,230,190,569,19.45733422939068,711.094982078853,32.36234767025089,36.19176523297491,187.74944892473118,481.20990143369175,30.55801405975395,-34.199999999999996,133.2,-36.0,-32.4,129.60000000000002,136.8
15,44,109,96,159,19.458853503184713,595.0143312101911,32.825,34.93156050955414,195.11654458598727,415.52149681528664,4.864591194968553,-34.199999999999996,140.40000000000003,-36.0,-32.4,136.8,144.0
15,45,61,59,74,19.97875,436.15202702702703,32.631925675675674,33.50239864864865,190.23189189189188,327.61631756756753,134.66297297297297,-34.199999999999996,147.60000000000002,-36.0,-32.4,144.0,151.2
15,46,229,192,543,18.8954151119403,800.5326492537314,32.20636194029851,36.392663246268654,184.0954337686567,541.5615671641791,340.9220810313075,-34.199999999999996,154.8,-36.0,-32.4,151.2,158.40000000000003
15,47,131,112,372,17.737752732240438,1165.4071038251366,31.803060109289618,37.72855191256831,184.09400956284153,609.5761612021857,58.62994623655914,-34.199999999999996,162.0,-36.0,-32.4,158.40000000000003,165.60000000000002
15,48,186,157,508,17.426751968503936,1125.263779527559,32.154148622047245,36.59531496062993,185.52344488188976,570.2928149606299,46.61,-34.199999999999996,169.2,-36.0,-32.4,165.60000000000002,172.8
15,49,191,161,472,17.62742505353319,991.2521413276231,32.10858137044968,36.289887580299784,186.41629014989294,562.3257494646681,42.00802966101695,-34.199999999999996,176.40000000000003,-36.0,-32.4,172.8,180.0
16,0,151,124,392,18.867230077120823,1144.840616966581,31.88275064267352,36.900931876606684,178.60878534704372,630.5890102827764,63.897831632653066,-30.6,-176.4,-32.4,-28.799999999999997,-180.0,-172.8
16,1,91,73,298,18.64400170648464,1235.6911262798635,31.655426621160412,38.25817406143345,174.70058020477813,701.4773890784983,49.12147651006712,-30.6,-169.2,-32.4,-28.799999999999997,-172.8,-165.6
16,2,87,69,276,18.584160516605166,1312.9916974169741,31.30462177121771,41.45638376383764,176.53616236162364,726.0179889298893,0.4921739130434783,-30.6,-162.0,-32.4,-28.799999999999997,-165.6,-158.4
16,3,86,68,289,18.872875874125874,1232.3426573426573,31.675944055944054,38.93381118881119,176.21581293706294,733.2652972027972,18.310553633217992,-30.6,-154.8,-32.4,-28.799999999999997,-158.4,-151.2
16,4,86,67,262,18.638662109375,1269.4716796875,31.133447265625,41.540244140625,177.8101171875,725.6708984375,53.88461832061069,-30.6,-147.6,-32.4,-28.799999999999997,-151.2,-144.0
16,5,77,61,261,19.11046692607004,1092.0865758754865,31.312101167315177,40.9047859922179,178.4489785992218,748.7358949416342,31.790306513409963,-30.6,-140.4,-32.4,-28.799999999999997,-144.0,-136.8
16,6,80,63,246,18.53778361344538,1298.3539915966387,31.14573529411765,41.76359243697479,179.94077731092437,756.3256302521008,47.781544715447154,-30.6,-133.2,-32.4,-28.799999999999997,-136.8,-129.6
16,7,67,56,202,19.5252375,1093.86375,31.5231,41.473725,175.7863625,750.04875,0.44014851485148515,-30.6,-126.0,-32.4,-28.799999999999997,-129.6,-122.4
16,8,61,53,212,19.983926886792453,1253.7794811320755,31.355660377358493,43.42180424528302,177.80762971698113,752.4487028301887,31.574103773584905,-30.6,-118.8,-32.4,-28.799999999999997,-122.4,-115.2
16,9,62,50,212,19.53095238095238,1262.229761904762,31.690297619047616,42.65869047619048,177.46467857142855,746.4148809523809,12.937641509433961,-30.6,-111.6,-32.4,-28.799999999999997,-115.2,-108.0
16,10,78,62,227,18.806473214285713,1385.1450892857142,31.105591517857142,41.16420758928571,181.84748883928572,733.66796875,43.181674008810575,-30.6,-104.39999999999999,-32.4,-28.799999999999997,-108.0,-100.8
16,11,83,66,290,18.438397212543553,1225.2526132404182,31.25448606271777,40.52782229965157,180.53698606271777,748.7844076655052,76.25620689655172,-30.6,-97.2,-32.4,-28.799999999999997,-100.8,-93.6
16,12,90,72,308,18.500674342105263,1354.9720394736842,31.207245065789476,40.308782894736844,178.1833470394737,726.8885690789474,78.93672077922078,-30.6,-90.0,-32.4,-28.799999999999997,-93.6,-86.39999999999999
16,13,87,71,325,17.95983695652174,1265.8416149068323,31.514805900621116,40.04739906832298,178.06069875776396,696.3508540372671,144.28593846153845,-30.6,-82.8,-32.4,-28.799999999999997,-86.39999999999999,-79.2
16,14,93,77,306,17.765761589403976,1381.6961920529802,31.30235927152318,41.036498344370855,179.98870033112584,695.7434602649006,41.58398692810458,-30.6,-75.6,-32.4,-28.799999999999997,-79.2,-72.0
16,15,57,51,68,17.556507352941175,1033.172794117647,30.538860294117647,40.78845588235294,179.15139705882353,519.5500000000001,33.36985294117647,-30.6,-68.39999999999999,-32.4,-28.799999999999997,-72.0,-64.8
16,17,87,81,110,20.339795454545456,375.1090909090909,30.77840909090909,36.2615,195.05200000000002,427.95500000000004,2.1894545454545455,-30.6,-54.0,-32.4,-28.799999999999997,-57.599999999999994,-50.400000000000006
16,18,198,161,445,18.860967194570136,902.9949095022624,31.29350113122172,36.66204185520362,190.5793947963801,578.5237556561086,47.28044943820225,-30.6,-46.79999999999998,-32.4,-28.799999999999997,-50.400000000000006,-43.19999999999999
16,19,100,80,285,18.23910460992908,1122.2482269503546,31.29570035460993,38.90611702127659,187.1114804964539,706.6476063829788,27.132912280701756,-30.6,-39.599999999999994,-32.4,-28.799999999999997,-43.19999999999999,-36.0
16,20,114,93,311,17.980308441558442,1208.765422077922,31.397183441558443,38.73750811688312,187.71863636363636,684.7008928571429,0.5454019292604502,-30.6,-32.400000000000006,-32.4,-28.799999999999997,-36.0,-28.799999999999983
16,21,89,70,266,18.605912547528515,1318.277566539924,31.086967680608367,39.382614068441065,186.07449619771862,702.8350760456274,0.5990225563909775,-30.6,-25.19999999999999,-32.4,-28.799999999999997,-28.799999999999983,-21.599999999999994
16,22,91,72,292,17.85151223776224,1250.7325174825176,31.264134615384613,38.18102272727273,188.67936188811188,691.2097902097902,15.906678082191782,-30.6,-18.0,-32.4,-28.799999999999997,-21.599999999999994,-14.400000000000006
16,23,99,79,301,17.887727272727272,1308.3771043771044,31.428695286195286,38.749124579124576,187.86542087542088,701.651936026936,0.8207973421926911,-30.6,-10.799999999999983,-32.4,-28.799999999999997,-14.400000000000006,-7.199999999999989
16,24,98,83,288,17.746302083333333,1278.5659722222222,31.589383680555557,37.66677083333334,188.59536458333335,675.7756076388889,29.407604166666673,-30.6,-3.5999999999999943,-32.4,-28.799999999999997,-7.199999999999989,0.0
16,25,107,88,321,18.644709119496856,1224.2122641509434,31.447751572327046,40.14250786163522,185.36276729559748,694.569182389937,32.39205607476636,-30.6,3.5999999999999943,-32.4,-28.799999999999997,0.0,7.200000000000017
16,26,99,81,283,17.686801075268818,1300.5555555555557,31.360322580645164,38.70314516129032,187.38636200716846,700.6500896057348,84.76219081272085,-30.6,10.800000000000011,-32.4,-28.799999999999997,7.200000000000017,14.400000000000006
16,27,184,156,344,18.757281341107873,741.8877551020408,31.63303935860058,40.17975947521866,183.9927551020408,509.89431486880466,44.927587209302324,-30.6,18.0,-32.4,-28.799999999999997,14.400000000000006,21.599999999999994
16,28,11,10,11,22.0625,690.8863636363636,32.30795454545454,36.22545454545455,169.43522727272727,371.72727272727275,0.7427272727272727,-30.6,25.200000000000017,-32.4,-28.799999999999997,21.599999999999994,28.80000000000001
16,29,208,161,408,20.16647132169576,873.2556109725685,31.95344139650873,39.33246882793017,177.34970698254364,544.6393391521196,75.90198529411764,-30.6,32.400000000000006,-32.4,-28.799999999999997,28.80000000000001,36.0
16,30,88,70,266,18.769289772727273,1198.0179924242425,31.163589015151516,41.109810606060606,182.55318181818183,700.922821969697,15.790375939849623,-30.6,39.599999999999994,-32.4,-28.799999999999997,36.0,43.20000000000002
16,31,100,79,330,19.01583846153846,1215.7023076923076,31.4087,40.95248461538462,181.29445384615386,711.5338461538462,6.9076969696969694,-30.6,46.80000000000001,-32.4,-28.799999999999997,43.20000000000002,50.400000000000006
16,32,87,69,298,18.911917229729728,1326.6925675675675,31.390329391891893,40.79519425675676,182.59171452702702,720.1473817567568,76.10798657718121,-30.6,54.0,-32.4,-28.799999999999997,50.400000000000006,57.599999999999994
16,33,90,72,281,18.808570143884893,1266.896582733813,31.408210431654677,40.4031654676259,181.34227517985613,708.3543165467626,26.367508896797155,-30.6,61.20000000000002,-32.4,-28.799999999999997,57.599999999999994,64.80000000000001
16,34,83,65,265,19.499377394636014,1171.066091954023,31.66,39.71705938697318,179.54867816091954,707.991858237548,33.78867924528302,-30.6,68.4,-32.4,-28.799999999999997,64.80000000000001,72.0
16,35,84,65,271,18.954421641791043,1203.3544776119404,31.68788246268657,39.56474813432836,182.05904850746268,746.3670708955224,34.803837638376386,-30.6,75.6,-32.4,-28.799999999999997,72.0,79.19999999999999
16,36,97,79,298,18.312474832214765,1421.8657718120805,31.58184563758389,39.57844798657718,184.44844798657718,667.8905201342282,0.7683892617449664,-30.6,82.80000000000001,-32.4,-28.799999999999997,79.19999999999999,86.40000000000003
16,37,103,83,296,18.65640306122449,1226.453231292517,31.57047619047619,39.94221088435374,182.7634268707483,673.8852040816327,9.230202702702702,-30.6,90.0,-32.4,-28.799999999999997,86.40000000000003,93.60000000000002
16,38,102,81,328,18.42783179012346,1273.8279320987654,31.501010802469136,39.69608796296296,184.36875771604937,669.1261574074074,26.675396341463415,-30.6,97.19999999999999,-32.4,-28.799999999999997,93.60000000000002,100.80000000000001
16,39,93,74,286,17.949848214285712,1271.225,31.59498214285714,38.696705357142854,186.92379464285713,699.1495535714286,0.6915384615384615,-30.6,104.40000000000003,-32.4,-28.799999999999997,100.80000000000001,108.0
16,40,185,151,426,19.403572274881515,1002.2251184834123,31.711504739336494,37.893678909952605,182.95240521327014,593.2609597156398,275.9446478873239,-30.6,111.60000000000002,-32.4,-28.799999999999997,108.0,115.19999999999999
16,41,92,76,105,22.356771844660194,290.90291262135923,32.962305825242716,31.94776699029126,181.0645145631068,295.18325242718447,10.772285714285713,-30.6,118.80000000000001,-32.4,-28.799999999999997,115.19999999999999,122.40000000000003
16,42,81,70,100,20.897272727272725,478.800505050505,32.66881313131313,34.279368686868686,187.56714646464647,369.1363636363636,2.623,-30.6,126.0,-32.4,-28.799999999999997,122.40000000000003,129.60000000000002
16,43,114,104,160,20.316898734177215,453.4224683544304,32.80041139240507,34.776882911392406,189.58590189873416,366.814082278481,2.9033124999999997,-30.6,133.2,-32.4,-28.799999999999997,129.60000000000002,136.8
16,46,242,192,493,19.69324282786885,773.7218237704918,32.116501024590164,35.65667520491803,179.53857581967213,528.6898053278688,243.68598377281947,-30.6,154.8,-32.4,-28.799999999999997,151.2,158.40000000000003
16,47,161,132,431,18.012541079812205,1127.7899061032863,32.1643779342723,37.10708920187793,180.60514084507045,596.181631455399,67.60819025522042,-30.6,162.0,-32.4,-28.799999999999997,158.40000000000003,165.60000000000002
16,48,169,146,430,18.66241238317757,1019.5344626168225,32.03015186915888,36.380864485981306,180.84082359813084,567.5724299065421,43.38476744186047,-30.6,169.2,-32.4,-28.799999999999997,165.60000000000002,172.8
16,49,115,93,319,18.25326740506329,1211.6305379746836,31.688789556962025,38.72760284810127,179.4746835443038,678.6443829113924,47.051097178683385,-30.6,176.40000000000003,-32.4,-28.799999999999997,172.8,180.0
17,0,130,110,385,18.494766666666667,1209.102,31.536433333333335,38.494193333333335,179.93335333333334,659.8473333333334,25.63737662337662,-27.0,-176.4,-28.799999999999997,-25.200000000000003,-180.0,-172.8
17,1,90,73,343,18.55184558823529,1269.9676470588236,31.261132352941175,40.336338235294114,179.86726470588235,707.779044117647,0.49798833819241983,-27.0,-169.2,-28.799999999999997,-25.200000000000003,-172.8,-165.6
17,2,89,69,317,19.19067891373802,1175.5830670926518,31.256869009584662,39.64069488817891,175.3498322683706,739.1198083067093,16.507350157728705,-27.0,-162.0,-28.799999999999997,-25.200000000000003,-165.6,-158.4
17,3,83,64,282,19.532330357142857,1075.7526785714285,31.200839285714288,41.17900892857143,177.20083035714285,737.4705357142857,55.532553191489356,-27.0,-154.8,-28.799999999999997,-25.200000000000003,-158.4,-151.2
17,4,101,80,310,19.188428338762215,1040.39006514658,31.319552117263846,40.98617263843648,180.39350977198697,728.5997557003258,157.47529032258066,-27.0,-147.6,-28.799999999999997,-25.200000000000003,-151.2,-144.0
17,5,88,68,304,19.50191029900332,1150.6004983388705,31.049003322259136,42.335257475083054,176.21636212624585,718.8355481727575,59.97519736842105,-27.0,-140.4,-28.799999999999997,-25.200000000000003,-144.0,-136.8
17,6,76,61,287,19.299901785714287,1219.1580357142857,31.08407142857143,43.92005357142857,176.97251785714286,758.5129464285715,29.24425087108014,-27.0,-133.2,-28.799999999999997,-25.200000000000003,-136.8,-129.6
17,7,72,57,242,19.009062500000002,1238.8572916666667,31.24596875,41.813583333333334,179.31167708333334,747.059375,30.445785123966942,-27.0,-126.0,-28.799999999999997,-25.200000000000003,-129.6,-122.4
17,8,69,56,264,19.73382633587786,1223.3263358778627,31.31696564885496,42.43534351145038,180.69946564885498,743.0667938931298,57.51310606060606,-27.0,-118.8,-28.799999999999997,-25.200000000000003,-122.4,-115.2
17,9,72,62,232,20.181439393939396,1019.9891774891775,31.523571428571426,42.86195887445887,177.03589826839828,772.4637445887446,128.83836206896552,-27.0,-111.6,-28.799999999999997,-25.200000000000003,-115.2,-108.0
17,10,66,58,198,20.28680203045685,1063.3756345177665,31.546180203045683,41.80560913705584,176.0905076142132,755.1941624365483,12.87969696969697,-27.0,-104.39999999999999,-28.799999999999997,-25.200000000000003,-108.0,-100.8
17,11,85,69,289,19.266342756183747,1218.053003533569,31.197818021201414,41.837747349823324,179.68198763250885,709.1152826855124,23.728062283737025,-27.0,-97.2,-28.799999999999997,-25.200000000000003,-100.8,-93.6
17,12,107,88,328,18.577476923076922,1176.4784615384615,31.42556153846154,40.209538461538465,176.6740846153846,716.2238461538461,66.5417987804878,-27.0,-90.0,-28.799999999999997,-25.200000000000003,-93.6,-86.39999999999999
17,13,114,97,346,18.790377906976744,1234.1329941860465,31.589331395348836,39.753837209302326,176.7095566860465,695.4803052325582,19.654884393063583,-27.0,-82.8,-28.799999999999997,-25.200000000000003,-86.39999999999999,-79.2
17,14,96,78,343,18.472389705882353,1292.0867647058824,31.518514705882353,41.69559558823529,177.11192647058823,714.7593382352941,12.366297376093295,-27.0,-75.6,-28.799999999999997,-25.200000000000003,-79.2,-72.0
17,15,81,74,105,18.476955445544554,997.0668316831683,31.183539603960394,40.20571782178218,177.46673267326733,594.4789603960396,15.934666666666667,-27.0,-68.39999999999999,-28.799999999999997,-25.200000000000003,-72.0,-64.8
17,18,245,206,545,19.96451582867784,698.737895716946,31.090349162011176,35.292793296089386,192.66666201117317,477.8432960893855,20.41343119266055,-27.0,-46.79999999999998,-28.799999999999997,-25.200000000000003,-50.400000000000006,-43.19999999999999
17,19,96,75,361,18.885793871866294,1202.7033426183843,31.233015320334264,40.403990250696374,185.18619777158776,729.6532033426184,69.0981163434903,-27.0,-39.599999999999994,-28.799999999999997,-25.200000000000003,-43.19999999999999,-36.0
17,20,88,69,295,18.515650684931504,1318.6455479452054,31.29023116438356,39.70709760273972,183.50284246575342,730.0890410958904,16.81420338983051,-27.0,-32.400000000000006,-28.799999999999997,-25.200000000000003,-36.0,-28.799999999999983
17,21,80,63,294,18.574554794520548,1188.0625,31.152200342465758,39.51242294520548,186.0836815068493,724.1207191780821,18.431292517006803,-27.0,-25.19999999999999,-28.799999999999997,-25.200000000000003,-28.799999999999983,-21.599999999999994
17,22,89,70,323,19.097577639751552,1088.5333850931677,31.204541925465836,40.093517080745336,185.37935559006212,727.2049689440994,13.792693498452012,-27.0,-18.0,-28.799999999999997,-25.200000000000003,-21.599999999999994,-14.400000000000006
17,23,97,77,351,17.934856733524356,1284.5336676217764,31.47356733524355,38.03603868194842,187.24850286532953,709.8130372492836,11.884102564102564,-27.0,-10.799999999999983,-28.799999999999997,-25.200000000000003,-14.400000000000006,-7.199999999999989
17,24,91,72,320,18.009929687499998,1258.4453125,31.178171874999997,38.8926015625,188.59048437500002,713.934765625,31.53878125,-27.0,-3.5999999999999943,-28.799999999999997,-25.200000000000003,-7.199999999999989,0.0
17,25,112,92,344,18.172190265486726,1200.6165191740413,31.481261061946906,38.788318584070794,189.35176253687314,674.7385693215339,10.174273255813954,-27.0,3.5999999999999943,-28.799999999999997,-25.200000000000003,0.0,7.200000000000017
17,26,130,110,399,18.178261421319796,1078.9606598984772,31.552785532994925,38.747499999999995,187.36708121827414,641.4431472081218,19.86609022556391,-27.0,10.800000000000011,-28.799999999999997,-25.200000000000003,7.200000000000017,14.400000000000006
17,27,87,79,129,19.41505859375,606.015625,31.35244140625,46.0040234375,180.60982421875,473.9232421875,11.481627906976746,-27.0,18.0,-28.799999999999997,-25.200000000000003,14.400000000000006,21.599999999999994
17,29,255,206,423,22.259472422062352,602.1223021582733,32.09616306954437,38.08100119904077,170.06818944844125,405.3836930455636,27.86777777777778,-27.0,32.400000000000006,-28.799999999999997,-25.200000000000003,28.80000000000001,36.0
17,30,87,69,291,19.41718103448276,1199.6620689655172,31.31310344827586,40.77155172413793,180.41910344827588,722.1663793103448,86.37254295532647,-27.0,39.599999999999994,-28.799999999999997,-25.200000000000003,36.0,43.20000000000002
17,31,229,184,512,21.094668972332016,881.875,31.83180830039526,39.5779347826087,175.15306818181818,526.9204545454545,22.92314453125,-27.0,46.80000000000001,-28.799999999999997,-25.200000000000003,43.20000000000002,50.400000000000006
17,32,81,62,283,19.68799107142857,1068.4607142857142,31.347044642857146,42.48138392857143,178.5375625,748.1486607142857,91.97756183745582,-27.0,54.0,-28.799999999999997,-25.200000000000003,50.400000000000006,57.599999999999994
17,33,86,68,322,19.40062695924765,1240.0595611285266,31.077570532915363,41.837084639498435,180.41055642633228,745.4631661442006,60.698540372670806,-27.0,61.20000000000002,-28.799999999999997,-25.200000000000003,57.599999999999994,64.80000000000001
17,34,90,72,315,18.93765273311897,1195.453376205788,31.396655948553057,40.14091639871383,181.81896302250806,716.2648713826367,11.751492063492062,-27.0,68.4,-28.799999999999997,-25.200000000000003,64.80000000000001,72.0
17,35,81,64,289,18.732196180555558,1265.6918402777778,31.63269097222222,39.35659722222223,181.73721354166665,721.4765625,27.366608996539792,-27.0,75.6,-28.799999999999997,-25.200000000000003,72.0,79.19999999999999
17,36,87,68,329,18.51954475308642,1247.0663580246915,31.353850308641977,40.654567901234564,182.94558641975308,714.5096450617284,13.50835866261398,-27.0,82.80000000000001,-28.799999999999997,-25.200000000000003,79.19999999999999,86.40000000000003
17,37,93,76,318,18.576898734177217,1320.6661392405063,31.341590189873422,40.80757911392405,182.95541930379747,696.3825158227849,0.6018867924528302,-27.0,90.0,-28.799999999999997,-25.200000000000003,86.40000000000003,93.60000000000002
17,38,95,75,325,18.70577287066246,1213.7223974763408,31.5310094637224,39.92119085173501,182.73079652996844,711.0106466876972,12.85363076923077,-27.0,97.19999999999999,-28.799999999999997,-25.200000000000003,93.60000000000002,100.80000000000001
17,39,87,69,290,18.86520246478873,1183.8257042253522,31.64237676056338,39.29670774647887,181.4468838028169,732.681338028169,54.826206896551724,-27.0,104.40000000000003,-28.799999999999997,-25.200000000000003,100.80000000000001,108.0
17,40,318,240,694,21.587360499265785,683.5649779735683,32.10023127753304,37.1101872246696,178.8163362701909,453.81919970631424,135.6823198847262,-27.0,111.60000000000002,-28.799999999999997,-25.200000000000003,108.0,115.19999999999999
17,46,280,223,565,21.057401785714287,661.2816964285714,32.07423660714286,36.523607142857145,176.57055357142858,492.44955357142857,238.43506194690266,-27.0,154.8,-28.799999999999997,-25.200000000000003,151.2,158.40000000000003
17,47,242,200,603,19.594904006677798,867.6544240400668,32.23002921535893,34.68282554257095,180.2151711185309,525.3290901502504,85.61303482587066,-27.0,162.0,-28.799999999999997,-25.200000000000003,158.40000000000003,165.60000000000002
17,48,150,123,431,18.120645348837208,1206.6110465116278,31.607296511627908,38.317889534883726,182.7109476744186,626.9875,29.8808120649652,-27.0,169.2,-28.799999999999997,-25.200000000000003,165.60000000000002,172.8
17,49,105,86,346,18.02886956521739,1248.895652173913,31.553572463768116,38.5463768115942,179.45182608695652,696.5797101449275,33.66768786127168,-27.0,176.40000000000003,-28.799999999999997,-25.200000000000003,172.8,180.0
18,0,137,105,338,19.846651785714286,1026.655505952381,31.599806547619046,39.14999255952381,177.01393601190478,667.5390625,55.9039349112426,-23.39999999999999,-176.4,-25.200000000000003,-21.599999999999994,-180.0,-172.8
18,1,80,61,271,18.98393656716418,1261.902052238806,31.167182835820896,41.70725746268657,177.07986940298508,747.6711753731344,106.39952029520295,-23.39999999999999,-169.2,-25.200000000000003,-21.599999999999994,-172.8,-165.6
18,2,78,61,247,18.710573770491802,1267.5553278688524,31.502766393442624,41.43165983606558,177.89746926229506,749.0450819672132,38.86854251012145,-23.39999999999999,-162.0,-25.200000000000003,-21.599999999999994,-165.6,-158.4
18,3,105,87,311,19.664506578947368,1073.1620065789473,31.130065789473687,41.50328125,176.5927878289474,704.414884868421,103.70324758842443,-23.39999999999999,-154.8,-25.200000000000003,-21.599999999999994,-158.4,-151.2
18,4,93,75,263,19.25358108108108,1131.3098455598456,31.238445945945944,40.43264478764479,179.1628667953668,734.011583011583,133.44882129277568,-23.39999999999999,-147.6,-25.200000000000003,-21.599999999999994,-151.2,-144.0
18,5,111,87,269,19.818661048689137,1107.3445692883895,31.563867041198503,39.431526217228466,176.4594756554307,704.6320224719101,189.14026022304833,-23.39999999999999,-140.4,-25.200000000000003,-21.599999999999994,-144.0,-136.8
18,6,110,87,326,19.48233644859813,1094.8566978193146,31.59603582554517,41.62894859813084,174.5992523364486,725.0105140186915,114.67147239263804,-23.39999999999999,-133.2,-25.200000000000003,-21.599999999999994,-136.8,-129.6
18,7,84,66,251,19.319707661290323,1130.8971774193549,31.64702620967742,39.93232862903226,177.2627923387097,736.4153225806451,130.08203187250996,-23.39999999999999,-126.0,-25.200000000000003,-21.599999999999994,-129.6,-122.4
18,8,75,59,233,19.517828947368418,1207.5350877192982,31.195350877192983,42.980065789473684,178.53933114035087,769.6617324561404,100.32158798283263,-23.39999999999999,-118.8,-25.200000000000003,-21.599999999999994,-122.4,-115.2
18,9,69,58,222,19.776210407239816,1205.843891402715,31.336052036199096,42.96473981900453,176.88322398190044,756.2285067873303,137.65806306306305,-23.39999999999999,-111.6,-25.200000000000003,-21.599999999999994,-115.2,-108.0
18,10,74,59,229,19.691993392070486,1126.759911894273,31.481079295154185,40.30048458149779,179.30407488986785,755.3744493392071,17.129126637554585,-23.39999999999999,-104.39999999999999,-25.200000000000003,-21.599999999999994,-108.0,-100.8
18,11,89,71,258,18.65677734375,1366.771484375,31.03794921875,41.866572265625,179.89529296875,734.8935546875,29.864844961240312,-23.39999999999999,-97.2,-25.200000000000003,-21.599999999999994,-100.8,-93.6
18,12,92,73,283,18.76737588652482,1281.4609929078015,31.254716312056736,42.23671985815603,177.94459219858157,716.4038120567376,87.19141342756184,-23.39999999999999,-90.0,-25.200000000000003,-21.599999999999994,-93.6,-86.39999999999999
18,13,102,84,338,18.120347633136095,1168.3380177514794,31.558690828402366,40.0185724852071,177.66917899408284,678.1875,63.766449704142005,-23.39999999999999,-82.8,-25.200000000000003,-21.599999999999994,-86.39999999999999,-79.2
18,14,92,74,273,18.228773408239704,1234.7256554307116,31.40798689138577,40.77427902621723,179.73292134831462,710.6558052434457,48.44186813186813,-23.39999999999999,-75.6,-25.200000000000003,-21.599999999999994,-79.2,-72.0
18,15,92,82,119,19.03412393162393,985.957264957265,31.876623931623932,38.923995726495725,176.33978632478633,555.7014957264958,0.5669747899159664,-23.39999999999999,-68.39999999999999,-25.200000000000003,-21.599999999999994,-72.0,-64.8
18,18,182,162,270,21.402100371747213,485.72769516728624,30.854553903345725,34.72682156133829,192.34178438661712,386.13382899628255,7.013037037037037,-23.39999999999999,-46.79999999999998,-25.200000000000003,-21.599999999999994,-50.400000000000006,-43.19999999999999
18,19,193,162,416,19.757262773722626,812.5231143552311,31.15933090024331,36.307226277372266,191.13016423357664,559.2005474452554,25.049975961538458,-23.39999999999999,-39.599999999999994,-25.200000000000003,-21.599999999999994,-43.19999999999999,-36.0
18,20,82,64,249,18.482987804878046,1210.02337398374,31.126961382113823,39.778739837398376,186.64685975609757,740.332825203252,56.84377510040161,-23.39999999999999,-32.400000000000006,-25.200000000000003,-21.599999999999994,-36.0,-28.799999999999983
18,21,79,62,264,18.963298479087452,1262.9277566539924,31.393355513307984,40.33373574144487,183.42594106463878,736.6416349809886,19.084545454545452,-23.39999999999999,-25.19999999999999,-25.200000000000003,-21.599999999999994,-28.799999999999983,-21.599999999999994
18,22,91,71,256,18.922169999999998,1186.694,31.02245,39.639340000000004,185.46797,710.9535,0.36941406250000003,-23.39999999999999,-18.0,-25.200000000000003,-21.599999999999994,-21.599999999999994,-14.400000000000006
18,23,93,74,293,18.322328178694157,1237.9450171821306,31.51396907216495,36.99243986254295,186.46024914089347,701.0640034364261,0.5612286689419795,-23.39999999999999,-10.799999999999983,-25.200000000000003,-21.599999999999994,-14.400000000000006,-7.199999999999989
18,24,88,69,293,18.47727508650519,1208.2110726643598,31.20795847750865,38.36686851211073,187.23947231833912,718.4550173010381,17.542559726962455,-23.39999999999999,-3.5999999999999943,-25.200000000000003,-21.599999999999994,-7.199999999999989,0.0
18,25,108,88,341,18.308134218289087,1172.8266961651918,31.306194690265485,38.569623893805314,188.03601032448378,704.5530973451328,16.05263929618768,-23.39999999999999,3.5999999999999943,-25.200000000000003,-21.599999999999994,0.0,7.200000000000017
18,26,165,142,434,18.796029069767442,978.1424418604652,31.51238953488372,40.9273023255814,184.00148837209304,624.2005232558139,35.225921658986174,-23.39999999999999,10.800000000000011,-25.200000000000003,-21.599999999999994,7.200000000000017,14.400000000000006
18,27,22,22,23,20.54869565217391,563.7065217391304,30.837282608695656,50.21869565217391,177.2325,434.7608695652174,1.8039130434782609,-23.39999999999999,18.0,-25.200000000000003,-21.599999999999994,14.400000000000006,21.599999999999994
18,29,178,136,235,24.276329787234044,250.06914893617022,32.538244680851065,37.127244680851064,161.17086170212764,335.68526595744686,22.158,-23.39999999999999,32.400000000000006,-25.200000000000003,-21.599999999999994,28.80000000000001,36.0
18,30,114,95,303,18.917516722408024,1222.2232441471572,31.609021739130434,40.336697324414715,181.69515886287627,648.8465719063545,96.1850495049505,-23.39999999999999,39.599999999999994,-25.200000000000003,-21.599999999999994,36.0,43.20000000000002
18,31,256,196,430,23.253054906542058,481.30724299065423,32.147073598130845,37.9015011682243,168.84492990654206,390.0502044392523,38.4939534883721,-23.39999999999999,46.80000000000001,-25.200000000000003,-21.599999999999994,43.20000000000002,50.400000000000006
18,32,80,62,237,19.422671673819742,1184.318669527897,31.175150214592275,42.544120171673825,178.95165236051503,742.0804721030042,55.138691983122364,-23.39999999999999,54.0,-25.200000000000003,-21.599999999999994,50.400000000000006,57.599999999999994
18,33,79,60,262,19.22758754863813,1122.4396887159533,31.373803501945527,41.571089494163424,180.56696498054475,731.5034046692607,0.5063358778625954,-23.39999999999999,61.20000000000002,-25.200000000000003,-21.599999999999994,57.599999999999994,64.80000000000001
18,34,84,65,260,19.692306949806948,1347.7760617760619,31.448716216216216,41.112760617760614,178.70684362934364,710.4898648648649,0.4463846153846154,-23.39999999999999,68.4,-25.200000000000003,-21.599999999999994,64.80000000000001,72.0
18,35,77,61,225,19.767500000000002,1161.2745535714287,31.329386160714286,41.523158482142854,179.00819196428571,746.4425223214286,0.43466666666666665,-23.39999999999999,75.6,-25.200000000000003,-21.599999999999994,72.0,79.19999999999999
18,36,80,61,245,18.95036610878661,1369.0993723849372,31.238410041841007,42.51816945606695,180.42534518828452,730.9225941422594,0.3879591836734694,-23.39999999999999,82.80000000000001,-25.200000000000003,-21.599999999999994,79.19999999999999,86.40000000000003
18,37,81,62,240,19.445084745762713,1373.6069915254238,31.13135593220339,43.21513771186441,179.289968220339,732.2383474576271,0.4049583333333333,-23.39999999999999,90.0,-25.200000000000003,-21.599999999999994,86.40000000000003,93.60000000000002
18,38,76,57,267,18.47660576923077,1256.2509615384615,31.33383653846154,40.19311538461539,181.85874038461537,742.4725961538461,0.39767790262172287,-23.39999999999999,97.19999999999999,-25.200000000000003,-21.599999999999994,93.60000000000002,100.80000000000001
18,39,88,70,270,19.029475655430712,1260.1835205992509,31.437256554307115,40.25626404494382,180.45166666666668,707.6638576779026,0.436962962962963,-23.39999999999999,104.40000000000003,-25.200000000000003,-21.599999999999994,100.80000000000001,108.0
18,40,277,198,516,22.004099804305284,584.8586105675147,31.982274951076324,37.67155088062622,174.11494618395304,461.3590998043053,71.95110465116278,-23.39999999999999,111.60000000000002,-25.200000000000003,-21.599999999999994,108.0,115.19999999999999
18,41,17,17,17,24.0975,246.19117647058823,32.81235294117647,34.21735294117647,170.2595588235294,398.75735294117646,1.191764705882353,-23.39999999999999,118.80000000000001,-25.200000000000003,-21.599999999999994,115.19999999999999,122.40000000000003
18,45,162,127,194,24.571243523316063,189.80569948186528,32.49681347150259,33.641670984455956,169.7334067357513,291.68588082901556,2.1049484536082477,-23.39999999999999,147.60000000000002,-25.200000000000003,-21.599999999999994,144.0,151.2
18,46,375,259,830,23.28731189320388,506.1805218446602,32.15554611650486,35.994851334951456,170.02104368932038,418.24924150485435,111.18865060240964,-23.39999999999999,154.8,-25.200000000000003,-21.599999999999994,151.2,158.40000000000003
18,47,199,157,430,21.201409198113204,841.6656839622641,31.8014445754717,37.93275943396226,175.6292511792453,531.9130306603773,54.30611627906977,-23.39999999999999,162.0,-25.200000000000003,-21.599999999999994,158.40000000000003,165.60000000000002
18,48,265,191,529,22.222897727272727,694.5284090909091,32.090549242424245,37.02034090909091,171.57923295454546,485.39772727272725,71.72964083175803,-23.39999999999999,169.2,-25.200000000000003,-21.599999999999994,165.60000000000002,172.8
18,49,84,66,269,18.8620802238806,1246.740671641791,31.318740671641795,40.55796641791045,176.8051212686567,734.1469216417911,45.92516728624535,-23.39999999999999,176.40000000000003,-25.200000000000003,-21.599999999999994,172.8,180.0
19,0,286,204,603,22.67919983416252,652.5928689883914,32.184452736318406,35.024320066334994,169.2390713101161,475.81556799336647,77.89825870646766,-19.799999999999997,-176.4,-21.599999999999994,-18.0,-180.0,-172.8
19,1,95,76,293,19.1784793814433,1094.9192439862543,31.344278350515463,40.814020618556704,175.55733676975944,699.9398625429553,59.68819112627986,-19.799999999999997,-169.2,-21.599999999999994,-18.0,-172.8,-165.6
19,2,103,87,258,20.012197265625,1102.0322265625,31.507744140625,39.662041015625,172.838466796875,673.13525390625,201.05953488372094,-19.799999999999997,-162.0,-21.599999999999994,-18.0,-165.6,-158.4
19,3,104,82,285,18.77988475177305,1186.5558510638298,31.438359929078015,39.687083333333334,175.82445035460995,709.1183510638298,32.084105263157895,-19.799999999999997,-154.8,-21.599999999999994,-18.0,-158.4,-151.2
19,4,89,73,251,19.895604838709676,1181.8467741935483,31.21788306451613,41.651723790322585,174.47493951612904,740.4460685483871,183.92852589641433,-19.799999999999997,-147.6,-21.599999999999994,-18.0,-151.2,-144.0
19,5,151,126,342,19.978384502923976,1030.2529239766081,31.66341374269006,38.37219298245614,173.86947368421053,639.0124269005848,71.26643274853801,-19.799999999999997,-140.4,-21.599999999999994,-18.0,-144.0,-136.8
19,6,105,83,277,19.9339,1149.1154545454544,31.279445454545453,41.448100000000004,175.15882727272728,700.7118181818182,84.11696750902527,-19.799999999999997,-133.2,-21.599999999999994,-18.0,-136.8,-129.6
19,7,74,57,235,19.13038961038961,1241.2305194805194,31.329383116883115,41.19018398268398,174.1695670995671,762.7635281385282,82.22212765957447,-19.799999999999997,-126.0,-21.599999999999994,-18.0,-129.6,-122.4
19,8,82,63,272,19.0462734082397,1239.694756554307,31.220758426966288,42.08482209737828,179.07055243445694,761.1980337078652,76.37959558823529,-19.799999999999997,-118.8,-21.599999999999994,-18.0,-122.4,-115.2
19,9,81,64,260,19.1166437007874,1279.3553149606298,30.92384842519685,43.11682086614174,177.7703937007874,746.6038385826772,78.96961538461538,-19.799999999999997,-111.6,-21.599999999999994,-18.0,-115.2,-108.0
19,10,83,66,256,18.73689960629921,1339.2687007874015,30.97704724409449,42.29694881889763,178.867312992126,712.7598425196851,62.81078125,-19.799999999999997,-104.39999999999999,-21.599999999999994,-18.0,-108.0,-100.8
19,11,87,71,310,18.508887987012987,1199.028409090909,31.38828733766234,40.49275974025974,179.13593344155845,743.0397727272727,92.11206451612904,-19.799999999999997,-97.2,-21.599999999999994,-18.0,-100.8,-93.6
19,12,91,74,282,18.5873487544484,1302.6788256227758,31.38047153024911,40.73016014234875,178.57715302491104,725.9715302491103,183.52900709219858,-19.799999999999997,-90.0,-21.599999999999994,-18.0,-93.6,-86.39999999999999
19,13,102,85,368,18.36067123287671,1280.3650684931506,31.504630136986304,39.96604794520548,175.1903219178082,700.1266438356165,169.53366847826086,-19.799999999999997,-82.8,-21.599999999999994,-18.0,-86.39999999999999,-79.2
19,14,97,79,331,18.4312,1243.7353846153846,31.403646153846154,40.10582307692307,179.4293076923077,711.7633846153847,255.74099697885197,-19.799999999999997,-75.6,-21.599999999999994,-18.0,-79.2,-72.0
19,15,76,65,115,18.331239130434785,1121.641304347826,31.461195652173913,39.5445652173913,176.3660869565217,626.8423913043479,28.02278260869565,-19.799999999999997,-68.39999999999999,-21.599999999999994,-18.0,-72.0,-64.8
19,19,224,185,437,21.048856321839082,616.8477011494252,30.96618390804598,34.52301149425288,190.43929885057472,448.4397701149425,19.10354691075515,-19.799999999999997,-39.599999999999994,-21.599999999999994,-18.0,-43.19999999999999,-36.0
19,20,126,99,312,19.368770358306186,1095.8876221498372,31.29217426710098,37.79381921824104,186.3192996742671,675.2117263843649,62.942051282051274,-19.799999999999997,-32.400000000000006,-21.599999999999994,-18.0,-36.0,-28.799999999999983
19,21,90,69,291,18.857344827586207,1147.5112068965518,31.11691379310345,39.509146551724136,186.0113275862069,693.6275862068966,36.776838487972505,-19.799999999999997,-25.19999999999999,-21.599999999999994,-18.0,-28.799999999999983,-21.599999999999994
19,22,94,73,339,18.49474777448071,1312.973293768546,30.993835311572703,40.50890949554896,187.40387982195844,727.723293768546,26.920884955752214,-19.799999999999997,-18.0,-21.599999999999994,-18.0,-21.599999999999994,-14.400000000000006
19,23,94,74,316,18.05557142857143,1210.0071428571428,31.34253174603175,37.19861904761905,190.34504761904762,685.1373015873016,0.5674367088607595,-19.799999999999997,-10.799999999999983,-21.599999999999994,-18.0,-14.400000000000006,-7.199999999999989
19,24,92,72,275,18.36983455882353,1254.4237132352941,31.029871323529413,39.22286764705883,189.4674080882353,694.2973345588235,37.71123636363637,-19.799999999999997,-3.5999999999999943,-21.599999999999994,-18.0,-7.199999999999989,0.0
19,25,91,73,277,18.203791512915128,1241.7933579335793,31.289363468634686,38.86662361623616,187.61202029520294,681.3906826568266,40.17162454873646,-19.799999999999997,3.5999999999999943,-21.599999999999994,-18.0,0.0,7.200000000000017
19,26,179,145,411,18.870970515970516,980.0558968058969,31.36784398034398,39.38570024570024,184.02571867321868,569.1122235872235,37.339270072992704,-19.799999999999997,10.800000000000011,-21.599999999999994,-18.0,7.200000000000017,14.400000000000006
19,29,143,121,177,24.255357142857143,294.85571428571427,32.023385714285716,39.796842857142856,163.14158571428572,321.355,14.550564971751411,-19.799999999999997,32.400000000000006,-21.599999999999994,-18.0,28.80000000000001,36.0
19,30,204,162,414,21.148100728155338,841.2949029126214,31.78026699029126,38.40844053398058,174.89368932038835,557.398968446602,87.95512077294686,-19.799999999999997,39.599999999999994,-21.599999999999994,-18.0,36.0,43.20000000000002
19,31,269,209,422,23.341074821852732,459.8111638954869,32.01318289786223,38.39976247030879,167.9310570071259,386.02404988123516,21.269218009478674,-19.799999999999997,46.80000000000001,-21.599999999999994,-18.0,43.20000000000002,50.400000000000006
19,32,144,119,348,20.30609011627907,1019.4011627906976,31.47857558139535,39.66875726744186,177.69313226744185,627.8528343023256,246.71043103448275,-19.799999999999997,54.0,-21.599999999999994,-18.0,50.400000000000006,57.599999999999994
19,33,181,139,419,20.787185990338166,915.3611111111111,31.5524577294686,39.55562198067633,175.78655193236716,610.7330917874397,127.70312649164678,-19.799999999999997,61.20000000000002,-21.599999999999994,-18.0,57.599999999999994,64.80000000000001
19,34,88,70,259,19.194426070038908,1218.6536964980544,31.448151750972762,39.45077821011673,181.36369649805448,718.2767509727627,34.14254826254826,-19.799999999999997,68.4,-21.599999999999994,-18.0,64.80000000000001,72.0
19,35,81,64,248,19.217377551020405,1284.0183673469387,31.309714285714286,41.549581632653066,178.46075510204082,721.8326530612245,0.45830645161290323,-19.799999999999997,75.6,-21.599999999999994,-18.0,72.0,79.19999999999999
19,36,80,62,246,19.563401639344264,1185.622950819672,31.042254098360658,41.45630122950819,179.08025614754098,714.6736680327868,20.311869918699188,-19.799999999999997,82.80000000000001,-21.599999999999994,-18.0,79.19999999999999,86.40000000000003
19,37,77,63,226,19.097163677130045,1201.303811659193,31.336244394618834,40.59816143497758,180.62146860986547,743.1457399103139,19.40212389380531,-19.799999999999997,90.0,-21.599999999999994,-18.0,86.40000000000003,93.60000000000002
19,38,80,62,260,19.383470588235294,1201.821568627451,31.099617647058825,41.695627450980396,181.88411764705882,747.225,0.47734615384615386,-19.799999999999997,97.19999999999999,-21.599999999999994,-18.0,93.60000000000002,100.80000000000001
19,39,85,66,291,19.293012152777777,1263.796875,31.30123263888889,40.695668402777784,180.26811631944443,743.6948784722222,39.0728178694158,-19.799999999999997,104.40000000000003,-21.599999999999994,-18.0,100.80000000000001,108.0
19,40,147,120,364,20.017168508287295,1039.0455801104972,31.57852209944751,39.44303867403315,178.79734806629835,641.6609116022099,67.47027472527472,-19.799999999999997,111.60000000000002,-21.599999999999994,-18.0,108.0,115.19999999999999
19,41,443,295,1025,24.211994575936885,278.67184418145956,32.13352317554241,36.57135355029586,168.34031065088757,324.5206299309665,9.402068292682928,-19.799999999999997,118.80000000000001,-21.599999999999994,-18.0,115.19999999999999,122.40000000000003
19,45,398,273,807,24.775255610972568,243.29862842892769,32.2819108478803,35.28150872817955,166.73932980049875,286.1620947630923,9.114745972738538,-19.799999999999997,147.60000000000002,-21.599999999999994,-18.0,144.0,151.2
19,46,268,197,582,22.302820623916812,683.7660311958406,32.06004332755633,37.2003466204506,170.31649913344887,488.02253032928945,65.32390034364262,-19.799999999999997,154.8,-21.599999999999994,-18.0,151.2,158.40000000000003
19,47,337,228,747,22.879019541778973,533.582884097035,32.20388140161725,35.0668564690027,169.54626347708896,422.3183962264151,88.78433734939759,-19.799999999999997,162.0,-21.599999999999994,-18.0,158.40000000000003,165.60000000000002
19,48,259,193,552,22.069110401459852,699.4735401459855,32.12529197080292,35.614242700729925,171.0090602189781,513.0999087591241,96.62724637681158,-19.799999999999997,169.2,-21.599999999999994,-18.0,165.60000000000002,172.8
19,49,211,164,451,21.740144444444446,791.0177777777777,31.868555555555556,37.283722222222224,172.12268888888892,549.6422222222222,140.73476718403546,-19.799999999999997,176.40000000000003,-21.599999999999994,-18.0,172.8,180.0
20,0,225,166,445,21.823528409090912,751.5954545454546,31.977642045454548,36.54844886363636,171.72043750000003,549.0988636363636,17.84316853932584,-16.200000000000003,-176.4,-18.0,-14.399999999999991,-180.0,-172.8
20,1,101,79,261,19.50813953488372,1089.0038759689924,31.50376937984496,39.96714147286822,175.983488372093,729.0925387596899,126.3523754789272,-16.200000000000003,-169.2,-18.0,-14.399999999999991,-172.8,-165.6
20,2,76,58,243,19.288829113924052,1314.8554852320676,31.35117088607595,42.02486286919831,176.26208860759493,764.5506329113924,0.41378600823045264,-16.200000000000003,-162.0,-18.0,-14.399999999999991,-165.6,-158.4
20,3,136,111,346,19.79515350877193,1067.873538011696,31.528845029239765,38.564152046783626,175.3217470760234,663.1355994152046,86.9742485549133,-16.200000000000003,-154.8,-18.0,-14.399999999999991,-158.4,-151.2
20,4,239,174,570,22.19290564373898,682.1649029982364,32.292821869488535,35.488963844797176,166.0607671957672,498.093253968254,171.93189473684208,-16.200000000000003,-147.6,-18.0,-14.399999999999991,-151.2,-144.0
20,5,178,144,427,21.070536556603773,822.8779481132076,31.89461674528302,37.20007075471698,171.92038915094338,592.0521403301888,74.46374707259953,-16.200000000000003,-140.4,-18.0,-14.399999999999991,-144.0,-136.8
20,6,85,68,283,19.20269503546099,1276.9051418439717,31.432304964539007,41.38734042553191,176.2728280141844,733.3289007092199,147.02604240282687,-16.200000000000003,-133.2,-18.0,-14.399999999999991,-136.8,-129.6
20,7,80,64,247,18.689153061224488,1255.104081632653,31.30287755102041,42.1244387755102,175.3182142857143,747.5719387755101,107.24684210526316,-16.200000000000003,-126.0,-18.0,-14.399999999999991,-129.6,-122.4
20,8,88,70,311,18.837009803921568,1214.625,31.38311274509804,40.5506454248366,176.6225653594771,758.7924836601308,156.86292604501608,-16.200000000000003,-118.8,-18.0,-14.399999999999991,-122.4,-115.2
20,9,89,73,300,18.81763422818792,1137.028523489933,31.46281040268456,40.5705033557047,178.0383976510067,738.4093959731543,141.46086666666667,-16.200000000000003,-111.6,-18.0,-14.399999999999991,-115.2,-108.0
20,10,88,73,314,18.653621794871796,1284.9110576923076,31.401033653846152,39.40066506410256,176.17204326923076,728.2840544871794,193.40417197452228,-16.200000000000003,-104.39999999999999,-18.0,-14.399999999999991,-108.0,-100.8
20,11,91,74,325,18.7604296875,1249.0859375,31.422031249999996,41.223890625,175.528296875,729.92890625,168.6433846153846,-16.200000000000003,-97.2,-18.0,-14.399999999999991,-100.8,-93.6
20,12,88,72,341,19.02769174041298,1125.8178466076697,31.534749262536874,40.626194690265486,177.83884955752214,734.9575958702065,342.1596774193548,-16.200000000000003,-90.0,-18.0,-14.399999999999991,-93.6,-86.39999999999999
20,13,95,78,353,18.842449856733527,1188.2213467048712,31.3368553008596,40.90399713467049,175.91614613180516,725.2303008595989,461.9302549575071,-16.200000000000003,-82.8,-18.0,-14.399999999999991,-86.39999999999999,-79.2
20,14,139,119,317,18.489833860759497,1035.5680379746836,31.300490506329115,40.50463607594937,175.13994462025317,640.2450949367089,227.0666876971609,-16.200000000000003,-75.6,-18.0,-14.399999999999991,-79.2,-72.0
20,15,26,25,28,19.158482142857142,1099.9910714285713,30.353214285714284,46.941071428571426,170.47473214285716,530.3571428571429,0.36107142857142854,-16.200000000000003,-68.39999999999999,-18.0,-14.399999999999991,-72.0,-64.8
20,19,195,166,307,20.70326986754967,643.9163907284768,31.192160596026486,34.27098509933775,192.37480132450332,451.6279801324503,11.218273615635178,-16.200000000000003,-39.599999999999994,-18.0,-14.399999999999991,-43.19999999999999,-36.0
20,20,89,70,298,18.366786912751678,1178.9630872483222,31.16026845637584,39.63923657718121,186.8572567114094,693.748322147651,17.77721476510067,-16.200000000000003,-32.400000000000006,-18.0,-14.399999999999991,-36.0,-28.799999999999983
20,21,86,66,270,18.842424812030075,1164.4802631578948,31.10397556390977,38.9343984962406,187.20142857142858,708.984022556391,0.37837037037037036,-16.200000000000003,-25.19999999999999,-18.0,-14.399999999999991,-28.799999999999983,-21.599999999999994
20,22,89,70,298,18.50135593220339,1085.6084745762712,31.23193220338983,37.21593220338983,188.5563559322034,711.7529661016949,0.47003355704697986,-16.200000000000003,-18.0,-18.0,-14.399999999999991,-21.599999999999994,-14.400000000000006
20,23,103,81,315,18.136137820512822,1266.8133012820513,31.39316506410256,38.21717147435897,188.81262820512822,694.3465544871794,20.396761904761902,-16.200000000000003,-10.799999999999983,-18.0,-14.399999999999991,-14.400000000000006,-7.199999999999989
20,24,115,95,308,17.893197674418605,1218.5705980066446,31.313031561461795,37.78781561461794,188.56598006644518,664.0170265780731,90.69785714285715,-16.200000000000003,-3.5999999999999943,-18.0,-14.399999999999991,-7.199999999999989,0.0
20,25,96,76,324,18.6471328125,1253.8625,31.2005625,40.0490546875,187.116078125,687.164453125,134.7171913580247,-16.200000000000003,3.5999999999999943,-18.0,-14.399999999999991,0.0,7.200000000000017
20,26,151,125,288,19.187106643356643,1053.6372377622379,31.33424825174825,40.38666083916084,183.29996503496503,601.1962412587412,71.35746527777778,-16.200000000000003,10.800000000000011,-18.0,-14.399999999999991,7.200000000000017,14.400000000000006
20,30,252,185,430,22.62639344262295,550.695550351288,31.936094847775173,37.83864168618267,170.59269320843092,425.85538641686185,90.63958139534883,-16.200000000000003,39.599999999999994,-18.0,-14.399999999999991,36.0,43.20000000000002
20,31,327,234,585,23.945197934595523,375.75215146299485,32.09947074010327,38.54678571428571,166.26826161790018,340.2733648881239,55.17553846153846,-16.200000000000003,46.80000000000001,-18.0,-14.399999999999991,43.20000000000002,50.400000000000006
20,32,116,97,325,19.919589783281733,1070.2314241486067,31.553831269349846,39.31943498452012,178.8248839009288,651.4133126934985,152.54719999999998,-16.200000000000003,54.0,-18.0,-14.399999999999991,50.400000000000006,57.599999999999994
20,33,253,192,533,21.66109640831758,706.9054820415879,31.86616257088847,38.67564744801512,172.1276606805293,526.4600661625709,23.106135084427766,-16.200000000000003,61.20000000000002,-18.0,-14.399999999999991,57.599999999999994,64.80000000000001
20,34,91,73,260,19.09267578125,1280.7265625,31.338486328125,40.3244921875,182.209794921875,688.32275390625,0.6142307692307691,-16.200000000000003,68.4,-18.0,-14.399999999999991,64.80000000000001,72.0
20,35,80,63,252,18.917749003984063,1156.51593625498,31.44753984063745,39.47601593625498,181.50396414342632,698.3052788844622,0.5963492063492064,-16.200000000000003,75.6,-18.0,-14.399999999999991,72.0,79.19999999999999
20,36,82,66,275,19.138166666666667,1150.3314814814814,31.201601851851855,40.795657407407404,181.77577777777776,713.0587962962964,0.5997090909090909,-16.200000000000003,82.80000000000001,-18.0,-14.399999999999991,79.19999999999999,86.40000000000003
20,37,90,72,264,18.598821839080458,1248.4310344827586,31.17852490421456,41.42676245210728,180.9699042145594,725.4233716475096,0.5868939393939394,-16.200000000000003,90.0,-18.0,-14.399999999999991,86.40000000000003,93.60000000000002
20,38,84,65,267,19.524848484848487,1172.3257575757575,31.26255681818182,41.80125,178.7322443181818,737.1619318181819,0.6155056179775281,-16.200000000000003,97.19999999999999,-18.0,-14.399999999999991,93.60000000000002,100.80000000000001
20,39,85,66,265,20.003089353612168,1065.009505703422,31.50013307984791,40.032509505703416,178.73575095057035,717.8236692015209,23.02309433962264,-16.200000000000003,104.40000000000003,-18.0,-14.399999999999991,100.80000000000001,108.0
20,40,95,74,311,18.73039644012945,1208.8956310679612,31.40723300970874,40.60400485436893,183.04570388349515,699.9684466019418,164.5890996784566,-16.200000000000003,111.60000000000002,-18.0,-14.399999999999991,108.0,115.19999999999999
20,41,340,237,712,23.11293018335684,539.5659379407616,31.949425246826518,37.561583215796894,169.63235190409026,438.70627644569817,36.238483146067416,-16.200000000000003,118.80000000000001,-18.0,-14.399999999999991,115.19999999999999,122.40000000000003
20,42,341,232,556,25.062035198555957,194.9345667870036,32.14591155234657,36.51029783393502,165.95641696750903,279.85261732851984,2.0243525179856117,-16.200000000000003,126.0,-18.0,-14.399999999999991,122.40000000000003,129.60000000000002
20,43,147,115,174,25.05263005780347,165.29624277456648,32.08241329479769,36.50794797687861,167.10919075144508,274.92052023121386,2.4251724137931037,-16.200000000000003,133.2,-18.0,-14.399999999999991,129.60000000000002,136.8
20,44,429,281,902,24.94285117056856,246.77146042363432,32.13913879598662,37.12566610925307,166.25403846153847,288.67182274247494,5.446175166297118,-16.200000000000003,140.40000000000003,-18.0,-14.399999999999991,136.8,144.0
20,45,386,264,866,23.870777262180976,402.19750580046406,32.34633990719258,34.923135150812065,167.75899361948956,384.39066125290026,88.44197459584295,-16.200000000000003,147.60000000000002,-18.0,-14.399999999999991,144.0,151.2
20,46,150,109,376,20.902627688172043,888.1149193548387,31.54978494623656,39.91764784946236,174.02185483870966,635.2180779569892,22.67505319148936,-16.200000000000003,154.8,-18.0,-14.399999999999991,151.2,158.40000000000003
20,47,106,86,278,19.931879562043797,1094.6313868613138,31.49632299270073,39.228850364963506,177.91240875912408,685.3845802919708,29.611007194244607,-16.200000000000003,162.0,-18.0,-14.399999999999991,158.40000000000003,165.60000000000002
20,48,259,186,526,22.414082699619772,720.75,31.97063212927757,37.282423954372625,169.8402661596958,480.6903517110266,83.16678707224335,-16.200000000000003,169.2,-18.0,-14.399999999999991,165.60000000000002,172.8
20,49,282,201,563,22.79389928698752,629.786541889483,32.11533422459893,36.06584670231729,169.14151960784315,472.10026737967917,38.01701598579041,-16.200000000000003,176.40000000000003,-18.0,-14.399999999999991,172.8,180.0
21,0,190,149,411,21.403066502463055,854.8959359605911,31.836274630541872,38.12251847290641,171.98591133004925,558.004618226601,55.45345498783455,-12.599999999999994,-176.4,-14.399999999999991,-10.799999999999997,-180.0,-172.8
21,1,177,137,400,21.23268308080808,807.0561868686868,31.813491161616163,37.93919191919192,169.8891792929293,592.7875631313132,248.26427500000003,-12.599999999999994,-169.2,-14.399999999999991,-10.799999999999997,-172.8,-165.6
21,2,85,69,265,19.12469696969697,1103.8390151515152,31.551581439393942,39.15402462121212,173.37006628787879,721.9772727272727,30.64698113207547,-12.599999999999994,-162.0,-14.399999999999991,-10.799999999999997,-165.6,-158.4
21,3,90,72,285,19.752794642857143,1160.5910714285715,31.533491071428575,41.01045535714286,171.00475892857142,723.7089285714286,36.594035087719305,-12.599999999999994,-154.8,-14.399999999999991,-10.799999999999997,-158.4,-151.2
21,4,113,88,312,20.047216828478966,1130.6966019417475,31.52727346278317,41.081618122977346,171.26029126213592,693.0732200647249,144.24794871794873,-12.599999999999994,-147.6,-14.399999999999991,-10.799999999999997,-151.2,-144.0
21,5,88,69,275,18.850185185185186,1202.5574074074075,31.624879629629632,39.13546296296297,173.89276851851852,736.4537037037037,169.30156363636362,-12.599999999999994,-140.4,-14.399999999999991,-10.799999999999997,-144.0,-136.8
21,6,86,68,282,19.11989247311828,1282.774193548387,31.31086917562724,40.92911290322581,174.6785394265233,759.2002688172043,236.4431560283688,-12.599999999999994,-133.2,-14.399999999999991,-10.799999999999997,-136.8,-129.6
21,7,84,67,291,18.890008710801393,1318.3353658536585,31.492003484320556,40.86579268292683,172.9829355400697,751.2534843205575,225.47216494845358,-12.599999999999994,-126.0,-14.399999999999991,-10.799999999999997,-129.6,-122.4
21,8,90,73,298,18.70623310810811,1270.4037162162163,31.085076013513515,42.32648648648649,176.10861486486488,744.6389358108108,309.82345637583893,-12.599999999999994,-118.8,-14.399999999999991,-10.799999999999997,-122.4,-115.2
21,9,92,76,298,19.013656462585036,1269.813775510204,31.41387755102041,40.531819727891154,179.6747619047619,724.8843537414966,203.44224832214766,-12.599999999999994,-111.6,-14.399999999999991,-10.799999999999997,-115.2,-108.0
21,10,90,74,292,19.401155821917808,1065.8878424657535,31.494400684931506,40.965890410958906,175.14284246575343,757.0440924657535,336.3093493150685,-12.599999999999994,-104.39999999999999,-14.399999999999991,-10.799999999999997,-108.0,-100.8
21,11,92,76,318,19.281690705128206,1198.3685897435898,31.642283653846153,39.904278846153844,172.96145833333333,746.4951923076923,295.42801886792455,-12.599999999999994,-97.2,-14.399999999999991,-10.799999999999997,-100.8,-93.6
21,12,90,73,291,19.121498257839722,1165.6559233449477,31.364102787456446,40.50783101045296,175.99635017421602,732.0810104529617,294.14948453608247,-12.599999999999994,-90.0,-14.399999999999991,-10.799999999999997,-93.6,-86.39999999999999
21,13,92,75,307,19.40961092715232,1200.1548013245033,31.13830298013245,42.14176324503311,174.7864486754967,742.8592715231788,488.74693811074917,-12.599999999999994,-82.8,-14.399999999999991,-10.799999999999997,-86.39999999999999,-79.2
21,14,104,88,166,19.195376506024097,1006.5361445783133,31.29301204819277,44.091671686746984,170.91384036144578,604.2501506024096,271.32253012048193,-12.599999999999994,-75.6,-14.399999999999991,-10.799999999999997,-79.2,-72.0
21,19,150,128,216,20.874859813084115,582.751168224299,31.44660046728972,33.757803738317754,190.6016121495327,487.2992990654206,36.39689814814815,-12.599999999999994,-39.599999999999994,-14.399999999999991,-10.799999999999997,-43.19999999999999,-36.0
21,20,90,72,269,18.842453007518795,1114.592105263158,31.22524436090226,38.029802631578946,186.2758552631579,710.4765037593985,34.3871375464684,-12.599999999999994,-32.400000000000006,-14.399999999999991,-10.799999999999997,-36.0,-28.799999999999983
21,21,85,66,288,18.674545454545456,1228.1328671328672,30.904082167832165,40.279833916083916,187.6263111888112,721.3592657342657,0.4348263888888889,-12.599999999999994,-25.19999999999999,-14.399999999999991,-10.799999999999997,-28.799999999999983,-21.599999999999994
21,22,89,70,273,18.402472014925372,1195.4701492537313,31.08040111940299,39.5244776119403,188.31504664179104,705.3064365671642,28.382820512820512,-12.599999999999994,-18.0,-14.399999999999991,-10.799999999999997,-21.599999999999994,-14.400000000000006
21,23,101,80,300,18.331237201365187,1157.2662116040956,31.383310580204775,37.70669795221843,187.29321672354948,704.6023890784983,11.995766666666666,-12.599999999999994,-10.799999999999983,-14.399999999999991,-10.799999999999997,-14.400000000000006,-7.199999999999989
21,24,124,101,307,18.45415573770492,1195.7918032786886,31.516073770491804,37.57699180327869,186.2289918032787,645.1729508196721,45.0557003257329,-12.599999999999994,-3.5999999999999943,-14.399999999999991,-10.799999999999997,-7.199999999999989,0.0
21,25,93,73,287,18.111083916083917,1253.166958041958,31.308653846153845,38.04347027972028,188.61716783216784,705.1927447552448,37.63257839721254,-12.599999999999994,3.5999999999999943,-14.399999999999991,-10.799999999999997,0.0,7.200000000000017
21,26,184,151,404,19.262412718204487,913.9145885286783,31.21134039900249,39.44334788029925,183.94720698254363,591.1721945137157,108.02148514851486,-12.599999999999994,10.800000000000011,-14.399999999999991,-10.799999999999997,7.200000000000017,14.400000000000006
21,30,178,145,244,22.98390756302521,560.0640756302521,32.007279411764706,37.43879201680672,169.3257037815126,430.1467962184874,65.77151639344262,-12.599999999999994,39.599999999999994,-14.399999999999991,-10.799999999999997,36.0,43.20000000000002
21,31,342,251,745,22.803406630581865,579.8024357239512,31.937161705006766,38.9467050067659,170.2120196211096,432.64808863328824,170.89006711409397,-12.599999999999994,46.80000000000001,-14.399999999999991,-10.799999999999997,43.20000000000002,50.400000000000006
21,32,79,62,242,19.393682572614107,1145.448132780083,31.48847510373444,39.61378630705394,179.28260373443982,738.6364107883818,106.20987603305785,-12.599999999999994,54.0,-14.399999999999991,-10.799999999999997,50.400000000000006,57.599999999999994
21,33,223,168,467,21.75717062634989,720.5161987041037,31.91387688984881,38.86641468682506,173.637656587473,528.033747300216,41.76933618843683,-12.599999999999994,61.20000000000002,-14.399999999999991,-10.799999999999997,57.599999999999994,64.80000000000001
21,34,88,69,285,19.81969858156028,1201.697695035461,31.400726950354613,40.781781914893614,178.46105496453902,736.436170212766,14.29961403508772,-12.599999999999994,68.4,-14.399999999999991,-10.799999999999997,64.80000000000001,72.0
21,35,81,63,240,19.30074152542373,1150.0444915254238,31.388093220338984,39.45709745762712,181.37202330508475,730.8659957627119,21.867583333333336,-12.599999999999994,75.6,-14.399999999999991,-10.799999999999997,72.0,79.19999999999999
21,36,89,69,329,19.164279141104295,1173.7231595092026,31.396917177914112,40.321035276073616,180.8999846625767,724.1353527607362,0.6970516717325228,-12.599999999999994,82.80000000000001,-14.399999999999991,-10.799999999999997,79.19999999999999,86.40000000000003
21,37,91,70,300,18.7246237458194,1134.4899665551839,31.531948160535116,38.21808528428094,181.66701505016724,697.9515050167224,0.6433666666666666,-12.599999999999994,90.0,-14.399999999999991,-10.799999999999997,86.40000000000003,93.60000000000002
21,38,124,99,343,20.126708579881658,1086.0991124260354,31.340347633136094,39.30855029585799,179.25987426035505,647.4715236686391,66.34259475218659,-12.599999999999994,97.19999999999999,-14.399999999999991,-10.799999999999997,93.60000000000002,100.80000000000001
21,39,108,88,312,19.460819805194806,1126.1314935064936,31.259797077922077,41.44127435064935,180.42078733766235,698.9926948051948,67.14182692307692,-12.599999999999994,104.40000000000003,-14.399999999999991,-10.799999999999997,100.80000000000001,108.0
21,40,93,74,315,19.283524193548388,1160.425,31.64908870967742,39.80010483870968,180.08157258064514,692.166129032258,18.82453968253968,-12.599999999999994,111.60000000000002,-14.399999999999991,-10.799999999999997,108.0,115.19999999999999
21,41,147,116,336,21.355307807807808,806.003003003003,31.761794294294294,39.054857357357356,173.22677177177178,599.649024024024,50.17291666666667,-12.599999999999994,118.80000000000001,-14.399999999999991,-10.799999999999997,115.19999999999999,122.40000000000003
21,42,437,286,1257,24.620976000000002,280.6492,32.04831,37.698634000000006,166.146838,325.1598,10.835544948289579,-12.599999999999994,126.0,-14.399999999999991,-10.799999999999997,122.40000000000003,129.60000000000002
21,43,452,291,1150,25.231279527559057,196.40266841644794,32.22717847769029,36.09326552930884,165.11095144356955,285.0153105861767,2.073930434782609,-12.599999999999994,133.2,-14.399999999999991,-10.799999999999997,129.60000000000002,136.8
21,44,470,300,1326,24.963668437025795,219.17830045523522,32.23794575113809,36.53364188163885,166.24863998482547,286.9309559939302,4.654034690799397,-12.599999999999994,140.40000000000003,-14.399999999999991,-10.799999999999997,136.8,144.0
21,45,249,191,504,22.09568363273453,697.377245508982,31.97632734530938,36.774825349301395,171.9056387225549,504.9124251497006,202.42478174603173,-12.599999999999994,147.60000000000002,-14.399999999999991,-10.799999999999997,144.0,151.2
21,46,227,174,469,22.25167741935484,679.6521505376344,31.915021505376345,37.8179623655914,171.71814516129032,512.5034946236559,9.012025586353943,-12.599999999999994,154.8,-14.399999999999991,-10.799999999999997,151.2,158.40000000000003
21,47,163,127,344,21.176649408284025,899.9260355029586,31.630443786982248,39.222936390532546,173.84313609467458,619.0857988165681,8.101279069767441,-12.599999999999994,162.0,-14.399999999999991,-10.799999999999997,158.40000000000003,165.60000000000002
21,48,215,164,432,21.831982558139536,822.7470930232558,32.00139534883721,37.17216860465116,171.12332558139533,546.7764534883721,18.89576388888889,-12.599999999999994,169.2,-14.399999999999991,-10.799999999999997,165.60000000000002,172.8
21,49,148,113,338,21.193846726190475,840.4144345238095,31.675215773809523,38.78699404761905,173.5184300595238,609.2533482142857,49.152958579881656,-12.599999999999994,176.40000000000003,-14.399999999999991,-10.799999999999997,172.8,180.0
22,0,94,76,286,19.735640569395017,1180.3950177935942,31.41005338078292,40.9706049822064,175.3860053380783,709.7967081850534,56.03713286713287,-9.0,-176.4,-10.799999999999997,-7.200000000000003,-180.0,-172.8
22,1,120,96,366,19.76310773480663,1081.5973756906078,31.688176795580112,39.264779005524865,171.68707182320443,670.2368784530387,53.28551912568306,-9.0,-169.2,-10.799999999999997,-7.200000000000003,-172.8,-165.6
22,2,107,89,304,18.857383720930233,1158.6835548172758,31.47573920265781,40.27414451827242,172.8889119601329,691.3529900332226,0.6592105263157895,-9.0,-162.0,-10.799999999999997,-7.200000000000003,-165.6,-158.4
22,3,106,88,327,19.057253846153845,1079.933076923077,31.586307692307695,38.85458461538462,174.05437692307692,678.3684615384616,17.574495412844037,-9.0,-154.8,-10.799999999999997,-7.200000000000003,-158.4,-151.2
22,4,98,77,316,20.01937699680511,1142.7723642172523,31.66265974440895,40.12154153354633,170.13952076677316,737.0555111821086,374.995917721519,-9.0,-147.6,-10.799999999999997,-7.200000000000003,-151.2,-144.0
22,5,166,132,421,20.455614457831324,1004.5246987951807,31.690927710843376,38.97367469879518,170.31576506024095,651.0144578313253,196.84332541567696,-9.0,-140.4,-10.799999999999997,-7.200000000000003,-144.0,-136.8
22,6,85,68,344,19.303171091445428,1221.651179941003,31.26270648967552,42.79507374631269,173.80657079646016,759.8738938053098,353.5788081395349,-9.0,-133.2,-10.799999999999997,-7.200000000000003,-136.8,-129.6
22,7,86,68,314,19.3916214057508,1174.5503194888179,31.16988817891374,42.62632587859425,173.71858626198085,770.7771565495208,392.9743312101911,-9.0,-126.0,-10.799999999999997,-7.200000000000003,-129.6,-122.4
22,8,95,76,358,19.393573446327682,1202.4795197740114,31.268411016949152,40.76173728813559,174.8675141242938,779.9039548022599,417.67977653631283,-9.0,-118.8,-10.799999999999997,-7.200000000000003,-122.4,-115.2
22,9,93,75,347,18.908969298245616,1156.6140350877192,31.470380116959067,39.332434210526316,173.04491228070177,713.6962719298245,245.95040345821323,-9.0,-111.6,-10.799999999999997,-7.200000000000003,-115.2,-108.0
22,10,92,76,328,19.076784615384614,1149.0607692307692,31.5686,40.60601538461538,173.4218153846154,721.5907692307692,356.39865853658534,-9.0,-104.39999999999999,-10.799999999999997,-7.200000000000003,-108.0,-100.8
22,11,94,78,387,18.82748041775457,1091.3981723237598,31.382284595300263,40.7428590078329,174.3655091383812,735.8280026109661,359.1759689922481,-9.0,-97.2,-10.799999999999997,-7.200000000000003,-100.8,-93.6
22,12,94,76,392,18.756001291989666,1162.0374677002585,31.341899224806202,40.571434108527136,175.07403746770024,750.9299095607236,405.1304846938775,-9.0,-90.0,-10.799999999999997,-7.200000000000003,-93.6,-86.39999999999999
22,13,140,118,420,19.712760922330098,924.2675970873786,31.289587378640775,40.20840412621359,174.2671662621359,711.2566747572815,493.578880952381,-9.0,-82.8,-10.799999999999997,-7.200000000000003,-86.39999999999999,-79.2
22,14,59,55,65,19.036692307692306,799.6076923076923,31.017115384615384,40.337384615384615,174.1485,495.45384615384614,7.240615384615385,-9.0,-75.6,-10.799999999999997,-7.200000000000003,-79.2,-72.0
22,19,27,27,27,21.249074074074073,356.24074074074076,30.912777777777777,34.99333333333333,192.89296296296294,366.0138888888889,0.8507407407407407,-9.0,-39.599999999999994,-10.799999999999997,-7.200000000000003,-43.19999999999999,-36.0
22,20,189,156,428,20.01244131455399,874.8327464788732,31.047828638497652,36.987276995305166,187.85153169014086,600.2580399061032,78.18116822429907,-9.0,-32.400000000000006,-10.799999999999997,-7.200000000000003,-36.0,-28.799999999999983
22,21,87,68,308,18.875422185430462,1036.6581125827815,30.944006622516557,39.022400662251655,188.21985927152318,722.1725993377484,90.28285714285714,-9.0,-25.19999999999999,-10.799999999999997,-7.200000000000003,-28.799999999999983,-21.599999999999994
22,22,102,82,325,18.441627725856698,1163.5179127725858,31.00204828660436,39.329696261682244,185.46643302180684,695.1947040498443,38.44550769230769,-9.0,-18.0,-10.799999999999997,-7.200000000000003,-21.599999999999994,-14.400000000000006
22,23,121,101,406,18.459092039800996,1167.1847014925372,31.293289800995026,38.09649875621891,187.5507027363184,669.1691542288557,67.69226600985222,-9.0,-10.799999999999983,-10.799999999999997,-7.200000000000003,-14.400000000000006,-7.199999999999989
22,24,97,78,336,18.299166666666668,1163.5787878787878,31.542825757575756,37.01509848484849,189.2665,701.5757575757576,14.790238095238093,-9.0,-3.5999999999999943,-10.799999999999997,-7.200000000000003,-7.199999999999989,0.0
22,25,99,79,331,18.72661094224924,1135.0585106382978,31.213480243161097,39.1495820668693,185.94282674772037,692.7108662613982,78.60546827794562,-9.0,3.5999999999999943,-10.799999999999997,-7.200000000000003,0.0,7.200000000000017
22,26,198,166,495,19.17577743902439,948.973069105691,31.2684756097561,39.05047764227642,184.74297764227643,543.1415142276422,82.21620202020202,-9.0,10.800000000000011,-10.799999999999997,-7.200000000000003,7.200000000000017,14.400000000000006
22,30,225,173,354,22.43408640226629,623.643059490085,31.846735127478752,38.91966005665722,169.82890226628896,473.3768767705383,66.98305084745763,-9.0,39.599999999999994,-10.799999999999997,-7.200000000000003,36.0,43.20000000000002
22,31,171,139,422,20.471427710843372,991.2289156626506,31.372415662650603,38.857391566265065,178.44515060240965,599.3411144578313,133.4159241706161,-9.0,46.80000000000001,-10.799999999999997,-7.200000000000003,43.20000000000002,50.400000000000006
22,32,206,168,479,21.261039915966386,773.093487394958,31.67308298319328,39.45948004201681,174.56169642857145,577.3771008403361,88.95762004175364,-9.0,54.0,-10.799999999999997,-7.200000000000003,50.400000000000006,57.599999999999994
22,33,241,192,545,21.443367346938775,798.7949907235621,31.65853896103896,40.244508348794064,174.68552875695732,545.0796150278293,106.29330275229357,-9.0,61.20000000000002,-10.799999999999997,-7.200000000000003,57.599999999999994,64.80000000000001
22,34,121,94,356,20.110868644067796,1146.622175141243,31.114922316384185,41.90217514124294,180.7465324858757,659.7461158192091,11.68120786516854,-9.0,68.4,-10.799999999999997,-7.200000000000003,64.80000000000001,72.0
22,35,114,95,339,20.08569196428571,1026.96875,31.55053571428571,40.93246279761905,177.66465773809523,643.0438988095239,39.99418879056047,-9.0,75.6,-10.799999999999997,-7.200000000000003,72.0,79.19999999999999
22,36,85,67,306,19.802326732673265,1151.9843234323432,31.262706270627064,40.932112211221124,179.1662706270627,715.4414191419141,0.7484313725490196,-9.0,82.80000000000001,-10.799999999999997,-7.200000000000003,79.19999999999999,86.40000000000003
22,37,83,65,283,19.511935483870968,1142.442652329749,31.133960573476703,40.80527777777778,180.05386200716848,676.6397849462365,19.524063604240283,-9.0,90.0,-10.799999999999997,-7.200000000000003,86.40000000000003,93.60000000000002
22,38,81,65,282,19.93705516014235,1070.0071174377224,31.56738434163701,39.66137900355872,176.4282740213523,699.8874555160143,36.88414893617021,-9.0,97.19999999999999,-10.799999999999997,-7.200000000000003,93.60000000000002,100.80000000000001
22,39,199,151,420,20.962189737470165,856.4665871121719,31.553215990453463,39.65566825775656,175.9525417661098,566.2268943914081,101.34683333333334,-9.0,104.40000000000003,-10.799999999999997,-7.200000000000003,100.80000000000001,108.0
22,40,374,258,763,23.446645695364236,494.8599337748344,31.76069205298013,39.22088741721854,169.22144701986755,381.39698675496686,17.67346002621232,-9.0,111.60000000000002,-10.799999999999997,-7.200000000000003,108.0,115.19999999999999
22,41,495,320,1306,24.41633653846154,337.4315384615385,32.02378076923077,37.122453846153846,166.7441076923077,328.4797115384615,22.84860643185299,-9.0,118.80000000000001,-10.799999999999997,-7.200000000000003,115.19999999999999,122.40000000000003
22,42,479,309,1235,24.40908943089431,318.44756097560975,32.052774390243904,37.67582723577236,166.06618699186993,345.36054878048776,14.753295546558704,-9.0,126.0,-10.799999999999997,-7.200000000000003,122.40000000000003,129.60000000000002
22,43,505,321,1772,24.60540648095509,266.51478112563956,32.055545764639,37.616351620238774,166.58549175667994,301.2229249573621,5.95785553047404,-9.0,133.2,-10.799999999999997,-7.200000000000003,129.60000000000002,136.8
22,44,459,300,1380,24.890604897660822,233.37116228070175,32.06293676900585,37.748552631578946,166.10640350877193,292.60036549707604,2.577550724637681,-9.0,140.40000000000003,-10.799999999999997,-7.200000000000003,136.8,144.0
22,45,493,315,1315,24.408386294027565,314.76205972434917,32.26936830015314,34.93946975497703,167.50246937212864,321.4514739663093,16.53651711026616,-9.0,147.60000000000002,-10.799999999999997,-7.200000000000003,144.0,151.2
22,46,393,272,877,23.838811710677383,407.859644087256,32.12463260619977,36.14609644087256,167.36983352468428,365.33788748564865,31.245142531356898,-9.0,154.8,-10.799999999999997,-7.200000000000003,151.2,158.40000000000003
22,47,344,236,758,23.551073803191493,457.0754654255319,32.15811170212766,35.44592420212766,167.39679521276597,399.3133311170213,39.39030343007915,-9.0,162.0,-10.799999999999997,-7.200000000000003,158.40000000000003,165.60000000000002
22,48,142,115,383,20.950565789473686,899.6677631578947,31.675361842105264,38.98725657894737,174.0304144736842,634.0092105263158,42.95378590078329,-9.0,169.2,-10.799999999999997,-7.200000000000003,165.60000000000002,172.8
22,49,173,131,400,21.76,863.8450255102041,31.74077806122449,38.52260204081633,171.7642410714286,596.6208545918367,108.649025,-9.0,176.40000000000003,-10.799999999999997,-7.200000000000003,172.8,180.0
23,0,97,74,243,20.189118257261413,1118.7240663900416,31.31198132780083,40.58973029045643,175.21341286307054,689.0757261410788,0.57440329218107,-5.3999999999999915,-176.4,-7.200000000000003,-3.5999999999999943,-180.0,-172.8
23,1,115,92,321,20.251543887147335,1060.9396551724137,31.586442006269596,39.894145768025076,169.5253996865204,681.355407523511,31.503831775700935,-5.3999999999999915,-169.2,-7.200000000000003,-3.5999999999999943,-172.8,-165.6
23,2,81,63,258,18.69453125,1254.0166015625,31.50453125,39.810341796875,171.24958984375002,726.0732421875,55.20325581395349,-5.3999999999999915,-162.0,-7.200000000000003,-3.5999999999999943,-165.6,-158.4
23,3,105,85,265,19.47408143939394,1204.5075757575758,31.340246212121215,39.844185606060606,174.10077651515152,702.3513257575758,19.929584905660374,-5.3999999999999915,-154.8,-7.200000000000003,-3.5999999999999943,-158.4,-151.2
23,4,84,68,286,19.779991197183097,1041.4198943661972,31.386575704225354,40.1731514084507,172.46072183098593,766.5321302816901,279.76814685314685,-5.3999999999999915,-147.6,-7.200000000000003,-3.5999999999999943,-151.2,-144.0
23,5,84,67,270,18.636526217228464,1116.6544943820224,31.47718164794007,39.48199438202247,171.793595505618,739.1128277153558,362.5031851851852,-5.3999999999999915,-140.4,-7.200000000000003,-3.5999999999999943,-144.0,-136.8
23,6,87,71,330,18.89674772036474,1272.5463525835867,31.16929331306991,41.18825227963526,174.717773556231,755.5737082066869,473.36051515151513,-5.3999999999999915,-133.2,-7.200000000000003,-3.5999999999999943,-136.8,-129.6
23,7,84,69,282,18.609375,1222.3089285714286,31.217973214285713,40.258223214285714,173.14664285714284,772.515625,522.6627659574468,-5.3999999999999915,-126.0,-7.200000000000003,-3.5999999999999943,-129.6,-122.4
23,8,88,71,338,19.313482142857143,1176.3511904761904,31.224114583333332,40.69316964285714,173.8212574404762,747.4780505952381,594.5672485207101,-5.3999999999999915,-118.8,-7.200000000000003,-3.5999999999999943,-122.4,-115.2
23,9,89,74,281,18.679559352517984,1211.7491007194244,31.405854316546762,39.74351618705036,174.209964028777,739.0080935251799,415.9001779359431,-5.3999999999999915,-111.6,-7.200000000000003,-3.5999999999999943,-115.2,-108.0
23,10,90,73,339,19.29937874251497,1133.7709580838323,31.54756736526946,40.16081586826347,172.66339071856288,738.5572604790419,440.4337758112094,-5.3999999999999915,-104.39999999999999,-7.200000000000003,-3.5999999999999943,-108.0,-100.8
23,11,90,74,315,18.89232258064516,1203.7266129032257,31.499145161290325,39.29283064516129,172.46391129032259,724.016129032258,394.1010476190476,-5.3999999999999915,-97.2,-7.200000000000003,-3.5999999999999943,-100.8,-93.6
23,12,89,74,301,19.521090604026845,1099.4941275167785,31.31351510067114,41.14378355704698,173.8764597315436,788.3615771812081,541.7644186046512,-5.3999999999999915,-90.0,-7.200000000000003,-3.5999999999999943,-93.6,-86.39999999999999
23,13,140,119,343,18.786772997032642,1169.3716617210682,31.193635014836794,40.90033382789318,177.00619436201782,637.1991839762611,353.64568513119536,-5.3999999999999915,-82.8,-7.200000000000003,-3.5999999999999943,-86.39999999999999,-79.2
23,19,122,106,155,21.13348387096774,549.5532258064516,31.189225806451613,33.85956451612903,187.86187096774194,427.01919354838714,2.3358064516129033,-5.3999999999999915,-39.599999999999994,-7.200000000000003,-3.5999999999999943,-43.19999999999999,-36.0
23,20,178,148,389,19.76831829896907,865.645618556701,31.35586984536082,35.85976804123711,187.97039304123712,585.4845360824743,148.26154241645244,-5.3999999999999915,-32.400000000000006,-7.200000000000003,-3.5999999999999943,-36.0,-28.799999999999983
23,21,86,69,313,18.57009677419355,1151.9637096774193,31.048467741935482,38.54908064516129,186.77665322580646,705.958870967742,16.62597444089457,-5.3999999999999915,-25.19999999999999,-7.200000000000003,-3.5999999999999943,-28.799999999999983,-21.599999999999994
23,22,87,69,267,18.850836501901142,1128.4828897338402,31.263992395437263,38.371701520912545,186.07476235741444,696.5522813688212,45.30973782771536,-5.3999999999999915,-18.0,-7.200000000000003,-3.5999999999999943,-21.599999999999994,-14.400000000000006
23,23,98,77,316,18.796189710610932,1160.1832797427653,31.18313504823151,38.736663987138265,187.37336816720259,705.6539389067524,79.17674050632911,-5.3999999999999915,-10.799999999999983,-7.200000000000003,-3.5999999999999943,-14.400000000000006,-7.199999999999989
23,24,100,79,304,18.425216666666664,1147.925,31.098483333333334,39.3311,189.26603333333333,702.0195833333333,62.99559210526316,-5.3999999999999915,-3.5999999999999943,-7.200000000000003,-3.5999999999999943,-7.199999999999989,0.0
23,25,110,89,305,18.54933774834437,1200.4569536423842,31.086506622516556,38.80425496688742,188.7446440397351,645.5293874172186,0.7811147540983607,-5.3999999999999915,3.5999999999999943,-7.200000000000003,-3.5999999999999943,0.0,7.200000000000017
23,26,193,160,371,19.685858310626703,908.8174386920981,30.77805858310627,40.10041553133515,182.22572888283378,530.1120572207085,113.90867924528303,-5.3999999999999915,10.800000000000011,-7.200000000000003,-3.5999999999999943,7.200000000000017,14.400000000000006
23,30,238,183,371,23.117974254742546,480.2784552845528,32.1504945799458,37.55769647696477,168.25537940379405,407.6048780487805,47.32180592991914,-5.3999999999999915,39.599999999999994,-7.200000000000003,-3.5999999999999943,36.0,43.20000000000002
23,31,85,66,265,19.10150579150579,1284.3938223938223,31.175521235521234,41.01090733590734,180.50913127413128,721.1375482625483,282.2091320754717,-5.3999999999999915,46.80000000000001,-7.200000000000003,-3.5999999999999943,43.20000000000002,50.400000000000006
23,32,352,252,756,23.08045605858855,595.9330892143809,31.94974034620506,39.10239014647137,169.52816577896138,437.19217709720374,179.46937830687833,-5.3999999999999915,54.0,-7.200000000000003,-3.5999999999999943,50.400000000000006,57.599999999999994
23,33,78,62,241,19.845052083333332,1247.1041666666667,31.328927083333333,40.77647916666667,177.22082291666666,706.0135416666667,185.20290456431536,-5.3999999999999915,61.20000000000002,-7.200000000000003,-3.5999999999999943,57.599999999999994,64.80000000000001
23,34,169,135,364,21.539909722222223,864.9416666666667,31.7363125,39.618208333333335,174.1738125,581.6942013888889,93.22587912087913,-5.3999999999999915,68.4,-7.200000000000003,-3.5999999999999943,64.80000000000001,72.0
23,35,181,148,396,21.48534351145038,728.4503816793894,31.70828244274809,39.644701017811705,172.8894720101781,562.5697519083969,29.958156565656566,-5.3999999999999915,75.6,-7.200000000000003,-3.5999999999999943,72.0,79.19999999999999
23,36,79,59,267,19.810370722433458,1037.940114068441,31.371549429657797,41.43580798479088,176.9965969581749,708.2195817490494,39.18026217228464,-5.3999999999999915,82.80000000000001,-7.200000000000003,-3.5999999999999943,79.19999999999999,86.40000000000003
23,37,74,57,234,19.7771875,1130.5193965517242,31.16691810344828,40.94177801724138,177.1407219827586,675.7952586206897,41.334273504273504,-5.3999999999999915,90.0,-7.200000000000003,-3.5999999999999943,86.40000000000003,93.60000000000002
23,38,95,77,280,19.688790322580644,1204.9094982078852,31.323413978494624,42.4333064516129,177.14629032258065,677.3158602150538,34.572785714285715,-5.3999999999999915,97.19999999999999,-7.200000000000003,-3.5999999999999943,93.60000000000002,100.80000000000001
23,39,453,303,979,24.803378099173557,245.1327479338843,32.067029958677686,37.77008006198347,165.2048347107438,292.30294421487605,1.2246986721144024,-5.3999999999999915,104.40000000000003,-7.200000000000003,-3.5999999999999943,100.80000000000001,108.0
23,40,463,294,1465,25.226305096418734,218.27083333333334,31.99867424242424,38.12506026170799,164.67838154269973,279.386794077135,0.8875221843003414,-5.3999999999999915,111.60000000000002,-7.200000000000003,-3.5999999999999943,108.0,115.19999999999999
23,41,497,313,1465,24.98505144032922,236.18587105624144,32.17049382716049,36.088158436213995,165.72105452674896,283.110939643347,0.8830170648464163,-5.3999999999999915,118.80000000000001,-7.200000000000003,-3.5999999999999943,115.19999999999999,122.40000000000003
23,42,331,234,654,23.86190789473684,499.55843653250776,31.967693498452014,37.97148219814241,167.01718653250774,393.8047600619195,39.657003058103975,-5.3999999999999915,126.0,-7.200000000000003,-3.5999999999999943,122.40000000000003,129.60000000000002
23,43,472,304,1242,24.552935667752443,287.0600570032573,32.07490024429968,37.331113599348534,166.41843444625405,325.22257736156354,27.083003220611914,-5.3999999999999915,133.2,-7.200000000000003,-3.5999999999999943,129.60000000000002,136.8
23,44,185,141,234,25.451848290598292,181.57264957264957,32.10654914529915,38.351089743589746,162.41375,290.4375,0.6848717948717948,-5.3999999999999915,140.40000000000003,-7.200000000000003,-3.5999999999999943,136.8,144.0
23,45,389,271,789,24.599168789808918,269.69267515923565,32.19076433121019,35.88193312101911,165.75318789808918,330.49283439490443,17.108973384030417,-5.3999999999999915,147.60000000000002,-7.200000000000003,-3.5999999999999943,144.0,151.2
23,46,385,262,817,24.111064814814817,374.2219135802469,32.18196296296296,36.81247530864197,167.18566049382719,377.16898148148147,18.697380660954714,-5.3999999999999915,154.8,-7.200000000000003,-3.5999999999999943,151.2,158.40000000000003
23,47,135,111,302,20.829513422818792,770.746644295302,31.73445469798658,38.04010067114094,175.36994127516778,609.0541107382551,29.160562913907285,-5.3999999999999915,162.0,-7.200000000000003,-3.5999999999999943,158.40000000000003,165.60000000000002
23,48,73,55,252,20.014601593625496,1167.7241035856573,31.335059760956177,41.816603585657376,178.07177290836654,729.0099601593625,15.218888888888888,-5.3999999999999915,169.2,-7.200000000000003,-3.5999999999999943,165.60000000000002,172.8
23,49,109,88,300,20.050092281879195,1026.4496644295302,31.5106711409396,39.77393456375839,174.55495805369128,658.8401845637584,26.698233333333334,-5.3999999999999915,176.40000000000003,-7.200000000000003,-3.5999999999999943,172.8,180.0
24,0,83,64,267,19.618850574712646,1180.594827586207,31.47625478927203,41.308726053639845,174.2561685823755,727.0397509578544,35.85569288389513,-1.7999999999999972,-176.4,-3.5999999999999943,0.0,-180.0,-172.8
24,1,102,84,277,19.548181818181817,1163.8354545454545,31.594827272727272,38.7613,171.23033636363635,666.7804545454545,103.45913357400723,-1.7999999999999972,-169.2,-3.5999999999999943,0.0,-172.8,-165.6
24,2,87,70,268,18.761676136363633,1116.0217803030303,31.757348484848485,38.34037878787879,169.8716287878788,703.234375,94.57638059701493,-1.7999999999999972,-162.0,-3.5999999999999943,0.0,-165.6,-158.4
24,3,80,64,283,18.885458633093528,1306.1070143884892,31.329676258992805,41.196789568345324,172.59383992805755,715.8048561151079,52.2052296819788,-1.7999999999999972,-154.8,-3.5999999999999943,0.0,-158.4,-151.2
24,4,84,67,269,18.759877358490566,1187.9283018867925,31.479103773584903,40.38021698113207,171.53127358490565,756.4014150943397,437.9024535315985,-1.7999999999999972,-147.6,-3.5999999999999943,0.0,-151.2,-144.0
24,5,88,71,258,19.1425395256917,1160.8537549407115,31.518053359683794,40.97082015810277,170.91745059288536,762.6353754940711,494.2058139534884,-1.7999999999999972,-140.4,-3.5999999999999943,0.0,-144.0,-136.8
24,6,84,69,309,18.356846405228758,1281.6674836601308,31.37326797385621,40.49707516339869,174.85628267973857,733.0167483660131,390.6890291262136,-1.7999999999999972,-133.2,-3.5999999999999943,0.0,-136.8,-129.6
24,7,81,65,268,19.376428571428573,1203.576127819549,31.395103383458647,41.014520676691724,171.29234962406014,747.609492481203,391.16313432835824,-1.7999999999999972,-126.0,-3.5999999999999943,0.0,-129.6,-122.4
24,8,85,69,278,18.75082427536232,1210.830615942029,31.112898550724637,41.007445652173914,175.27709239130436,761.8491847826087,521.2958273381295,-1.7999999999999972,-118.8,-3.5999999999999943,0.0,-122.4,-115.2
24,9,89,72,298,18.71839527027027,1371.3783783783783,31.133310810810816,41.364374999999995,176.42043074324326,717.3826013513514,309.8036241610738,-1.7999999999999972,-111.6,-3.5999999999999943,0.0,-115.2,-108.0
24,10,85,68,282,19.026285714285713,1115.5910714285715,31.048526785714284,40.53479464285714,176.57351785714286,747.1263392857143,323.1425886524823,-1.7999999999999972,-104.39999999999999,-3.5999999999999943,0.0,-108.0,-100.8
24,11,96,80,356,19.214115168539326,1156.560393258427,31.482120786516855,39.753272471910115,171.60441011235955,756.9480337078652,458.52424157303375,-1.7999999999999972,-97.2,-3.5999999999999943,0.0,-100.8,-93.6
24,12,173,147,464,19.82135917030568,973.7276200873363,31.48819868995633,39.26269104803494,171.30348253275108,626.8635371179039,292.39415948275865,-1.7999999999999972,-90.0,-3.5999999999999943,0.0,-93.6,-86.39999999999999
24,13,157,135,370,19.792110655737705,909.3517759562842,31.40169398907104,40.54931010928962,173.59118169398906,612.526543715847,199.79275675675677,-1.7999999999999972,-82.8,-3.5999999999999943,0.0,-86.39999999999999,-79.2
24,17,11,11,11,24.524772727272726,92.29545454545455,27.816363636363636,39.35136363636364,196.36636363636362,233.1931818181818,0.10272727272727272,-1.7999999999999972,-54.0,-3.5999999999999943,0.0,-57.599999999999994,-50.400000000000006
24,18,227,186,400,21.9346608040201,349.44472361809045,30.72221733668342,33.99586055276382,192.23040201005026,382.59579145728645,0.81355,-1.7999999999999972,-46.79999999999998,-3.5999999999999943,0.0,-50.400000000000006,-43.19999999999999
24,19,224,183,474,20.7687552742616,729.3417721518987,31.214251054852323,34.84990506329114,189.77102320675104,498.3206223628692,15.769789029535865,-1.7999999999999972,-39.599999999999994,-3.5999999999999943,0.0,-43.19999999999999,-36.0
24,20,89,70,280,18.52068100358423,1209.1594982078852,31.167213261648747,39.58644265232975,185.60284946236558,698.6438172043011,43.98460714285714,-1.7999999999999972,-32.400000000000006,-3.5999999999999943,0.0,-36.0,-28.799999999999983
24,21,93,75,297,18.565223367697595,1262.0876288659795,30.9866323024055,39.420798969072166,187.20570446735397,700.3337628865979,64.65306397306396,-1.7999999999999972,-25.19999999999999,-3.5999999999999943,0.0,-28.799999999999983,-21.599999999999994
24,22,93,76,266,18.075992366412212,1431.6574427480916,30.981841603053436,39.46658396946565,187.43973282442747,691.0066793893129,71.61875939849624,-1.7999999999999972,-18.0,-3.5999999999999943,0.0,-21.599999999999994,-14.400000000000006
24,23,93,73,327,17.753353846153846,1280.5123076923078,31.13073846153846,38.046284615384614,188.26556923076922,681.1834615384615,59.403211009174306,-1.7999999999999972,-10.799999999999983,-3.5999999999999943,0.0,-14.400000000000006,-7.199999999999989
24,24,88,67,292,18.979439655172413,1137.768103448276,31.200189655172416,39.822560344827586,185.67712068965517,703.7301724137931,269.7994178082192,-1.7999999999999972,-3.5999999999999943,-3.5999999999999943,0.0,-7.199999999999989,0.0
24,25,111,90,351,18.39945868945869,1070.451566951567,31.20516381766382,37.676730769230765,187.48970085470083,682.482905982906,117.37438746438747,-1.7999999999999972,3.5999999999999943,-3.5999999999999943,0.0,0.0,7.200000000000017
24,26,173,150,277,20.68937272727273,619.0809090909091,30.857609090909094,39.13226363636363,182.22845454545453,442.33590909090907,132.6505776173285,-1.7999999999999972,10.800000000000011,-3.5999999999999943,0.0,7.200000000000017,14.400000000000006
24,30,224,169,297,23.413533898305086,372.61101694915254,31.98885593220339,36.957813559322034,168.97771186440679,374.50139830508476,14.466195286195287,-1.7999999999999972,39.599999999999994,-3.5999999999999943,0.0,36.0,43.20000000000002
24,31,94,74,330,19.379551671732525,1258.1337386018238,31.159893617021275,41.286664133738604,181.44373100303952,712.8996960486322,284.63942424242424,-1.7999999999999972,46.80000000000001,-3.5999999999999943,0.0,43.20000000000002,50.400000000000006
24,32,90,72,257,19.69282738095238,1092.6656746031747,31.23500992063492,40.42364087301587,178.65919642857142,711.094742063492,432.8725680933852,-1.7999999999999972,54.0,-3.5999999999999943,0.0,50.400000000000006,57.599999999999994
24,33,72,58,258,20.274544573643414,1068.9418604651162,30.949292635658917,43.8752519379845,178.9427519379845,729.5377906976744,267.6007751937984,-1.7999999999999972,61.20000000000002,-3.5999999999999943,0.0,57.599999999999994,64.80000000000001
24,34,85,67,257,20.24401185770751,1064.548418972332,31.358162055335967,41.58911067193676,175.2337351778656,717.5029644268775,72.13326848249027,-1.7999999999999972,68.4,-3.5999999999999943,0.0,64.80000000000001,72.0
24,35,107,83,261,20.450830078125,1019.5234375,31.506269531250002,39.78904296875,177.9145703125,651.94482421875,59.543180076628346,-1.7999999999999972,75.6,-3.5999999999999943,0.0,72.0,79.19999999999999
24,36,80,64,281,19.7249358974359,1144.5650183150183,31.32938644688645,41.40027472527473,177.2250183150183,708.084706959707,35.67437722419929,-1.7999999999999972,82.80000000000001,-3.5999999999999943,0.0,79.19999999999999,86.40000000000003
24,37,85,66,237,20.063463203463204,1101.7738095238096,31.340757575757575,42.1384632034632,177.06472943722943,713.7564935064935,28.455907172995783,-1.7999999999999972,90.0,-3.5999999999999943,0.0,86.40000000000003,93.60000000000002
24,38,323,217,661,23.558033536585366,464.5987042682927,31.93469893292683,39.37364329268293,167.77802210365854,431.35057164634145,3.117307110438729,-1.7999999999999972,97.19999999999999,-3.5999999999999943,0.0,93.60000000000002,100.80000000000001
24,39,396,262,858,25.16596086448598,235.94684579439252,31.95687792056075,38.48450934579439,165.17250292056076,289.37707359813083,0.7421212121212122,-1.7999999999999972,104.40000000000003,-3.5999999999999943,0.0,100.80000000000001,108.0
24,40,362,244,691,25.49690579710145,188.36340579710145,31.994036231884056,37.71848550724638,163.78325362318841,270.6358333333333,0.7011143270622286,-1.7999999999999972,111.60000000000002,-3.5999999999999943,0.0,108.0,115.19999999999999
24,41,445,293,1024,24.992921982335623,228.74607458292442,32.17453385672228,36.739492149165855,165.2395853778214,291.01609421000984,0.768828125,-1.7999999999999972,118.80000000000001,-3.5999999999999943,0.0,115.19999999999999,122.40000000000003
24,42,459,299,1082,24.575996275605213,303.3466014897579,32.08832169459963,37.40186219739292,165.72640595903167,323.0828677839851,11.177070240295748,-1.7999999999999972,126.0,-3.5999999999999943,0.0,122.40000000000003,129.60000000000002
24,43,501,319,1432,24.95184912280702,220.4598245614035,32.11685789473684,36.785343859649124,165.2720596491228,284.0325614035088,4.009364525139665,-1.7999999999999972,133.2,-3.5999999999999943,0.0,129.60000000000002,136.8
24,44,287,216,521,23.337263969171484,451.17148362235065,32.013044315992296,37.690582851637764,168.21947013487477,402.71777456647396,10.110537428023033,-1.7999999999999972,140.40000000000003,-3.5999999999999943,0.0,136.8,144.0
24,45,354,243,723,23.91177329624478,421.3122392211405,32.03275730180807,37.056561196105704,168.28431502086232,380.4221140472879,29.203983402489627,-1.7999999999999972,147.60000000000002,-3.5999999999999943,0.0,144.0,151.2
24,46,242,177,460,22.86492239467849,481.6879157427938,32.0834423503326,35.74338691796009,169.2665243902439,475.5360310421286,21.968304347826088,-1.7999999999999972,154.8,-3.5999999999999943,0.0,151.2,158.40000000000003
24,47,78,61,264,19.66964423076923,1215.6048076923078,31.287990384615387,39.97784615384615,177.30620192307694,714.5086538461538,26.566401515151515,-1.7999999999999972,162.0,-3.5999999999999943,0.0,158.40000000000003,165.60000000000002
24,48,132,106,316,20.148517628205127,1031.0777243589744,31.562147435897433,39.882219551282056,173.94648237179487,617.6225961538462,88.5668670886076,-1.7999999999999972,169.2,-3.5999999999999943,0.0,165.60000000000002,172.8
24,49,201,157,392,22.11548969072165,721.5947164948453,31.880257731958764,38.10480025773196,170.4593943298969,533.0402706185567,34.21989795918367,-1.7999999999999972,176.40000000000003,-3.5999999999999943,0.0,172.8,180.0
25,0,111,92,251,19.94103830645161,1043.7016129032259,31.523810483870967,39.372036290322576,171.76063508064516,680.0584677419355,113.06195219123505,1.7999999999999972,-176.4,0.0,3.6000000000000085,-180.0,-172.8
25,1,78,60,294,18.58438793103448,1219.975,31.032422413793103,41.8821724137931,175.20116379310346,734.164224137931,93.58278911564626,1.7999999999999972,-169.2,0.0,3.6000000000000085,-172.8,-165.6
25,2,89,71,267,18.57289772727273,1264.6676136363637,31.364820075757574,41.223655303030306,174.7904356060606,735.6202651515151,57.88494382022471,1.7999999999999972,-162.0,0.0,3.6000000000000085,-165.6,-158.4
25,3,98,79,300,19.257255067567566,998.5777027027027,31.470819256756755,40.2092820945946,169.5507685810811,705.0861486486486,148.58676666666668,1.7999999999999972,-154.8,0.0,3.6000000000000085,-158.4,-151.2
25,4,81,64,278,19.166081818181816,1083.3154545454545,31.404472727272726,39.82442727272728,171.9981090909091,748.9427272727273,322.15611510791365,1.7999999999999972,-147.6,0.0,3.6000000000000085,-151.2,-144.0
25,5,81,64,286,19.30388986013986,1203.923076923077,31.41138986013986,40.46526223776224,172.00528846153844,765.0432692307693,443.5167832167832,1.7999999999999972,-140.4,0.0,3.6000000000000085,-144.0,-136.8
25,6,79,62,270,19.494272388059702,1196.340485074627,31.459374999999998,40.44370335820896,172.49253731343285,760.1124067164179,390.27677777777774,1.7999999999999972,-133.2,0.0,3.6000000000000085,-136.8,-129.6
25,7,78,61,253,19.296408730158728,1085.9732142857142,31.544513888888886,40.62205357142857,169.19083333333336,768.9603174603175,375.1882608695652,1.7999999999999972,-126.0,0.0,3.6000000000000085,-129.6,-122.4
25,8,85,67,280,19.866639784946234,993.0179211469534,31.3505017921147,41.1366935483871,171.46730286738352,766.1057347670251,444.3607857142857,1.7999999999999972,-118.8,0.0,3.6000000000000085,-122.4,-115.2
25,9,85,69,283,19.33390681003584,1121.3064516129032,31.348960573476706,41.57579749103943,171.87877240143368,744.711917562724,350.26512367491165,1.7999999999999972,-111.6,0.0,3.6000000000000085,-115.2,-108.0
25,10,86,71,300,19.17028716216216,1204.4932432432433,31.256097972972974,40.24864864864865,174.0147381756757,741.5375844594595,407.3170333333333,1.7999999999999972,-104.39999999999999,0.0,3.6000000000000085,-108.0,-100.8
25,11,90,74,325,18.872897196261682,1083.0778816199377,31.17197040498442,41.01204049844237,174.292484423676,761.8422897196261,430.57578461538463,1.7999999999999972,-97.2,0.0,3.6000000000000085,-100.8,-93.6
25,12,143,123,353,20.83878895184136,862.9681303116147,31.51279745042493,39.761140226628896,169.24187677053825,693.2821246458924,418.13898016997166,1.7999999999999972,-90.0,0.0,3.6000000000000085,-93.6,-86.39999999999999
25,13,130,113,373,19.431646341463416,1048.2852303523034,31.363143631436316,40.01258807588076,172.51880758807587,684.8993428184282,388.17128686327084,1.7999999999999972,-82.8,0.0,3.6000000000000085,-86.39999999999999,-79.2
25,14,77,68,98,21.53052083333333,542.1380208333334,31.677057291666667,38.90265625,169.28020833333332,483.0466927083333,19.16418367346939,1.7999999999999972,-75.6,0.0,3.6000000000000085,-79.2,-72.0
25,17,23,23,26,22.07125,414.83653846153845,28.40721153846154,36.903942307692304,197.87759615384616,305.0192307692308,1.2623076923076924,1.7999999999999972,-54.0,0.0,3.6000000000000085,-57.599999999999994,-50.400000000000006
25,18,245,212,570,21.02155035335689,604.4681978798586,30.925185512367488,35.92173586572438,189.56300795053005,477.8089664310954,23.080543859649122,1.7999999999999972,-46.79999999999998,0.0,3.6000000000000085,-50.400000000000006,-43.19999999999999
25,19,92,72,274,19.080581180811805,1185.1780442804427,31.31680811808118,39.785249077490775,185.61562730627307,721.7878228782288,173.8467883211679,1.7999999999999972,-39.599999999999994,0.0,3.6000000000000085,-43.19999999999999,-36.0
25,20,102,83,289,18.201652097902098,1167.0734265734266,31.3043006993007,37.01543706293707,187.6168881118881,679.3465909090909,103.30993079584775,1.7999999999999972,-32.400000000000006,0.0,3.6000000000000085,-36.0,-28.799999999999983
25,21,96,77,341,18.49434523809524,1268.5691964285713,31.06313244047619,39.19155505952381,187.7586755952381,674.484375,96.13765395894428,1.7999999999999972,-25.19999999999999,0.0,3.6000000000000085,-28.799999999999983,-21.599999999999994
25,22,100,80,288,19.02874561403509,1171.8131578947368,31.07957894736842,39.553333333333335,187.38288596491228,695.1842105263158,202.64305555555555,1.7999999999999972,-18.0,0.0,3.6000000000000085,-21.599999999999994,-14.400000000000006
25,23,96,75,339,18.495282738095238,1118.9784226190477,31.266183035714285,37.27215029761905,188.01486607142857,686.6209077380952,159.16117994100296,1.7999999999999972,-10.799999999999983,0.0,3.6000000000000085,-14.400000000000006,-7.199999999999989
25,24,88,68,291,18.994414335664334,1196.6276223776224,31.013120629370633,39.3737062937063,186.25142482517484,721.3378496503497,252.53962199312716,1.7999999999999972,-3.5999999999999943,0.0,3.6000000000000085,-7.199999999999989,0.0
25,25,116,96,300,18.995721476510067,1141.854865771812,30.843926174496644,41.54265939597315,185.2103691275168,677.4526006711409,370.9465,1.7999999999999972,3.5999999999999943,0.0,3.6000000000000085,0.0,7.200000000000017
25,26,184,158,296,20.449212328767125,615.5847602739726,30.872157534246575,39.17602739726027,182.101926369863,469.72816780821915,57.85807432432433,1.7999999999999972,10.800000000000011,0.0,3.6000000000000085,7.200000000000017,14.400000000000006
25,30,19,18,19,24.613815789473687,132.64473684210526,32.37815789473684,36.48486842105263,165.59236842105264,284.69736842105266,0.8547368421052631,1.7999999999999972,39.599999999999994,0.0,3.6000000000000085,36.0,43.20000000000002
25,31,214,169,366,22.254148199445986,598.3206371191136,31.781828254847646,39.21467451523546,171.719175900277,474.183864265928,34.04363387978142,1.7999999999999972,46.80000000000001,0.0,3.6000000000000085,43.20000000000002,50.400000000000006
25,32,90,71,281,19.816711469534052,1005.06541218638,31.06866487455197,42.3181541218638,179.5838082437276,715.6774193548387,340.49932384341633,1.7999999999999972,54.0,0.0,3.6000000000000085,50.400000000000006,57.599999999999994
25,33,82,63,286,19.92874113475177,1105.4751773049645,31.136179078014184,42.37567375886525,178.62347517730495,723.9552304964539,132.72346153846155,1.7999999999999972,61.20000000000002,0.0,3.6000000000000085,57.599999999999994,64.80000000000001
25,34,79,61,247,19.32603734439834,1079.0321576763486,31.469066390041494,40.17052904564315,180.53323651452283,706.5995850622406,27.71785425101215,1.7999999999999972,68.4,0.0,3.6000000000000085,64.80000000000001,72.0
25,35,220,172,427,22.29200595238095,693.0904761904762,31.946416666666668,39.937333333333335,170.92914285714286,495.8027083333334,27.71384074941452,1.7999999999999972,75.6,0.0,3.6000000000000085,72.0,79.19999999999999
25,36,80,62,251,19.83737,1103.844,31.36699,42.28736,177.44713000000002,704.58,87.60932270916334,1.7999999999999972,82.80000000000001,0.0,3.6000000000000085,79.19999999999999,86.40000000000003
25,37,81,62,245,19.49724279835391,1155.2119341563787,31.60803497942387,41.33195473251029,178.44156378600823,738.4861111111111,66.86440816326531,1.7999999999999972,90.0,0.0,3.6000000000000085,86.40000000000003,93.60000000000002
25,38,377,257,749,24.28932486631016,386.4197860962567,31.86532085561497,39.627159090909096,166.3573061497326,351.9354946524064,11.19068090787717,1.7999999999999972,97.19999999999999,0.0,3.6000000000000085,93.60000000000002,100.80000000000001
25,39,452,296,1283,25.085913725490197,208.24745098039216,31.850743137254902,39.375111764705885,165.01129607843137,276.1243529411765,0.9441465315666406,1.7999999999999972,104.40000000000003,0.0,3.6000000000000085,100.80000000000001,108.0
25,40,337,244,602,25.096346476510067,206.37122483221478,31.93015100671141,38.60360318791947,165.0176258389262,280.1463926174497,0.6283720930232558,1.7999999999999972,111.60000000000002,0.0,3.6000000000000085,108.0,115.19999999999999
25,41,383,262,733,24.477287961696305,292.9753761969904,31.949695622435023,37.771313269493845,165.5671169630643,330.0404582763338,50.66377899045021,1.7999999999999972,118.80000000000001,0.0,3.6000000000000085,115.19999999999999,122.40000000000003
25,42,423,284,954,24.082468321013728,369.2703273495248,32.027399683210135,36.88940337909187,167.1165337909187,349.3001583949314,18.871509433962267,1.7999999999999972,126.0,0.0,3.6000000000000085,122.40000000000003,129.60000000000002
25,43,205,153,426,22.185071090047394,761.3619668246446,31.75524289099526,38.58762440758294,168.71174170616112,555.3086492890995,60.519553990610326,1.7999999999999972,133.2,0.0,3.6000000000000085,129.60000000000002,136.8
25,44,77,59,267,19.738216981132073,1193.7962264150945,31.168000000000003,42.623867924528305,176.3023962264151,735.2811320754716,43.91003745318352,1.7999999999999972,140.40000000000003,0.0,3.6000000000000085,136.8,144.0
25,45,73,55,223,20.11561659192825,1065.1849775784754,31.36589686098655,39.917085201793725,176.78544843049326,743.1967488789238,55.156547085201794,1.7999999999999972,147.60000000000002,0.0,3.6000000000000085,144.0,151.2
25,46,94,74,268,20.488336466165414,1066.484962406015,31.57218045112782,41.31423872180451,173.94033834586466,705.9915413533835,36.751828358208954,1.7999999999999972,154.8,0.0,3.6000000000000085,151.2,158.40000000000003
25,47,73,56,225,20.60298206278027,1137.3968609865472,31.120336322869957,40.624282511210765,177.5334192825112,739.9943946188341,77.76764444444444,1.7999999999999972,162.0,0.0,3.6000000000000085,158.40000000000003,165.60000000000002
25,48,137,115,337,20.528813432835822,860.7261194029851,31.648634328358206,38.56117910447762,174.06829104477612,610.5097014925373,62.38320474777448,1.7999999999999972,169.2,0.0,3.6000000000000085,165.60000000000002,172.8
25,49,172,136,346,21.694583333333334,831.4890350877193,31.762288011695905,39.27972953216374,172.40072368421053,541.7426900584795,123.31656069364162,1.7999999999999972,176.40000000000003,0.0,3.6000000000000085,172.8,180.0
26,0,81,63,231,19.77483695652174,1205.145652173913,31.392108695652176,40.78030434782608,173.22835869565216,728.4304347826087,0.6853246753246753,5.400000000000006,-176.4,3.6000000000000085,7.200000000000003,-180.0,-172.8
26,1,76,58,245,19.22478305785124,1229.1973140495868,31.38119834710744,40.205185950413224,170.79833677685951,733.3977272727273,0.7404489795918368,5.400000000000006,-169.2,3.6000000000000085,7.200000000000003,-172.8,-165.6
26,2,148,120,365,20.36650969529086,957.3961218836565,31.46563019390582,40.620083102493076,171.41522853185594,647.1928670360111,73.39353424657534,5.400000000000006,-162.0,3.6000000000000085,7.200000000000003,-165.6,-158.4
26,3,83,65,268,19.23712786259542,1182.5057251908397,31.158807251908396,41.68768129770993,174.6604961832061,735.0696564885496,0.8297014925373135,5.400000000000006,-154.8,3.6000000000000085,7.200000000000003,-158.4,-151.2
26,4,82,64,283,19.170469314079423,1059.7870036101083,31.486074007220218,40.00379963898917,173.30067689530685,761.4368231046932,543.9727915194346,5.400000000000006,-147.6,3.6000000000000085,7.200000000000003,-151.2,-144.0
26,5,77,61,272,19.419550561797756,1145.2715355805244,31.13805243445693,41.827219101123596,173.24201310861423,788.4250936329588,544.0997794117648,5.400000000000006,-140.4,3.6000000000000085,7.200000000000003,-144.0,-136.8
26,6,83,66,301,19.539799331103676,1148.3436454849498,31.41155518394649,40.98170568561873,171.96318561872909,757.3198160535117,455.5352159468439,5.400000000000006,-133.2,3.6000000000000085,7.200000000000003,-136.8,-129.6
26,7,79,63,250,19.419927685950416,1085.2376033057851,31.552045454545457,40.95034090909091,171.31903925619835,754.7639462809917,631.2735600000001,5.400000000000006,-126.0,3.6000000000000085,7.200000000000003,-129.6,-122.4
26,8,86,69,303,19.208770764119603,1097.502491694352,31.589734219269104,39.64195182724253,169.36451827242524,770.203488372093,650.1333333333333,5.400000000000006,-118.8,3.6000000000000085,7.200000000000003,-122.4,-115.2
26,9,88,71,308,19.57376644736842,1193.5279605263158,31.284235197368417,41.602902960526315,172.3064720394737,751.6266447368421,589.0012337662338,5.400000000000006,-111.6,3.6000000000000085,7.200000000000003,-115.2,-108.0
26,10,85,68,269,19.732789179104476,1051.6958955223881,31.06930037313433,41.55208955223881,172.93898320895522,769.9361007462686,478.56695167286244,5.400000000000006,-104.39999999999999,3.6000000000000085,7.200000000000003,-108.0,-100.8
26,11,91,74,332,19.838677811550152,1139.3267477203647,31.284179331306994,42.01817629179331,172.36359422492401,764.2469604863222,545.2368975903614,5.400000000000006,-97.2,3.6000000000000085,7.200000000000003,-100.8,-93.6
26,12,110,90,330,19.87859422492401,1044.1740121580547,31.262644376899697,41.07702887537994,173.73103343465047,703.9794832826748,364.1638787878788,5.400000000000006,-90.0,3.6000000000000085,7.200000000000003,-93.6,-86.39999999999999
26,13,110,95,352,19.5464111747851,1117.2471346704872,31.363882521489973,41.13223495702005,173.40409025787966,725.8531518624642,385.4854829545455,5.400000000000006,-82.8,3.6000000000000085,7.200000000000003,-86.39999999999999,-79.2
26,14,108,93,155,21.071217532467532,779.7191558441558,31.500535714285718,38.60930194805195,170.5019642857143,575.2515097402597,198.77774193548387,5.400000000000006,-75.6,3.6000000000000085,7.200000000000003,-79.2,-72.0
26,16,39,38,42,23.60256097560976,208.96951219512195,30.70128048780488,31.439329268292685,189.72786585365853,291.3170731707317,1.5850000000000002,5.400000000000006,-61.2,3.6000000000000085,7.200000000000003,-64.8,-57.599999999999994
26,17,264,214,545,22.12428966789668,459.0811808118081,30.941250000000004,33.58256918819188,190.57126383763838,367.3005996309963,33.27816513761468,5.400000000000006,-54.0,3.6000000000000085,7.200000000000003,-57.599999999999994,-50.400000000000006
26,18,153,123,376,19.53569813829787,932.2260638297872,31.14104388297872,37.76052526595745,189.11557180851065,614.3979388297872,124.73382978723404,5.400000000000006,-46.79999999999998,3.6000000000000085,7.200000000000003,-50.400000000000006,-43.19999999999999
26,19,88,69,265,19.23433712121212,1020.751893939394,31.05222537878788,40.23070075757576,186.36199810606058,730.7760416666666,182.1786037735849,5.400000000000006,-39.599999999999994,3.6000000000000085,7.200000000000003,-43.19999999999999,-36.0
26,20,94,74,261,18.44081730769231,1251.548076923077,31.15226923076923,38.76033653846154,189.8563173076923,684.0985576923077,129.18540229885056,5.400000000000006,-32.400000000000006,3.6000000000000085,7.200000000000003,-36.0,-28.799999999999983
26,21,103,81,352,18.261833810888252,1263.035100286533,31.318030085959887,38.45484240687679,187.1735458452722,682.6590257879656,116.3940625,5.400000000000006,-25.19999999999999,3.6000000000000085,7.200000000000003,-28.799999999999983,-21.599999999999994
26,22,93,74,286,18.916872791519435,1104.4010600706713,31.473365724381622,37.11933745583039,185.05575088339222,708.8909010600706,138.3490909090909,5.400000000000006,-18.0,3.6000000000000085,7.200000000000003,-21.599999999999994,-14.400000000000006
26,23,204,169,449,20.13123595505618,836.314606741573,30.88741573033708,39.90854494382023,184.66621348314607,502.825,229.50538975501112,5.400000000000006,-10.799999999999983,3.6000000000000085,7.200000000000003,-14.400000000000006,-7.199999999999989
26,24,217,177,419,20.72693373493976,632.4120481927711,31.075608433734942,38.88330722891566,180.86507228915664,449.55,138.90400954653938,5.400000000000006,-3.5999999999999943,3.6000000000000085,7.200000000000003,-7.199999999999989,0.0
26,25,229,194,457,20.41710989010989,646.2510989010989,30.98943956043956,38.66068131868132,181.93263736263737,459.0401098901099,107.62334792122539,5.400000000000006,3.5999999999999943,3.6000000000000085,7.200000000000003,0.0,7.200000000000017
26,26,108,97,136,21.664944444444444,289.8833333333333,30.60098148148148,39.9392962962963,179.1342222222222,390.3777777777778,6.830955882352941,5.400000000000006,10.800000000000011,3.6000000000000085,7.200000000000003,7.200000000000017,14.400000000000006
26,31,178,135,236,23.094601293103448,448.8114224137931,32.1978125,37.82998922413793,168.38681034482758,417.83620689655174,31.49063559322034,5.400000000000006,46.80000000000001,3.6000000000000085,7.200000000000003,43.20000000000002,50.400000000000006
26,32,82,62,252,19.486315261044176,1246.8423694779117,31.26577309236948,41.39490963855422,180.99980923694778,712.656124497992,209.26214285714283,5.400000000000006,54.0,3.6000000000000085,7.200000000000003,50.400000000000006,57.599999999999994
26,33,86,68,307,19.825418032786885,1230.8040983606556,31.404704918032785,41.14747540983606,178.13554098360657,735.1016393442623,254.4357654723127,5.400000000000006,61.20000000000002,3.6000000000000085,7.200000000000003,57.599999999999994,64.80000000000001
26,34,76,58,236,19.879684782608695,1191.5304347826086,31.373978260869567,41.68092391304347,177.01401086956523,727.6565217391304,0.5840677966101695,5.400000000000006,68.4,3.6000000000000085,7.200000000000003,64.80000000000001,72.0
26,35,267,203,510,23.09772277227723,555.2524752475248,31.927797029702973,37.596356435643564,167.86772277227723,462.08571782178217,76.62554901960785,5.400000000000006,75.6,3.6000000000000085,7.200000000000003,72.0,79.19999999999999
26,36,205,160,445,21.93891723356009,714.0901360544218,31.453775510204082,42.135515873015876,171.51672902494332,526.4475623582766,63.56397752808989,5.400000000000006,82.80000000000001,3.6000000000000085,7.200000000000003,79.19999999999999,86.40000000000003
26,37,89,72,254,19.868067729083666,1046.164342629482,31.410288844621515,41.635189243027895,176.75413346613544,701.0,60.47287401574803,5.400000000000006,90.0,3.6000000000000085,7.200000000000003,86.40000000000003,93.60000000000002
26,38,411,276,936,24.75736036519871,283.0964017185822,31.96002953813104,39.54640171858217,164.58813372717506,333.6129162191192,6.654754273504273,5.400000000000006,97.19999999999999,3.6000000000000085,7.200000000000003,93.60000000000002,100.80000000000001
26,39,402,264,1064,24.87626062322946,257.8354579792257,31.76977573182247,40.80754013220019,165.579813503305,304.79995278564684,1.0087124060150376,5.400000000000006,104.40000000000003,3.6000000000000085,7.200000000000003,100.80000000000001,108.0
26,40,392,262,989,24.159323289070482,355.53217568947906,31.71009193054137,40.323128192032684,167.7597191011236,351.0728038815118,15.220121334681497,5.400000000000006,111.60000000000002,3.6000000000000085,7.200000000000003,108.0,115.19999999999999
26,41,436,292,1056,24.618191387559808,271.26626794258374,32.034708133971286,37.96711961722488,165.6567033492823,312.25215311004786,13.12245265151515,5.400000000000006,118.80000000000001,3.6000000000000085,7.200000000000003,115.19999999999999,122.40000000000003
26,42,325,238,648,23.63801724137931,497.37852664576803,31.87548197492163,37.83030956112852,168.18024294670846,393.3293495297806,40.754506172839505,5.400000000000006,126.0,3.6000000000000085,7.200000000000003,122.40000000000003,129.60000000000002
26,43,126,101,310,21.052296416938113,947.6294788273616,31.277361563517914,41.43952768729641,173.98740228013028,646.0948697068404,162.7930322580645,5.400000000000006,133.2,3.6000000000000085,7.200000000000003,129.60000000000002,136.8
26,44,86,68,252,20.133779999999998,1122.187,31.49865,39.30835,177.29570999999999,685.4115,19.67269841269841,5.400000000000006,140.40000000000003,3.6000000000000085,7.200000000000003,136.8,144.0
26,45,115,91,273,20.52017790262172,1001.3511235955057,31.41677902621723,39.183473782771536,174.6931928838951,639.6465355805243,44.71589743589744,5.400000000000006,147.60000000000002,3.6000000000000085,7.200000000000003,144.0,151.2
26,46,177,143,373,21.77243918918919,826.4405405405405,31.806054054054055,38.571736486486486,170.60666891891893,580.6959459459459,45.20037533512065,5.400000000000006,154.8,3.6000000000000085,7.200000000000003,151.2,158.40000000000003
26,47,125,99,276,20.59614468864469,963.1703296703297,31.651565934065935,39.61197802197802,175.15697802197803,638.628663003663,45.65507246376812,5.400000000000006,162.0,3.6000000000000085,7.200000000000003,158.40000000000003,165.60000000000002
26,48,178,136,377,21.65893048128342,858.4558823529412,31.605086898395722,38.69116310160428,173.12808155080214,575.0651737967914,60.27225464190981,5.400000000000006,169.2,3.6000000000000085,7.200000000000003,165.60000000000002,172.8
26,49,77,59,245,19.592997925311206,1261.941908713693,31.104533195020746,42.748080912863074,180.15285269709545,741.320020746888,125.58118367346938,5.400000000000006,176.40000000000003,3.6000000000000085,7.200000000000003,172.8,180.0
27,0,83,63,263,19.198320463320464,1172.488416988417,31.199440154440158,40.89516409266409,179.43245173745171,726.676640926641,0.7395817490494296,9.0,-176.4,7.200000000000003,10.799999999999997,-180.0,-172.8
27,1,81,63,355,19.21688936781609,1208.007183908046,31.45066091954023,40.81524425287356,170.15805316091954,719.5398706896551,0.7749859154929578,9.0,-169.2,7.200000000000003,10.799999999999997,-172.8,-165.6
27,2,89,72,290,19.039912587412587,1235.3006993006993,31.360839160839163,41.02937937062937,174.02762237762238,711.5362762237762,46.976862068965524,9.0,-162.0,7.200000000000003,10.799999999999997,-165.6,-158.4
27,3,79,63,305,18.70891196013289,1259.7624584717607,31.36578073089701,41.132433554817275,173.61326411960133,740.0726744186046,51.72708196721312,9.0,-154.8,7.200000000000003,10.799999999999997,-158.4,-151.2
27,4,79,61,292,19.067474048442907,1217.098615916955,31.351444636678202,40.52035467128027,171.62617647058823,751.1332179930796,245.18825342465755,9.0,-147.6,7.200000000000003,10.799999999999997,-151.2,-144.0
27,5,80,65,296,19.093908934707905,1140.0111683848797,31.569579037800686,40.753831615120276,171.42215635738833,741.0030068728522,302.67266891891893,9.0,-140.4,7.200000000000003,10.799999999999997,-144.0,-136.8
27,6,81,65,356,19.26065527065527,1193.539173789174,31.5813603988604,40.65727207977208,172.8331339031339,749.923433048433,325.50564606741574,9.0,-133.2,7.200000000000003,10.799999999999997,-136.8,-129.6
27,7,84,67,324,19.055139751552794,1204.7569875776398,31.570854037267083,40.903361801242234,170.26841614906832,763.152950310559,436.3836111111111,9.0,-126.0,7.200000000000003,10.799999999999997,-129.6,-122.4
27,8,84,68,304,18.85978476821192,1193.3617549668875,31.449826158940397,40.346688741721856,172.27063741721852,746.537665562914,356.97253289473684,9.0,-118.8,7.200000000000003,10.799999999999997,-122.4,-115.2
27,9,93,75,315,19.272572580645164,1101.1443548387097,31.46558870967742,40.65406451612903,171.12358870967742,739.3391129032258,357.64022222222223,9.0,-111.6,7.200000000000003,10.799999999999997,-115.2,-108.0
27,10,85,70,341,19.31469494047619,1136.3377976190477,31.285141369047622,41.81215773809524,171.6357068452381,742.0223214285714,416.36299120234605,9.0,-104.39999999999999,7.200000000000003,10.799999999999997,-108.0,-100.8
27,11,87,71,359,19.69673943661972,1214.2288732394366,31.522021126760567,40.455288732394365,170.92254929577464,749.1929577464789,511.54428969359327,9.0,-97.2,7.200000000000003,10.799999999999997,-100.8,-93.6
27,12,88,73,324,19.63728840125392,1120.3761755485893,31.31062695924765,41.62123040752351,172.4394905956113,747.2605799373041,551.7991049382716,9.0,-90.0,7.200000000000003,10.799999999999997,-93.6,-86.39999999999999
27,13,303,232,733,22.093254781420764,580.5881147540983,31.490006830601093,36.9057650273224,174.024081284153,458.57030737704923,157.38287858117326,9.0,-82.8,7.200000000000003,10.799999999999997,-86.39999999999999,-79.2
27,14,233,188,400,22.102443467336684,600.4924623115578,31.19800879396985,34.48486809045227,184.42847361809046,424.3903894472362,52.670474999999996,9.0,-75.6,7.200000000000003,10.799999999999997,-79.2,-72.0
27,15,134,119,174,22.02375730994152,433.030701754386,31.103859649122807,32.56005847953217,190.48587719298246,382.2035087719298,14.817701149425286,9.0,-68.39999999999999,7.200000000000003,10.799999999999997,-72.0,-64.8
27,16,251,207,509,21.992302371541502,440.57213438735175,31.068759881422924,32.86469861660079,191.8654347826087,395.1101778656126,8.383477406679763,9.0,-61.2,7.200000000000003,10.799999999999997,-64.8,-57.599999999999994
27,17,167,141,402,19.95035087719298,936.5701754385965,31.218677944862158,37.607587719298245,187.37598370927319,601.3627819548872,223.80820895522388,9.0,-54.0,7.200000000000003,10.799999999999997,-57.599999999999994,-50.400000000000006
27,18,87,68,316,18.911728295819934,1081.6438906752412,30.985892282958197,39.62691318327974,187.1254340836013,697.6567524115756,190.68256329113925,9.0,-46.79999999999998,7.200000000000003,10.799999999999997,-50.400000000000006,-43.19999999999999
27,19,97,74,328,18.430046439628484,1198.3382352941176,31.24652476780186,38.37201238390093,189.40768575851394,690.155572755418,107.71628048780488,9.0,-39.599999999999994,7.200000000000003,10.799999999999997,-43.19999999999999,-36.0
27,20,91,70,315,18.26252388535032,1211.748407643312,31.157237261146495,37.23167993630573,189.55531050955415,683.1269904458599,57.19831746031746,9.0,-32.400000000000006,7.200000000000003,10.799999999999997,-36.0,-28.799999999999983
27,21,97,76,342,18.713557692307692,1202.1109467455622,31.0492899408284,38.12724852071006,188.23852810650888,682.2684911242603,119.70497076023392,9.0,-25.19999999999999,7.200000000000003,10.799999999999997,-28.799999999999983,-21.599999999999994
27,22,212,180,521,19.20340776699029,955.0470873786408,31.10321844660194,38.70906796116505,186.9168786407767,552.1162621359223,169.35518234165067,9.0,-18.0,7.200000000000003,10.799999999999997,-21.599999999999994,-14.400000000000006
27,23,171,152,256,21.2718431372549,495.25392156862745,30.74909803921569,40.32287254901961,180.05844117647058,375.1622549019608,39.37234375,9.0,-10.799999999999983,7.200000000000003,10.799999999999997,-14.400000000000006,-7.199999999999989
27,31,214,166,271,24.220472222222224,288.5935185185185,31.957416666666667,39.67150925925926,166.19434259259262,327.6611111111111,4.321476014760147,9.0,46.80000000000001,7.200000000000003,10.799999999999997,43.20000000000002,50.400000000000006
27,32,180,147,409,21.10141707920792,882.272896039604,31.647029702970297,38.598261138613864,176.6472339108911,555.5386757425742,75.66469437652812,9.0,54.0,7.200000000000003,10.799999999999997,50.400000000000006,57.599999999999994
27,33,83,66,298,19.67758474576271,1242.8076271186442,31.212245762711863,42.15656779661017,179.49704237288137,711.9622881355932,40.31208053691275,9.0,61.20000000000002,7.200000000000003,10.799999999999997,57.599999999999994,64.80000000000001
27,34,77,60,297,19.981844827586205,1145.0637931034482,31.09263793103448,42.88859482758621,176.31314655172415,729.2189655172414,86.58090909090909,9.0,68.4,7.200000000000003,10.799999999999997,64.80000000000001,72.0
27,35,336,241,700,23.400622286541246,472.64833574529666,31.861472503617946,39.350358176555716,168.65169681620839,395.13187409551375,24.0535,9.0,75.6,7.200000000000003,10.799999999999997,72.0,79.19999999999999
27,36,332,234,679,23.209407407407408,552.3666666666667,31.762818518518518,39.42154814814815,169.39255555555556,410.50977777777774,15.17742268041237,9.0,82.80000000000001,7.200000000000003,10.799999999999997,79.19999999999999,86.40000000000003
27,37,203,165,446,21.214446952595935,810.785553047404,31.65587471783296,40.00363995485327,175.40353273137697,544.0623589164785,42.78482062780269,9.0,90.0,7.200000000000003,10.799999999999997,86.40000000000003,93.60000000000002
27,38,444,300,1154,24.36083989501312,381.8807961504812,31.86093175853018,38.776806649168854,165.72869203849518,348.77515310586176,7.422400346620451,9.0,97.19999999999999,7.200000000000003,10.799999999999997,93.60000000000002,100.80000000000001
27,39,450,291,1444,25.099694232105627,221.1721681723419,31.88555767894371,39.23824530924253,164.29917998610145,292.82779708130647,0.987202216066482,9.0,104.40000000000003,7.200000000000003,10.799999999999997,100.80000000000001,108.0
27,40,435,285,1057,24.289890476190475,382.15714285714284,31.94397857142857,39.00727142857143,166.6435261904762,352.69904761904763,12.259139072847683,9.0,111.60000000000002,7.200000000000003,10.799999999999997,108.0,115.19999999999999
27,41,454,298,1199,24.005184254606363,369.00816582914575,32.00894891122278,37.736714824120604,166.88921691792297,366.0486809045226,12.981843202668891,9.0,118.80000000000001,7.200000000000003,10.799999999999997,115.19999999999999,122.40000000000003
27,42,445,295,1096,24.41888224471021,307.2966881324747,31.983896044158236,37.5307520699172,166.33857865685374,324.7932382704692,21.654242700729927,9.0,126.0,7.200000000000003,10.799999999999997,122.40000000000003,129.60000000000002
27,43,168,129,400,21.117772151898734,934.8778481012658,31.701810126582277,38.400196202531646,173.6928734177215,587.9683544303797,229.58875,9.0,133.2,7.200000000000003,10.799999999999997,129.60000000000002,136.8
27,44,195,157,428,21.52354460093897,867.0745305164319,31.87192488262911,39.13332159624414,168.96831572769955,568.7024647887324,63.496939252336446,9.0,140.40000000000003,7.200000000000003,10.799999999999997,136.8,144.0
27,45,281,204,597,22.758305227655985,616.2204890387858,31.942356661045533,37.218739460371,169.757478920742,466.91420741989884,7.462043551088778,9.0,147.60000000000002,7.200000000000003,10.799999999999997,144.0,151.2
27,46,197,153,463,21.634184782608695,841.5690217391304,31.86903804347826,37.316375,170.8424347826087,556.9823369565217,49.765032397408206,9.0,154.8,7.200000000000003,10.799999999999997,151.2,158.40000000000003
27,47,108,85,294,20.171382252559727,981.1663822525597,31.571322525597274,39.64418941979522,171.87621160409557,685.3511092150171,77.89115646258503,9.0,162.0,7.200000000000003,10.799999999999997,158.40000000000003,165.60000000000002
27,48,319,221,682,22.86623338257016,578.6229689807976,32.03432422451994,36.07848966026588,169.33197193500737,456.47968980797634,92.05486803519061,9.0,169.2,7.200000000000003,10.799999999999997,165.60000000000002,172.8
27,49,75,59,284,19.86361510791367,1160.2122302158273,31.549640287769783,40.06202338129496,173.88142086330936,734.8520683453237,0.7383098591549296,9.0,176.40000000000003,7.200000000000003,10.799999999999997,172.8,180.0
28,0,84,65,268,19.521150943396226,1158.617924528302,31.208377358490562,42.55762264150943,172.7877169811321,750.2731132075472,0.6946268656716418,12.600000000000009,-176.4,10.799999999999997,14.400000000000006,-180.0,-172.8
28,1,87,69,278,18.890463636363634,1115.0218181818182,31.30183636363637,40.189063636363635,174.11419999999998,708.9063636363636,59.93859712230216,12.600000000000009,-169.2,10.799999999999997,14.400000000000006,-172.8,-165.6
28,2,83,65,232,19.560771739130434,1253.536956521739,31.1876847826087,42.040195652173914,172.62684782608696,698.9548913043478,46.76293103448276,12.600000000000009,-162.0,10.799999999999997,14.400000000000006,-165.6,-158.4
28,3,83,68,276,18.86815257352941,1226.2610294117646,31.559641544117646,38.82259191176471,169.52952205882352,691.1498161764706,20.36605072463768,12.600000000000009,-154.8,10.799999999999997,14.400000000000006,-158.4,-151.2
28,4,81,65,263,19.55514367816092,1175.8113026819924,31.322471264367817,41.260325670498084,171.70315134099616,709.3663793103449,162.96844106463877,12.600000000000009,-147.6,10.799999999999997,14.400000000000006,-151.2,-144.0
28,5,84,68,262,19.455019305019306,1337.2171814671815,31.15666023166023,41.842847490347495,169.33283783783784,749.0801158301158,114.62507633587786,12.600000000000009,-140.4,10.799999999999997,14.400000000000006,-144.0,-136.8
28,6,85,72,298,18.42680369127517,1151.3758389261745,31.401006711409394,40.17015100671141,171.44203859060403,723.0545302013422,198.6431879194631,12.600000000000009,-133.2,10.799999999999997,14.400000000000006,-136.8,-129.6
28,7,85,70,278,19.57100543478261,1211.6277173913043,31.477427536231886,41.43889492753623,168.63884057971015,749.1105072463768,437.14003597122297,12.600000000000009,-126.0,10.799999999999997,14.400000000000006,-129.6,-122.4
28,8,87,71,293,19.09666379310345,1272.1275862068965,31.194120689655172,41.37794827586207,171.76363793103448,751.4568965517242,390.25686006825936,12.600000000000009,-118.8,10.799999999999997,14.400000000000006,-122.4,-115.2
28,9,86,70,264,19.19162213740458,1207.203244274809,31.363606870229006,40.75290076335878,173.30638358778626,750.6736641221374,383.36344696969695,12.600000000000009,-111.6,10.799999999999997,14.400000000000006,-115.2,-108.0
28,10,85,70,282,19.341586021505375,1151.450716845878,31.349507168458786,41.79935483870968,174.1689605734767,723.9045698924731,286.1868439716312,12.600000000000009,-104.39999999999999,10.799999999999997,14.400000000000006,-108.0,-100.8
28,11,84,68,297,19.321692176870748,1065.3188775510205,31.57353741496599,40.33236394557823,170.40696428571428,771.9387755102041,399.5639057239057,12.600000000000009,-97.2,10.799999999999997,14.400000000000006,-100.8,-93.6
28,12,185,149,431,21.5316,753.6735294117647,31.706682352941176,39.08960588235294,165.6549411764706,564.9940764705883,219.87709976798143,12.600000000000009,-90.0,10.799999999999997,14.400000000000006,-93.6,-86.39999999999999
28,13,239,191,464,21.298088552915765,612.9298056155508,31.314654427645788,33.37875809935205,190.11441144708425,435.05156587473004,12.922672413793103,12.600000000000009,-82.8,10.799999999999997,14.400000000000006,-86.39999999999999,-79.2
28,14,182,156,399,20.0275,843.9029187817259,31.0652538071066,37.37565355329949,188.96347081218275,565.9475888324873,95.39298245614036,12.600000000000009,-75.6,10.799999999999997,14.400000000000006,-79.2,-72.0
28,15,259,205,573,20.65136883802817,661.1069542253521,31.31993397887324,33.837970950704225,191.17297535211267,467.38890845070426,120.93757417102967,12.600000000000009,-68.39999999999999,10.799999999999997,14.400000000000006,-72.0,-64.8
28,16,255,206,596,20.573475298126063,660.5630323679727,31.2575936967632,34.07162265758092,191.67249574105622,483.47180579216354,125.04755033557046,12.600000000000009,-61.2,10.799999999999997,14.400000000000006,-64.8,-57.599999999999994
28,17,89,69,269,19.069016853932585,1127.252808988764,31.3473595505618,39.94790262172285,185.92314606741573,715.7490636704119,176.99762081784388,12.600000000000009,-54.0,10.799999999999997,14.400000000000006,-57.599999999999994,-50.400000000000006
28,18,94,70,315,18.56797770700637,1172.5270700636943,31.202858280254777,38.86761146496816,191.49797770700636,687.7738853503184,129.40507936507936,12.600000000000009,-46.79999999999998,10.799999999999997,14.400000000000006,-50.400000000000006,-43.19999999999999
28,19,89,69,259,17.97142716535433,1221.498031496063,30.664409448818898,38.422362204724415,193.5031692913386,687.8946850393701,54.7215444015444,12.600000000000009,-39.599999999999994,10.799999999999997,14.400000000000006,-43.19999999999999,-36.0
28,20,88,68,288,18.907587719298245,1186.6368421052632,31.15080701754386,38.14411403508772,187.17145614035087,694.9741228070176,21.10704861111111,12.600000000000009,-32.400000000000006,10.799999999999997,14.400000000000006,-36.0,-28.799999999999983
28,21,90,68,296,18.2995819112628,1193.4991467576792,30.997662116040956,38.12757679180888,190.35160409556312,671.3259385665528,62.24797297297297,12.600000000000009,-25.19999999999999,10.799999999999997,14.400000000000006,-28.799999999999983,-21.599999999999994
28,22,245,201,468,20.141344492440602,662.4794816414687,31.009254859611232,38.17780777537797,185.27371490280777,467.1590172786177,38.80839743589743,12.600000000000009,-18.0,10.799999999999997,14.400000000000006,-21.599999999999994,-14.400000000000006
28,30,146,117,175,24.854683908045978,267.4037356321839,32.17258620689655,39.74413793103449,164.31829022988506,291.11106321839077,2.2763428571428572,12.600000000000009,39.599999999999994,10.799999999999997,14.400000000000006,36.0,43.20000000000002
28,31,337,235,712,23.412785613540198,422.43053596614953,31.987750352609307,39.42848377997179,167.01549717912553,409.86706629055004,42.623342696629216,12.600000000000009,46.80000000000001,10.799999999999997,14.400000000000006,43.20000000000002,50.400000000000006
28,32,259,192,544,22.09999536178108,704.9466604823748,31.776349721706865,39.709318181818176,172.1063775510204,468.69990723562154,14.479724264705883,12.600000000000009,54.0,10.799999999999997,14.400000000000006,50.400000000000006,57.599999999999994
28,33,80,62,260,19.770859375,1072.490234375,31.115830078125,41.016103515625,180.137578125,724.5751953125,34.09065384615384,12.600000000000009,61.20000000000002,10.799999999999997,14.400000000000006,57.599999999999994,64.80000000000001
28,34,99,81,262,20.437837837837836,1056.519305019305,31.56811776061776,40.31071428571429,175.46412162162162,688.9461872586872,0.6841603053435115,12.600000000000009,68.4,10.799999999999997,14.400000000000006,64.80000000000001,72.0
28,35,267,213,431,24.119221311475407,361.1838407494145,32.07718969555035,39.23421545667447,166.1161475409836,366.1540983606557,19.691740139211134,12.600000000000009,75.6,10.799999999999997,14.400000000000006,72.0,79.19999999999999
28,36,236,175,442,22.468119318181817,703.7130681818181,31.59043181818182,41.197937499999995,171.2587159090909,495.78579545454545,2.1217873303167423,12.600000000000009,82.80000000000001,10.799999999999997,14.400000000000006,79.19999999999999,86.40000000000003
28,37,267,209,545,22.403959107806692,663.710501858736,31.807402416356876,38.68967936802974,171.43309479553903,467.90473977695166,19.195999999999998,12.600000000000009,90.0,10.799999999999997,14.400000000000006,86.40000000000003,93.60000000000002
28,38,391,269,840,24.452635216346152,331.3894230769231,31.84126502403846,39.89478966346154,165.56414663461538,351.85997596153845,11.01020238095238,12.600000000000009,97.19999999999999,10.799999999999997,14.400000000000006,93.60000000000002,100.80000000000001
28,39,205,151,284,25.68563829787234,168.25886524822695,31.916507092198582,40.30936170212766,162.27747340425532,270.5642730496454,1.339683098591549,12.600000000000009,104.40000000000003,10.799999999999997,14.400000000000006,100.80000000000001,108.0
28,40,291,207,503,23.273833333333336,568.5171717171717,31.783782828282828,39.07277272727273,168.6442070707071,431.3368686868687,67.48777335984096,12.600000000000009,111.60000000000002,10.799999999999997,14.400000000000006,108.0,115.19999999999999
28,41,422,272,996,24.775167004048583,304.3793016194332,32.091920546558704,37.216875,163.77611589068826,336.31389170040484,14.373172690763052,12.600000000000009,118.80000000000001,10.799999999999997,14.400000000000006,115.19999999999999,122.40000000000003
28,42,410,274,858,24.008748531139837,363.21650998824913,31.92844007050529,37.57312867215041,167.4910752056404,362.83754406580493,4.004825174825175,12.600000000000009,126.0,10.799999999999997,14.400000000000006,122.40000000000003,129.60000000000002
28,43,77,59,260,20.25090909090909,1116.4861660079052,31.483409090909092,40.82126482213439,173.7808399209486,717.973814229249,20.36853846153846,12.600000000000009,133.2,10.799999999999997,14.400000000000006,129.60000000000002,136.8
28,44,83,64,271,19.82104868913858,1085.0112359550562,31.424026217228466,40.81814606741573,175.879063670412,724.8005617977528,75.52073800738007,12.600000000000009,140.40000000000003,10.799999999999997,14.400000000000006,136.8,144.0
28,45,131,104,305,21.376617161716172,893.1839933993399,31.815181518151814,39.847912541254125,170.805,650.40800330033,172.6079344262295,12.600000000000009,147.60000000000002,10.799999999999997,14.400000000000006,144.0,151.2
28,46,75,60,228,20.21741150442478,1148.1050884955753,31.618827433628322,39.759944690265485,175.08235619469028,718.0967920353983,26.800833333333333,12.600000000000009,154.8,10.799999999999997,14.400000000000006,151.2,158.40000000000003
28,47,125,102,309,20.79470491803279,971.0360655737705,31.591885245901636,39.18004098360656,174.88675409836065,650.7327868852459,136.09741100323623,12.600000000000009,162.0,10.799999999999997,14.400000000000006,158.40000000000003,165.60000000000002
28,48,159,126,354,21.102343304843306,849.8091168091169,31.804864672364673,39.143817663817664,170.99769943019942,633.2759971509971,60.96039548022599,12.600000000000009,169.2,10.799999999999997,14.400000000000006,165.60000000000002,172.8
28,49,81,63,260,19.830972762645917,1169.4221789883268,31.486177042801557,41.32330739299611,175.68753891050585,742.0413424124514,44.28265384615384,12.600000000000009,176.40000000000003,10.799999999999997,14.400000000000006,172.8,180.0
29,0,77,63,263,19.93739503816794,1226.875,31.222719465648854,42.636870229007634,175.64921755725192,746.9408396946565,30.98425855513308,16.200000000000003,-176.4,14.400000000000006,18.0,-180.0,-172.8
29,1,102,82,283,18.943300711743774,1050.8959074733095,31.417633451957293,38.95687722419929,174.21017793594305,696.0578291814946,76.40413427561838,16.200000000000003,-169.2,14.400000000000006,18.0,-172.8,-165.6
29,2,83,65,263,19.08878846153846,1232.4663461538462,31.183596153846157,41.04920192307692,172.13114423076925,726.1620192307693,63.75425855513308,16.200000000000003,-162.0,14.400000000000006,18.0,-165.6,-158.4
29,3,78,64,264,19.13604406130268,1212.6666666666667,31.211130268199234,40.3154214559387,173.99649425287356,699.5282567049809,19.83314393939394,16.200000000000003,-154.8,14.400000000000006,18.0,-158.4,-151.2
29,4,80,64,258,19.32195525291829,1384.5943579766538,31.35921206225681,41.007042801556416,170.18061284046695,731.4041828793775,104.6017054263566,16.200000000000003,-147.6,14.400000000000006,18.0,-151.2,-144.0
29,5,83,66,274,18.705453703703704,1295.4898148148147,31.27,41.226277777777774,171.33169444444445,739.0296296296297,78.09810218978103,16.200000000000003,-140.4,14.400000000000006,18.0,-144.0,-136.8
29,6,82,69,253,18.83688,1214.568,31.24915,41.37513,170.46828,724.539,118.18245059288537,16.200000000000003,-133.2,14.400000000000006,18.0,-136.8,-129.6
29,7,85,70,287,19.24643109540636,1338.5079505300353,31.47756183745583,40.41280035335689,169.1500706713781,730.565371024735,122.18066202090591,16.200000000000003,-126.0,14.400000000000006,18.0,-129.6,-122.4
29,8,89,73,358,18.67406779661017,1261.4350282485875,31.394477401129944,39.97233050847458,170.70590395480227,718.7595338983051,251.70466480446927,16.200000000000003,-118.8,14.400000000000006,18.0,-122.4,-115.2
29,9,85,67,267,19.076865530303028,1193.878787878788,31.2096875,42.27734848484848,172.48664772727273,743.6818181818181,362.36445692883893,16.200000000000003,-111.6,14.400000000000006,18.0,-115.2,-108.0
29,10,112,91,309,19.61062091503268,1180.501633986928,31.368178104575165,41.18735294117647,172.31220588235294,671.2986111111111,261.59783171521036,16.200000000000003,-104.39999999999999,14.400000000000006,18.0,-108.0,-100.8
29,11,170,135,339,21.799701492537313,687.0641791044776,31.861305970149253,38.20655223880597,164.8352910447761,548.3179104477612,230.22165191740413,16.200000000000003,-97.2,14.400000000000006,18.0,-100.8,-93.6
29,12,178,150,258,22.52,387.43023255813955,31.531744186046513,32.25589147286822,185.3793992248062,371.29893410852713,79.6022480620155,16.200000000000003,-90.0,14.400000000000006,18.0,-93.6,-86.39999999999999
29,13,273,222,677,21.592481315396114,565.4402092675635,31.341707772795218,33.427301943198806,190.63474215246637,422.6579596412556,36.27763663220089,16.200000000000003,-82.8,14.400000000000006,18.0,-86.39999999999999,-79.2
29,14,182,153,465,19.738834422657952,933.9248366013072,31.1854302832244,36.710305010893244,189.25057189542483,563.6972222222222,119.66982795698925,16.200000000000003,-75.6,14.400000000000006,18.0,-79.2,-72.0
29,15,148,125,382,19.643166666666666,1057.616,31.171680000000002,38.280186666666665,188.0502666666667,627.4563333333333,231.8407329842932,16.200000000000003,-68.39999999999999,14.400000000000006,18.0,-72.0,-64.8
29,16,232,193,554,20.994332723948812,675.0882084095064,31.163409506398533,36.483222120658134,188.32905393053016,521.9213893967093,256.50287003610106,16.200000000000003,-61.2,14.400000000000006,18.0,-64.8,-57.599999999999994
29,17,86,67,266,18.686547169811323,1153.911320754717,30.834509433962264,39.564339622641505,189.070320754717,700.9306603773584,345.1097744360902,16.200000000000003,-54.0,14.400000000000006,18.0,-57.599999999999994,-50.400000000000006
29,18,101,79,306,18.57981727574751,1032.1661129568106,31.316204318936876,37.871162790697674,186.5343272425249,684.3214285714286,117.9113725490196,16.200000000000003,-46.79999999999998,14.400000000000006,18.0,-50.400000000000006,-43.19999999999999
29,19,88,66,278,17.9935559566787,1237.0370036101083,31.343953068592057,36.92272563176895,190.80857400722022,675.9995487364621,20.119460431654677,16.200000000000003,-39.599999999999994,14.400000000000006,18.0,-43.19999999999999,-36.0
29,20,87,68,256,18.441636904761904,1156.234126984127,31.107886904761905,38.17331349206349,190.1602281746032,670.9722222222222,0.68359375,16.200000000000003,-32.400000000000006,14.400000000000006,18.0,-36.0,-28.799999999999983
29,21,184,155,471,18.955357142857142,917.8907249466951,31.242212153518125,37.336226012793176,189.02430170575695,583.0679637526653,90.05065817409766,16.200000000000003,-25.19999999999999,14.400000000000006,18.0,-28.799999999999983,-21.599999999999994
29,22,205,163,385,19.73001968503937,697.8149606299213,31.18991469816273,38.04854330708662,188.57616797900263,514.1955380577427,177.8437142857143,16.200000000000003,-18.0,14.400000000000006,18.0,-21.599999999999994,-14.400000000000006
29,30,325,225,709,25.050352062588903,207.6891891891892,32.39792674253201,38.1928627311522,161.568033428165,302.3316678520626,4.742073342736249,16.200000000000003,39.599999999999994,14.400000000000006,18.0,36.0,43.20000000000002
29,31,63,56,70,24.913,140.82857142857142,32.129392857142854,38.272642857142856,162.20046428571428,288.45714285714286,0.6492857142857144,16.200000000000003,46.80000000000001,14.400000000000006,18.0,43.20000000000002,50.400000000000006
29,32,280,226,477,23.1167246835443,533.8612869198312,31.875690928270043,39.76441983122363,169.6582911392405,385.2118407172996,15.00895178197065,16.200000000000003,54.0,14.400000000000006,18.0,50.400000000000006,57.599999999999994
29,33,80,64,287,19.953295053003533,1100.2985865724381,31.27856007067138,40.10787985865725,178.73056537102474,701.7508833922261,39.920243902439026,16.200000000000003,61.20000000000002,14.400000000000006,18.0,57.599999999999994,64.80000000000001
29,34,129,109,313,20.18104501607717,985.0466237942122,31.599155948553054,40.20496784565917,178.2934083601286,639.0578778135048,35.7223642172524,16.200000000000003,68.4,14.400000000000006,18.0,64.80000000000001,72.0
29,35,239,185,349,24.502406069364163,356.03395953757223,31.944638728323696,40.3293063583815,165.0177456647399,317.194725433526,2.2483094555873926,16.200000000000003,75.6,14.400000000000006,18.0,72.0,79.19999999999999
29,36,252,197,449,22.76828475336323,505.15639013452915,31.722303811659195,40.07079035874439,170.55085201793722,452.94030269058294,27.68184855233853,16.200000000000003,82.80000000000001,14.400000000000006,18.0,79.19999999999999,86.40000000000003
29,37,93,75,291,19.73674740484429,1096.2603806228374,31.400242214532874,41.144878892733566,177.08134083044982,665.6163494809689,9.75422680412371,16.200000000000003,90.0,14.400000000000006,18.0,86.40000000000003,93.60000000000002
29,38,337,238,640,24.982805071315372,238.91877971473852,31.690340729001583,41.93217511885895,163.884793977813,288.39996038034866,1.424984375,16.200000000000003,97.19999999999999,14.400000000000006,18.0,93.60000000000002,100.80000000000001
29,39,142,124,159,23.884936305732484,310.60828025477707,31.678853503184712,40.033805732484076,169.79414012738854,285.22133757961785,0.8055974842767296,16.200000000000003,104.40000000000003,14.400000000000006,18.0,100.80000000000001,108.0
29,40,412,292,896,23.476493250843646,427.8892013498313,32.02796681664792,37.16168728908886,168.09254218222722,379.1057367829021,3.566450892857143,16.200000000000003,111.60000000000002,14.400000000000006,18.0,108.0,115.19999999999999
29,41,337,231,633,23.583118066561013,444.8910459587956,31.99612519809826,36.76732171156894,167.66941362916006,373.3284469096672,16.024565560821483,16.200000000000003,118.80000000000001,14.400000000000006,18.0,115.19999999999999,122.40000000000003
29,42,135,106,314,20.419032258064515,1012.2556451612903,31.542887096774194,40.17549193548387,172.82258870967743,625.4318548387097,22.99108280254777,16.200000000000003,126.0,14.400000000000006,18.0,122.40000000000003,129.60000000000002
29,43,76,57,274,19.924144981412642,1097.1431226765799,31.326366171003716,41.072221189591076,176.67461895910782,720.2091078066915,43.520474452554744,16.200000000000003,133.2,14.400000000000006,18.0,129.60000000000002,136.8
29,44,77,59,234,19.92637445887446,1035.487012987013,31.411450216450216,39.513116883116886,176.34044372294372,724.9507575757576,85.0291452991453,16.200000000000003,140.40000000000003,14.400000000000006,18.0,136.8,144.0
29,45,143,107,318,20.802674050632913,929.8433544303797,31.341598101265824,39.80272943037975,175.22143987341772,606.8714398734177,159.7851886792453,16.200000000000003,147.60000000000002,14.400000000000006,18.0,144.0,151.2
29,46,91,72,284,19.924732142857142,1158.7410714285713,31.38229464285714,40.52914285714286,176.182,704.6026785714286,55.65285211267606,16.200000000000003,154.8,14.400000000000006,18.0,151.2,158.40000000000003
29,47,81,63,242,19.68178270042194,1201.0253164556962,31.17623417721519,42.987394514767935,177.00444092827004,750.1002109704641,22.407272727272726,16.200000000000003,162.0,14.400000000000006,18.0,158.40000000000003,165.60000000000002
29,48,95,74,251,19.950433467741938,1135.7399193548388,31.242227822580645,40.34469758064516,175.73456653225807,709.3155241935484,0.53601593625498,16.200000000000003,169.2,14.400000000000006,18.0,165.60000000000002,172.8
29,49,76,60,238,19.61023305084746,1175.6684322033898,30.933834745762713,41.98659957627118,178.14576271186442,723.0021186440678,0.5853361344537815,16.200000000000003,176.40000000000003,14.400000000000006,18.0,172.8,180.0
30,0,85,68,236,19.21945278969957,1118.6727467811158,31.392424892703865,40.84840128755365,173.94714592274678,723.7215665236051,0.5809322033898305,19.799999999999997,-176.4,18.0,21.60000000000001,-180.0,-172.8
30,1,87,68,299,18.716815878378377,1232.1739864864865,31.559822635135138,40.21521959459459,173.3736739864865,731.4940878378378,17.335852842809366,19.799999999999997,-169.2,18.0,21.60000000000001,-172.8,-165.6
30,2,82,65,262,19.387877906976744,1154.2393410852712,31.398856589147286,40.24968023255814,169.94552325581395,743.3381782945736,88.60774809160306,19.799999999999997,-162.0,18.0,21.60000000000001,-165.6,-158.4
30,3,215,160,465,21.1667818574514,759.616090712743,31.97902807775378,36.72551835853132,166.96385529157666,560.7471112311015,181.85264516129033,19.799999999999997,-154.8,18.0,21.60000000000001,-158.4,-151.2
30,4,84,66,279,18.54288321167883,1255.382299270073,31.34905109489051,40.987144160583945,172.44016423357667,729.3905109489051,155.04311827956988,19.799999999999997,-147.6,18.0,21.60000000000001,-151.2,-144.0
30,5,83,66,253,18.186424302788843,1079.917330677291,31.54335657370518,39.457340637450194,168.370219123506,735.8037848605578,107.3499209486166,19.799999999999997,-140.4,18.0,21.60000000000001,-144.0,-136.8
30,6,90,71,306,18.893325,1215.7616666666668,31.320208333333333,41.5647,172.4725916666667,731.8108333333333,135.80444444444444,19.799999999999997,-133.2,18.0,21.60000000000001,-136.8,-129.6
30,7,84,67,279,19.117857142857144,1155.3168498168498,31.341684981684985,41.93651098901099,171.50035714285715,743.9217032967033,47.76989247311828,19.799999999999997,-126.0,18.0,21.60000000000001,-129.6,-122.4
30,8,84,66,255,18.955507968127492,1217.6703187250996,30.96839641434263,43.44932270916335,172.88314741035856,751.909860557769,199.47717647058823,19.799999999999997,-118.8,18.0,21.60000000000001,-122.4,-115.2
30,9,109,91,303,18.93684818481848,1154.75,31.420742574257428,39.61313531353135,173.00901815181518,682.9509075907591,296.4207590759076,19.799999999999997,-111.6,18.0,21.60000000000001,-115.2,-108.0
30,10,146,127,270,21.14596654275093,866.6226765799256,31.64139405204461,38.802434944237916,166.80261152416358,551.2229832713755,307.97281481481485,19.799999999999997,-104.39999999999999,18.0,21.60000000000001,-108.0,-100.8
30,11,175,143,266,21.701982758620687,486.35536398467434,31.14874521072797,34.65450191570881,189.69824712643677,449.3713601532567,78.41432330827067,19.799999999999997,-97.2,18.0,21.60000000000001,-100.8,-93.6
30,12,286,226,622,22.227540257648954,441.731884057971,31.34012077294686,31.48082528180354,191.52192028985507,365.63486312399357,41.028553054662375,19.799999999999997,-90.0,18.0,21.60000000000001,-93.6,-86.39999999999999
30,13,156,129,349,19.879521739130436,973.5702898550725,31.207202898550726,38.27471739130435,187.63550724637682,588.7282608695652,190.2002005730659,19.799999999999997,-82.8,18.0,21.60000000000001,-86.39999999999999,-79.2
30,14,288,218,736,21.637014363885086,510.24452804377563,31.492366621067035,31.59093707250342,191.2407147742818,416.0265047879617,70.90358695652174,19.799999999999997,-75.6,18.0,21.60000000000001,-79.2,-72.0
30,15,249,206,555,21.27534747292419,549.0342960288808,31.32447202166065,34.22885379061372,189.17731498194945,484.6656137184116,131.39066666666665,19.799999999999997,-68.39999999999999,18.0,21.60000000000001,-72.0,-64.8
30,16,145,123,368,19.802953296703297,896.3028846153846,31.328035714285715,37.49979395604395,188.86489010989013,614.5923763736264,209.99089673913042,19.799999999999997,-61.2,18.0,21.60000000000001,-64.8,-57.599999999999994
30,17,84,64,278,19.14471119133574,971.8790613718412,31.11591155234657,41.09817689530686,185.81056859205776,742.5780685920578,398.7245323741007,19.799999999999997,-54.0,18.0,21.60000000000001,-57.599999999999994,-50.400000000000006
30,18,91,69,299,18.219194630872483,1204.153523489933,30.972751677852347,39.007894295302016,191.24593959731544,686.5251677852349,122.61451505016721,19.799999999999997,-46.79999999999998,18.0,21.60000000000001,-50.400000000000006,-43.19999999999999
30,19,85,65,293,18.51468103448276,1043.676724137931,30.97673275862069,38.54814655172414,190.99610344827587,693.6461206896552,0.5476109215017064,19.799999999999997,-39.599999999999994,18.0,21.60000000000001,-43.19999999999999,-36.0
30,20,90,69,290,18.33882142857143,1231.6419642857143,31.209874999999997,38.571705357142854,189.47030357142856,677.0776785714286,16.75041379310345,19.799999999999997,-32.400000000000006,18.0,21.60000000000001,-36.0,-28.799999999999983
30,21,94,69,285,17.65137900355872,1300.4510676156583,31.241361209964413,37.61064056939502,192.5030516014235,690.951512455516,123.49491228070177,19.799999999999997,-25.19999999999999,18.0,21.60000000000001,-28.799999999999983,-21.599999999999994
30,22,211,173,406,19.21129746835443,855.1037974683544,31.160645569620254,39.33909493670886,188.9527151898734,499.94208860759494,76.03733990147784,19.799999999999997,-18.0,18.0,21.60000000000001,-21.599999999999994,-14.400000000000006
30,30,288,211,513,24.303292322834647,307.20669291338584,32.23745570866142,38.62988188976378,163.7911220472441,331.0538877952756,18.994249512670564,19.799999999999997,39.599999999999994,18.0,21.60000000000001,36.0,43.20000000000002
30,32,73,67,78,24.963365384615383,221.24358974358975,31.87785256410256,41.85041666666667,163.11173076923077,313.3894230769231,0.5065384615384615,19.799999999999997,54.0,18.0,21.60000000000001,50.400000000000006,57.599999999999994
30,33,250,180,500,22.27291750503018,722.7540241448692,31.60608651911469,41.079371227364184,171.52025653923542,502.4215291750503,66.78518,19.799999999999997,61.20000000000002,18.0,21.60000000000001,57.599999999999994,64.80000000000001
30,34,327,240,688,23.583722547584188,453.71705710102486,31.92202049780381,39.731321376281116,167.64590409956077,401.5221998535871,0.7009156976744186,19.799999999999997,68.4,18.0,21.60000000000001,64.80000000000001,72.0
30,35,191,154,243,24.752623456790122,217.3179012345679,32.09599794238683,38.551820987654324,164.60008230452675,315.18847736625514,1.4088065843621398,19.799999999999997,75.6,18.0,21.60000000000001,72.0,79.19999999999999
30,36,171,137,206,24.45421951219512,340.9109756097561,31.599975609756097,40.29809756097561,166.73957317073172,345.3158536585366,13.59859223300971,19.799999999999997,82.80000000000001,18.0,21.60000000000001,79.19999999999999,86.40000000000003
30,37,327,238,664,23.43654255319149,471.322188449848,31.43696048632219,44.02532294832827,168.44443768996962,388.43104103343467,12.540873493975903,19.799999999999997,90.0,18.0,21.60000000000001,86.40000000000003,93.60000000000002
30,38,122,92,135,25.300037593984964,247.8251879699248,31.83796992481203,40.83588345864661,163.26889097744362,270.34492481203006,0.6562222222222223,19.799999999999997,97.19999999999999,18.0,21.60000000000001,93.60000000000002,100.80000000000001
30,39,295,222,450,24.182961111111112,272.75111111111113,31.792311111111115,38.852650000000004,167.95468333333332,286.3089861111111,4.417222222222223,19.799999999999997,104.40000000000003,18.0,21.60000000000001,100.80000000000001,108.0
30,40,488,333,1280,23.938314319433516,334.96833202202987,31.957081038552317,38.02805664830842,168.15749803304485,316.19077498033045,1.6884374999999998,19.799999999999997,111.60000000000002,18.0,21.60000000000001,108.0,115.19999999999999
30,41,344,250,676,22.362678306092125,561.6712481426449,31.79358841010401,38.20088038632987,170.7212147102526,432.15615713224366,23.39109467455621,19.799999999999997,118.80000000000001,18.0,21.60000000000001,115.19999999999999,122.40000000000003
30,42,84,64,251,19.03445564516129,1219.6219758064517,31.23038306451613,40.43608870967742,176.36962701612904,709.4707661290323,23.41721115537849,19.799999999999997,126.0,18.0,21.60000000000001,122.40000000000003,129.60000000000002
30,43,97,76,293,19.52312283737024,1101.059688581315,31.430198961937716,40.76379757785467,176.63525951557094,695.583044982699,60.980307167235495,19.799999999999997,133.2,18.0,21.60000000000001,129.60000000000002,136.8
30,44,86,65,255,19.35765873015873,1184.6329365079366,31.48201388888889,40.31390873015873,176.0389384920635,694.9325396825396,15.033098039215686,19.799999999999997,140.40000000000003,18.0,21.60000000000001,136.8,144.0
30,45,155,122,336,20.778140060240965,960.8268072289156,31.788855421686748,38.63092620481928,172.89875753012046,603.7887801204819,102.70482142857142,19.799999999999997,147.60000000000002,18.0,21.60000000000001,144.0,151.2
30,46,90,69,285,19.035756227758007,1225.497330960854,31.597562277580074,40.3938078291815,178.16623665480427,706.8523131672598,0.6581403508771929,19.799999999999997,154.8,18.0,21.60000000000001,151.2,158.40000000000003
30,47,96,73,264,19.80112068965517,1122.1226053639846,31.52023946360153,41.29019157088123,174.80449233716476,709.4075670498084,0.7042803030303031,19.799999999999997,162.0,18.0,21.60000000000001,158.40000000000003,165.60000000000002
30,48,97,78,299,19.606069023569024,1091.030303030303,31.65340067340067,39.456153198653205,176.0463973063973,723.766835016835,66.84505016722407,19.799999999999997,169.2,18.0,21.60000000000001,165.60000000000002,172.8
30,49,90,73,271,19.60198275862069,1185.8927203065134,31.43600574712644,40.53408045977012,175.02993295019158,733.1460727969348,0.6496678966789668,19.799999999999997,176.40000000000003,18.0,21.60000000000001,172.8,180.0
31,0,82,63,248,18.710222672064777,1157.3127530364372,31.417753036437247,41.00532388663968,174.82556680161943,754.245951417004,0.5758064516129032,23.400000000000006,-176.4,21.60000000000001,25.200000000000003,-180.0,-172.8
31,1,150,118,353,20.04009943181818,1000.0738636363636,31.54689630681818,39.55194602272727,170.29362926136363,659.7269176136364,50.74155807365439,23.400000000000006,-169.2,21.60000000000001,25.200000000000003,-172.8,-165.6
31,2,191,141,414,20.92331081081081,849.6283783783783,31.907014742014745,36.83648034398034,167.7172542997543,576.0744164619165,153.86908212560385,23.400000000000006,-162.0,21.60000000000001,25.200000000000003,-165.6,-158.4
31,3,98,80,294,19.329682130584192,1274.5223367697595,31.435824742268043,40.43585051546392,171.9153264604811,704.3509450171821,51.7843537414966,23.400000000000006,-154.8,21.60000000000001,25.200000000000003,-158.4,-151.2
31,4,79,60,239,18.796705508474577,1107.2235169491526,31.614226694915256,40.08137711864407,173.6110805084746,764.2097457627119,269.8192050209205,23.400000000000006,-147.6,21.60000000000001,25.200000000000003,-151.2,-144.0
31,5,73,57,206,18.612158536585365,1287.239024390244,31.14648780487805,42.135536585365855,176.19909756097562,769.7493902439024,146.93058252427184,23.400000000000006,-140.4,21.60000000000001,25.200000000000003,-144.0,-136.8
31,6,76,59,244,19.117760416666666,1182.6666666666667,31.479260416666666,41.09978125,174.74603125000002,762.9453125,217.85290983606558,23.400000000000006,-133.2,21.60000000000001,25.200000000000003,-136.8,-129.6
31,7,75,62,212,19.40870283018868,1205.3396226415093,31.18068396226415,42.036249999999995,175.2180070754717,743.625,101.02542452830188,23.400000000000006,-126.0,21.60000000000001,25.200000000000003,-129.6,-122.4
31,8,93,75,296,18.959005102040816,1093.4404761904761,31.289370748299323,40.74998299319728,172.8584268707483,744.8992346938776,189.6279391891892,23.400000000000006,-118.8,21.60000000000001,25.200000000000003,-122.4,-115.2
31,9,187,149,470,20.270596774193546,815.8279569892474,31.56739247311828,38.88834946236559,167.33933333333331,574.9064516129032,342.5467446808511,23.400000000000006,-111.6,21.60000000000001,25.200000000000003,-115.2,-108.0
31,10,134,117,206,21.117646341463416,698.2353658536585,31.673914634146342,37.46208536585366,166.95301219512194,451.6005243902439,126.31461165048545,23.400000000000006,-104.39999999999999,21.60000000000001,25.200000000000003,-108.0,-100.8
31,11,160,129,269,20.276193609022556,846.9868421052631,31.276503759398494,35.27203947368421,188.40554511278197,522.2678571428571,144.94743494423793,23.400000000000006,-97.2,21.60000000000001,25.200000000000003,-100.8,-93.6
31,12,283,224,669,21.11310227272727,595.0708333333333,31.190007575757573,33.826723484848486,190.86286742424244,459.67609848484847,75.33872944693573,23.400000000000006,-90.0,21.60000000000001,25.200000000000003,-93.6,-86.39999999999999
31,13,304,232,915,21.415569306930692,606.7046204620463,31.34813806380638,32.16379537953795,191.5811413641364,435.85313531353137,70.34496174863388,23.400000000000006,-82.8,21.60000000000001,25.200000000000003,-86.39999999999999,-79.2
31,14,286,225,785,22.010707426376438,439.3223431498079,31.533751600512165,31.353072983354675,191.18010243277848,389.7684058898848,43.23443312101911,23.400000000000006,-75.6,21.60000000000001,25.200000000000003,-79.2,-72.0
31,15,95,81,249,20.169390243902438,1128.6331300813008,31.134512195121953,39.24018292682927,186.12579268292683,691.822662601626,211.86429718875502,23.400000000000006,-68.39999999999999,21.60000000000001,25.200000000000003,-72.0,-64.8
31,16,73,58,258,19.43918604651163,1105.1182170542636,31.283672480620154,38.63941860465116,186.26636627906979,731.3541666666666,314.87232558139533,23.400000000000006,-61.2,21.60000000000001,25.200000000000003,-64.8,-57.599999999999994
31,17,83,62,244,18.802954545454543,1035.8181818181818,31.25167355371901,39.66612603305785,187.80680785123965,705.1998966942149,159.10237704918035,23.400000000000006,-54.0,21.60000000000001,25.200000000000003,-57.599999999999994,-50.400000000000006
31,18,91,70,286,18.271329225352112,1268.3415492957747,30.922781690140845,40.701091549295775,189.2832042253521,702.0488556338029,28.901713286713285,23.400000000000006,-46.79999999999998,21.60000000000001,25.200000000000003,-50.400000000000006,-43.19999999999999
31,19,90,69,272,18.687064814814814,1046.6046296296297,31.224685185185187,37.01961111111111,191.22081481481482,676.0689814814815,0.4348529411764706,23.400000000000006,-39.599999999999994,21.60000000000001,25.200000000000003,-43.19999999999999,-36.0
31,20,90,67,279,17.39268115942029,1248.294384057971,31.19211956521739,36.10511775362319,194.97615036231886,675.7921195652174,21.29716845878136,23.400000000000006,-32.400000000000006,21.60000000000001,25.200000000000003,-36.0,-28.799999999999983
31,21,90,66,326,18.341950464396284,1209.7399380804954,31.505650154798765,36.99013931888545,189.93003869969039,699.7987616099072,29.43174846625767,23.400000000000006,-25.19999999999999,21.60000000000001,25.200000000000003,-28.799999999999983,-21.599999999999994
31,22,240,198,472,18.866783405172413,684.6955818965517,31.110404094827587,36.920872844827585,193.97943965517243,484.8760775862069,48.27758474576271,23.400000000000006,-18.0,21.60000000000001,25.200000000000003,-21.599999999999994,-14.400000000000006
31,29,89,73,99,24.692222222222224,163.6818181818182,32.51936868686869,37.31838383838384,161.96823232323231,302.3933080808081,13.154444444444444,23.400000000000006,32.400000000000006,21.60000000000001,25.200000000000003,28.80000000000001,36.0
31,30,246,173,378,24.312214095744682,354.4880319148936,32.27354388297873,39.04386968085107,163.52659574468086,341.38480718085106,24.13608465608466,23.400000000000006,39.599999999999994,21.60000000000001,25.200000000000003,36.0,43.20000000000002
31,32,204,157,273,24.454917582417583,270.4807692307692,32.116501831501836,40.714826007326,162.76463369963372,305.9663003663004,0.5239194139194139,23.400000000000006,54.0,21.60000000000001,25.200000000000003,50.400000000000006,57.599999999999994
31,33,251,198,496,22.308169371196755,655.7971602434077,31.742748478701824,39.6520537525355,171.31888438133876,500.32941176470587,35.427842741935486,23.400000000000006,61.20000000000002,21.60000000000001,25.200000000000003,57.599999999999994,64.80000000000001
31,34,336,247,574,23.75424388111888,409.03583916083915,32.164051573426576,39.446555944055945,166.41664772727273,355.1167613636364,7.626132404181184,23.400000000000006,68.4,21.60000000000001,25.200000000000003,64.80000000000001,72.0
31,35,53,50,56,24.56549107142857,226.26785714285714,32.04004464285715,41.08044642857143,164.83986607142856,281.31473214285717,0.5389285714285714,23.400000000000006,75.6,21.60000000000001,25.200000000000003,72.0,79.19999999999999
31,37,81,73,93,24.56100543478261,199.7554347826087,30.691576086956523,50.87010869565218,168.05798913043478,349.03940217391306,2.8261290322580646,23.400000000000006,90.0,21.60000000000001,25.200000000000003,86.40000000000003,93.60000000000002
31,39,20,19,20,23.660249999999998,364.6375,31.491000000000003,42.466,171.99462499999998,239.36125,0.6575,23.400000000000006,104.40000000000003,21.60000000000001,25.200000000000003,100.80000000000001,108.0
31,40,233,179,318,23.791590189873418,284.7096518987342,31.79528481012658,40.22787974683544,169.3276503164557,283.2466772151899,1.2368238993710692,23.400000000000006,111.60000000000002,21.60000000000001,25.200000000000003,108.0,115.19999999999999
31,41,515,373,1336,23.434149774774774,307.94876126126127,31.795200825825823,37.35096471471471,170.5734403153153,294.5620307807808,47.597866766467064,23.400000000000006,118.80000000000001,21.60000000000001,25.200000000000003,115.19999999999999,122.40000000000003
31,42,227,184,448,21.27005033557047,814.6291946308725,31.651107382550336,38.45920581655481,175.0534172259508,514.4491051454139,43.04084821428571,23.400000000000006,126.0,21.60000000000001,25.200000000000003,122.40000000000003,129.60000000000002
31,43,108,84,286,19.29863157894737,1100.3622807017543,31.61021052631579,38.57130701754386,175.94733333333332,667.6412280701754,35.3770979020979,23.400000000000006,133.2,21.60000000000001,25.200000000000003,129.60000000000002,136.8
31,44,138,110,371,19.140395095367847,1103.884196185286,31.62700272479564,38.3583174386921,176.1358583106267,615.5459809264305,24.1633423180593,23.400000000000006,140.40000000000003,21.60000000000001,25.200000000000003,136.8,144.0
31,45,86,67,253,18.489831349206348,1198.2906746031747,31.39000992063492,39.52280753968254,178.10458333333335,697.4970238095239,69.75837944664032,23.400000000000006,147.60000000000002,21.60000000000001,25.200000000000003,144.0,151.2
31,46,110,87,327,18.906308049535603,1177.2917956656347,31.546803405572756,39.24267801857585,176.1675464396285,683.4280185758514,0.6726605504587156,23.400000000000006,154.8,21.60000000000001,25.200000000000003,151.2,158.40000000000003
31,47,90,69,275,18.419551282051284,1273.1721611721612,31.75054945054945,37.682307692307695,175.348663003663,684.0260989010989,0.6757818181818182,23.400000000000006,162.0,21.60000000000001,25.200000000000003,158.40000000000003,165.60000000000002
31,48,78,60,264,19.02267441860465,1093.7451550387598,31.708042635658916,38.512587209302325,174.33519379844964,734.7102713178294,21.938371212121215,23.400000000000006,169.2,21.60000000000001,25.200000000000003,165.60000000000002,172.8
31,49,88,70,258,18.46984375,1186.0283203125,31.356552734375,40.4715625,176.608076171875,734.89013671875,18.68767441860465,23.400000000000006,176.40000000000003,21.60000000000001,25.200000000000003,172.8,180.0
32,0,176,140,410,20.833333333333332,882.3314814814814,31.907685185185183,37.99577777777778,168.75083950617284,604.387438271605,77.52460975609756,27.0,-176.4,25.200000000000003,28.799999999999997,-180.0,-172.8
32,1,158,131,432,19.66454705882353,939.1776470588235,31.726217647058824,38.394482352941175,170.6510117647059,625.4783235294117,48.38196759259259,27.0,-169.2,25.200000000000003,28.799999999999997,-172.8,-165.6
32,2,82,64,303,18.19219798657718,1131.515100671141,31.47224832214765,38.84368288590604,172.66110738255034,731.9714765100671,0.5614521452145215,27.0,-162.0,25.200000000000003,28.799999999999997,-165.6,-158.4
32,3,82,64,332,18.449434250764526,1298.913608562691,31.313746177370028,40.96062691131498,172.8113379204893,742.0905963302753,118.32105421686747,27.0,-154.8,25.200000000000003,28.799999999999997,-158.4,-151.2
32,4,82,63,291,18.785470383275264,1149.1602787456445,31.319686411149824,41.23918118466899,173.70103658536587,754.1781358885017,182.7661855670103,27.0,-147.6,25.200000000000003,28.799999999999997,-151.2,-144.0
32,5,77,59,294,19.129862068965515,1151.1775862068966,31.339318965517243,42.01371551724138,175.68787068965517,755.9073275862069,212.47683673469388,27.0,-140.4,25.200000000000003,28.799999999999997,-144.0,-136.8
32,6,72,58,269,19.41936090225564,1197.437030075188,31.24420112781955,42.97289473684211,176.2094172932331,768.7551691729324,152.4695910780669,27.0,-133.2,25.200000000000003,28.799999999999997,-136.8,-129.6
32,7,68,56,234,19.70286324786325,1335.633547008547,31.287628205128208,42.959561965811965,178.04067307692307,775.6217948717949,188.21666666666664,27.0,-126.0,25.200000000000003,28.799999999999997,-129.6,-122.4
32,8,118,97,405,18.290431249999997,1235.35,31.166418750000002,41.2957125,171.54330625,677.508125,226.02945679012345,27.0,-118.8,25.200000000000003,28.799999999999997,-122.4,-115.2
32,9,260,209,619,20.725202265372168,491.0675566343042,31.77215210355987,36.36095064724919,160.38588187702265,427.0802993527508,92.42927302100162,27.0,-111.6,25.200000000000003,28.799999999999997,-115.2,-108.0
32,10,3,3,3,19.123333333333335,144.83333333333334,29.834166666666665,25.791666666666668,194.22916666666666,412.75,0.08333333333333333,27.0,-104.39999999999999,25.200000000000003,28.799999999999997,-108.0,-100.8
32,11,239,200,546,21.474116022099448,551.2274401473296,31.139263351749538,33.57148710865562,191.81952578268877,447.21915285451195,87.99153846153845,27.0,-97.2,25.200000000000003,28.799999999999997,-100.8,-93.6
32,12,214,181,585,20.052916666666665,791.8372395833334,31.134687500000002,36.73973958333333,190.25945312500002,565.3917100694445,349.19092307692307,27.0,-90.0,25.200000000000003,28.799999999999997,-93.6,-86.39999999999999
32,13,326,255,974,21.484701338825953,468.91735324407824,31.227100926879505,31.737160144181257,193.46297888774458,406.13002059732236,41.59036960985627,27.0,-82.8,25.200000000000003,28.799999999999997,-86.39999999999999,-79.2
32,14,236,191,573,20.281638692579506,784.1409010600706,31.265940812720846,35.31364840989399,192.26009717314486,531.7798144876325,293.51567190226876,27.0,-75.6,25.200000000000003,28.799999999999997,-79.2,-72.0
32,15,94,71,328,19.066137770897832,1125.2407120743035,30.725727554179567,40.76486068111455,188.9065866873065,724.3030185758514,507.21137195121946,27.0,-68.39999999999999,25.200000000000003,28.799999999999997,-72.0,-64.8
32,16,84,63,288,19.476830985915495,1128.1549295774648,31.311443661971833,40.54547535211268,186.1525088028169,705.3296654929577,202.30774305555553,27.0,-61.2,25.200000000000003,28.799999999999997,-64.8,-57.599999999999994
32,17,83,62,262,19.0090503875969,1177.21996124031,31.37451550387597,39.96879844961241,187.27560077519382,704.6317829457364,128.2703435114504,27.0,-54.0,25.200000000000003,28.799999999999997,-57.599999999999994,-50.400000000000006
32,18,91,71,324,18.593307210031348,1255.994514106583,31.23816614420063,40.25912225705329,188.13708463949845,709.7033699059562,48.33317901234568,27.0,-46.79999999999998,25.200000000000003,28.799999999999997,-50.400000000000006,-43.19999999999999
32,19,93,70,326,18.432808641975306,1207.6126543209878,31.027006172839506,38.28284722222222,189.94270061728395,692.8757716049382,29.398006134969325,27.0,-39.599999999999994,25.200000000000003,28.799999999999997,-43.19999999999999,-36.0
32,20,92,69,331,17.846753048780485,1340.778963414634,30.849382621951218,38.48205792682927,192.53329268292683,661.5133384146342,28.969456193353473,27.0,-32.400000000000006,25.200000000000003,28.799999999999997,-36.0,-28.799999999999983
32,21,93,69,364,17.868390883977902,1267.470994475138,31.084157458563535,37.88630524861879,193.21341160220996,682.8387430939226,57.74736263736264,27.0,-25.19999999999999,25.200000000000003,28.799999999999997,-28.799999999999983,-21.599999999999994
32,22,258,212,580,18.717386561954626,851.3464223385689,31.198115183246074,36.71626090750436,193.8640052356021,491.3302792321117,102.72775862068966,27.0,-18.0,25.200000000000003,28.799999999999997,-21.599999999999994,-14.400000000000006
32,23,223,189,316,18.984275477707005,557.2539808917197,30.983049363057326,35.84383757961783,197.74737261146498,355.2539808917197,50.37825949367089,27.0,-10.799999999999983,25.200000000000003,28.799999999999997,-14.400000000000006,-7.199999999999989
32,29,167,128,232,24.01935344827586,353.45366379310343,32.54366379310345,36.4992025862069,163.35394396551723,334.18696120689657,60.062586206896555,27.0,32.400000000000006,25.200000000000003,28.799999999999997,28.80000000000001,36.0
32,30,81,65,98,24.908010204081634,202.92857142857142,32.2631887755102,37.29923469387755,159.90566326530612,326.5994897959184,19.767142857142858,27.0,39.599999999999994,25.200000000000003,28.799999999999997,36.0,43.20000000000002
32,31,184,139,225,24.624877777777776,234.68777777777777,32.21512222222222,38.827555555555556,163.85845555555554,276.04161111111114,0.7174222222222222,27.0,46.80000000000001,25.200000000000003,28.799999999999997,43.20000000000002,50.400000000000006
32,32,355,247,878,24.604676032110092,253.21072247706422,32.10137614678899,39.28777809633027,163.38490825688075,298.9688503440367,1.7664920273348519,27.0,54.0,25.200000000000003,28.799999999999997,50.400000000000006,57.599999999999994
32,33,200,158,283,24.64461743772242,293.30249110320284,32.13374555160142,40.2098487544484,162.30741992882562,291.46548042704626,2.5450883392226147,27.0,61.20000000000002,25.200000000000003,28.799999999999997,57.599999999999994,64.80000000000001
32,34,72,62,80,24.77670886075949,393.373417721519,32.46398734177215,37.28120253164557,160.32911392405063,310.8346518987342,5.094875,27.0,68.4,25.200000000000003,28.799999999999997,64.80000000000001,72.0
32,41,357,286,695,22.97589466089466,315.0689033189033,31.67048701298701,38.425533910533915,170.96478354978356,305.63858225108225,1.69473381294964,27.0,118.80000000000001,25.200000000000003,28.799999999999997,115.19999999999999,122.40000000000003
32,42,454,338,1228,22.426071721311473,404.17418032786884,31.880565573770493,37.52905942622951,171.57827663934427,351.2802254098361,26.7967671009772,27.0,126.0,25.200000000000003,28.799999999999997,122.40000000000003,129.60000000000002
32,43,181,150,457,19.202076923076923,1085.807142857143,31.815851648351646,36.76066483516484,175.96451098901096,567.0392857142857,19.914026258205688,27.0,133.2,25.200000000000003,28.799999999999997,129.60000000000002,136.8
32,44,186,150,416,19.651523058252426,1007.6055825242719,31.581219660194172,37.51262742718446,176.3109587378641,583.8297936893204,43.95528846153846,27.0,140.40000000000003,25.200000000000003,28.799999999999997,136.8,144.0
32,45,101,79,320,17.969414556962025,1230.618670886076,31.5271835443038,39.310102848101266,177.78565664556962,697.0450949367089,75.37459375,27.0,147.60000000000002,25.200000000000003,28.799999999999997,144.0,151.2
32,46,88,67,294,18.39114186851211,1275.628892733564,31.55318339100346,39.876721453287196,174.20270761245675,718.5648788927335,0.6450340136054421,27.0,154.8,25.200000000000003,28.799999999999997,151.2,158.40000000000003
32,47,83,63,277,18.900018181818183,1055.159090909091,31.401954545454547,40.01366363636364,176.01734545454548,728.0081818181818,106.73783393501806,27.0,162.0,25.200000000000003,28.799999999999997,158.40000000000003,165.60000000000002
32,48,84,64,318,18.271297770700638,1237.1449044585988,31.39672770700637,40.682452229299365,177.72902070063694,743.1031050955414,73.0994968553459,27.0,169.2,25.200000000000003,28.799999999999997,165.60000000000002,172.8
32,49,79,62,288,19.65826241134752,1218.2632978723404,31.333918439716314,40.962765957446805,177.79632978723404,734.1001773049645,58.65184027777778,27.0,176.40000000000003,25.200000000000003,28.799999999999997,172.8,180.0
33,0,89,70,263,17.677278846153847,1377.7182692307692,31.372384615384618,39.32481730769231,173.1541730769231,740.4836538461539,40.86338403041825,30.60000000000001,-176.4,28.799999999999997,32.400000000000006,-180.0,-172.8
33,1,84,68,269,18.510873605947957,1214.6189591078066,31.492016728624538,39.877490706319705,168.1742750929368,723.3220260223048,21.746765799256504,30.60000000000001,-169.2,28.799999999999997,32.400000000000006,-172.8,-165.6
33,2,87,67,242,18.776234439834028,1225.4979253112033,31.523485477178422,40.81393153526971,172.856244813278,729.6078838174274,0.678099173553719,30.60000000000001,-162.0,28.799999999999997,32.400000000000006,-165.6,-158.4
33,3,85,66,291,18.817862068965518,1215.7663793103447,31.354568965517245,40.699000000000005,172.00244827586206,752.7939655172414,75.886735395189,30.60000000000001,-154.8,28.799999999999997,32.400000000000006,-158.4,-151.2
33,4,79,62,255,18.827117647058824,1161.6264705882354,31.29942156862745,41.50098039215686,174.09903921568628,731.3901960784314,208.05392156862746,30.60000000000001,-147.6,28.799999999999997,32.400000000000006,-151.2,-144.0
33,5,79,61,260,18.73093023255814,1169.3924418604652,31.165872093023257,42.48769379844961,174.34833333333336,751.6613372093024,73.79230769230769,30.60000000000001,-140.4,28.799999999999997,32.400000000000006,-144.0,-136.8
33,6,74,60,242,18.811830543933056,1039.2259414225941,31.357248953974896,41.67824267782427,173.5718828451883,751.0873430962343,133.86214876033057,30.60000000000001,-133.2,28.799999999999997,32.400000000000006,-136.8,-129.6
33,7,86,70,276,17.942472324723248,1313.7721402214022,31.21062730627306,42.301798892988934,173.16107933579337,725.9225092250922,155.5139855072464,30.60000000000001,-126.0,28.799999999999997,32.400000000000006,-129.6,-122.4
33,8,187,152,489,17.175467145790552,1069.0621149897331,31.268660164271047,39.48053901437371,168.5083726899384,555.2076488706366,294.070736196319,30.60000000000001,-118.8,28.799999999999997,32.400000000000006,-122.4,-115.2
33,9,153,138,223,20.999425675675678,598.777027027027,31.74630630630631,36.87614864864865,161.22653153153155,429.0320157657658,19.752914798206277,30.60000000000001,-111.6,28.799999999999997,32.400000000000006,-115.2,-108.0
33,11,71,67,79,20.673429487179487,396.5769230769231,29.832275641025642,31.93945512820513,197.1765705128205,364.41185897435895,1.960506329113924,30.60000000000001,-97.2,28.799999999999997,32.400000000000006,-100.8,-93.6
33,12,224,183,382,21.283386243386243,373.89021164021165,30.66864417989418,31.500674603174602,197.52843253968254,351.0244708994709,19.802329842931936,30.60000000000001,-90.0,28.799999999999997,32.400000000000006,-93.6,-86.39999999999999
33,13,280,227,614,21.224799836601306,396.7516339869281,30.828353758169932,31.432389705882354,196.05247140522877,369.12446895424836,23.02340390879479,30.60000000000001,-82.8,28.799999999999997,32.400000000000006,-86.39999999999999,-79.2
33,14,140,114,403,18.737406015037596,1094.9141604010026,31.15124060150376,38.36496240601504,189.82439223057642,630.109962406015,223.69153846153847,30.60000000000001,-75.6,28.799999999999997,32.400000000000006,-79.2,-72.0
33,15,96,75,276,18.355830258302586,1245.5424354243542,30.95107933579336,39.767638376383765,191.68428044280444,696.5724169741698,183.06989130434783,30.60000000000001,-68.39999999999999,28.799999999999997,32.400000000000006,-72.0,-64.8
33,16,99,75,324,18.51171826625387,1181.9318885448915,31.128196594427244,38.82685758513932,189.65160990712076,672.6946594427245,309.2860185185185,30.60000000000001,-61.2,28.799999999999997,32.400000000000006,-64.8,-57.599999999999994
33,17,88,67,292,18.283109965635738,1151.9166666666667,30.97187285223368,39.21480240549828,190.869793814433,699.7302405498282,150.02499999999998,30.60000000000001,-54.0,28.799999999999997,32.400000000000006,-57.599999999999994,-50.400000000000006
33,18,91,68,315,18.360615015974442,1169.1837060702876,30.84735623003195,39.88576677316294,191.0529233226837,701.4369009584665,59.156349206349205,30.60000000000001,-46.79999999999998,28.799999999999997,32.400000000000006,-50.400000000000006,-43.19999999999999
33,19,102,78,324,17.89235893416928,1254.4976489028213,31.077813479623824,38.57150470219435,192.92205329153606,669.987460815047,46.353858024691355,30.60000000000001,-39.599999999999994,28.799999999999997,32.400000000000006,-43.19999999999999,-36.0
33,20,92,70,283,18.098918439716314,1233.39804964539,31.240168439716314,38.95326241134752,191.3379255319149,703.1604609929078,78.15215547703181,30.60000000000001,-32.400000000000006,28.799999999999997,32.400000000000006,-36.0,-28.799999999999983
33,21,120,92,336,18.549580838323354,1091.0688622754492,31.086482035928146,38.029318862275446,191.96927395209582,657.8416916167664,61.44184523809523,30.60000000000001,-25.19999999999999,28.799999999999997,32.400000000000006,-28.799999999999983,-21.599999999999994
33,22,122,100,340,18.52196856287425,1156.99625748503,30.998293413173652,38.43622754491018,191.12694610778445,624.5958083832336,147.45529411764707,30.60000000000001,-18.0,28.799999999999997,32.400000000000006,-21.599999999999994,-14.400000000000006
33,23,265,207,500,18.294402834008096,790.2818825910931,31.021214574898785,35.367272267206474,198.27240890688262,457.7143218623482,13.17312,30.60000000000001,-10.799999999999983,28.799999999999997,32.400000000000006,-14.400000000000006,-7.199999999999989
33,27,221,184,333,18.506043543543544,428.5735735735736,31.057109609609608,33.50700450450451,201.3245795795796,328.5758258258258,2.3612912912912916,30.60000000000001,18.0,28.799999999999997,32.400000000000006,14.400000000000006,21.599999999999994
33,28,113,102,148,18.487111486486487,365.9628378378378,30.937010135135132,34.48184121621622,200.61131756756757,365.5650337837838,0.2443918918918919,30.60000000000001,25.200000000000017,28.799999999999997,32.400000000000006,21.599999999999994,28.80000000000001
33,29,201,171,288,19.18423344947735,336.2656794425087,31.143728222996515,35.28793554006969,197.09474738675956,298.05662020905925,22.448923611111113,30.60000000000001,32.400000000000006,28.799999999999997,32.400000000000006,28.80000000000001,36.0
33,31,176,138,234,24.350075431034483,238.08405172413794,32.11492456896552,39.00214439655172,165.3771767241379,300.29983836206895,2.1357692307692306,30.60000000000001,46.80000000000001,28.799999999999997,32.400000000000006,43.20000000000002,50.400000000000006
33,32,26,26,26,24.93423076923077,75.74038461538461,32.55278846153846,39.26490384615385,159.19201923076923,327.8048076923077,0.39115384615384613,30.60000000000001,54.0,28.799999999999997,32.400000000000006,50.400000000000006,57.599999999999994
33,41,72,63,96,19.919817708333333,427.9166666666667,29.44458333333333,46.89546875,186.12812499999998,444.67552083333334,0.5287499999999999,30.60000000000001,118.80000000000001,28.799999999999997,32.400000000000006,115.19999999999999,122.40000000000003
33,42,375,291,994,21.046735055724415,458.8140830800405,31.378234549138806,38.77079533941236,177.49689463019251,340.61773049645393,3.8896277665995975,30.60000000000001,126.0,28.799999999999997,32.400000000000006,122.40000000000003,129.60000000000002
33,43,322,262,683,21.113227474150666,623.3009601181684,31.675487444608567,36.83833825701625,174.9161669128508,417.20952732644014,18.115139092240117,30.60000000000001,133.2,28.799999999999997,32.400000000000006,129.60000000000002,136.8
33,44,148,124,341,18.739881656804734,1149.2167159763314,31.54397928994083,37.56414201183432,177.05851331360947,609.5061760355029,73.57607038123167,30.60000000000001,140.40000000000003,28.799999999999997,32.400000000000006,136.8,144.0
33,45,82,64,254,18.775691699604742,1230.4209486166008,31.699021739130433,39.55833003952569,171.32470355731226,709.7327075098814,23.91291338582677,30.60000000000001,147.60000000000002,28.799999999999997,32.400000000000006,144.0,151.2
33,46,89,72,297,17.83274054982818,1329.0798969072166,31.540034364261167,38.60206185567011,172.48170103092784,699.6443298969073,76.66720538720539,30.60000000000001,154.8,28.799999999999997,32.400000000000006,151.2,158.40000000000003
33,47,81,62,238,18.80979872881356,1276.3887711864406,31.274798728813558,41.77934322033898,173.93294491525424,716.520127118644,101.84848739495797,30.60000000000001,162.0,28.799999999999997,32.400000000000006,158.40000000000003,165.60000000000002
33,48,93,74,276,18.704954545454545,1150.100909090909,31.443472727272727,39.89011818181818,176.05957272727272,707.0722727272728,125.70684782608694,30.60000000000001,169.2,28.799999999999997,32.400000000000006,165.60000000000002,172.8
33,49,98,78,272,18.13163568773234,1268.7239776951674,31.099842007434944,38.780018587360594,177.65835501858737,668.510687732342,51.37308823529412,30.60000000000001,176.40000000000003,28.799999999999997,32.400000000000006,172.8,180.0
34,0,104,83,287,18.013052631578947,1386.7570175438595,31.178105263157896,40.882885964912276,173.49555263157893,705.9464912280702,85.73240418118468,34.2,-176.4,32.400000000000006,36.0,-180.0,-172.8
34,1,91,73,298,17.806140202702704,1330.9163851351352,31.271452702702703,40.95346283783784,168.40217905405405,710.0274493243244,97.62355704697987,34.2,-169.2,32.400000000000006,36.0,-172.8,-165.6
34,2,90,73,299,17.88663006756757,1308.4949324324325,31.276832770270275,40.25861486486486,167.83936655405404,711.2592905405405,77.78197324414717,34.2,-162.0,32.400000000000006,36.0,-165.6,-158.4
34,3,88,73,282,17.750658362989324,1248.9919928825623,31.340898576512455,39.713247330960854,171.5579537366548,728.3625444839857,120.45609929078014,34.2,-154.8,32.400000000000006,36.0,-158.4,-151.2
34,4,89,71,305,18.232193708609273,1170.135761589404,31.40914735099338,40.34754966887417,168.87505794701988,738.4842715231788,182.43645901639343,34.2,-147.6,32.400000000000006,36.0,-151.2,-144.0
34,5,87,73,261,18.096476833976833,1058.7586872586874,31.39418918918919,40.61991312741313,167.81754826254829,731.2118725868726,82.36954022988506,34.2,-140.4,32.400000000000006,36.0,-144.0,-136.8
34,6,87,70,258,17.89661067193676,1210.0592885375495,31.310731225296443,40.78124505928854,173.41355731225295,739.8586956521739,192.13639534883723,34.2,-133.2,32.400000000000006,36.0,-136.8,-129.6
34,7,97,80,303,17.6225,1219.5652173913043,31.338553511705687,40.023294314381275,170.77814381270903,688.2867892976589,349.3275907590759,34.2,-126.0,32.400000000000006,36.0,-129.6,-122.4
34,8,212,169,447,16.049971719457012,716.9564479638009,31.336566742081448,39.25264705882353,165.03838800904978,399.1535633484163,294.1950782997763,34.2,-118.8,32.400000000000006,36.0,-122.4,-115.2
34,13,74,69,81,21.26361111111111,326.4598765432099,30.24030864197531,33.74867283950617,196.1187962962963,333.983024691358,2.8730864197530863,34.2,-82.8,32.400000000000006,36.0,-86.39999999999999,-79.2
34,14,270,220,605,19.637263681592042,571.9237147595356,30.926998341625207,33.41070895522388,197.2945273631841,452.9098258706468,188.05105785123968,34.2,-75.6,32.400000000000006,36.0,-79.2,-72.0
34,15,91,67,279,18.737427536231884,1066.7019927536232,31.318088768115942,39.7231884057971,189.97840579710146,690.2019927536232,299.7781720430107,34.2,-68.39999999999999,32.400000000000006,36.0,-72.0,-64.8
34,16,96,75,320,18.15136006289308,1153.8624213836479,30.848545597484275,37.82118710691824,192.99416666666664,671.2197327044025,120.91259375,34.2,-61.2,32.400000000000006,36.0,-64.8,-57.599999999999994
34,17,94,71,273,18.214154275092937,1232.6793680297399,31.331691449814127,38.35661710037175,189.93488847583643,706.382434944238,74.98761904761905,34.2,-54.0,32.400000000000006,36.0,-57.599999999999994,-50.400000000000006
34,18,103,79,337,17.764693113772456,1287.3555389221558,31.228046407185627,38.18720808383234,192.26804640718564,668.2848053892216,118.65,34.2,-46.79999999999998,32.400000000000006,36.0,-50.400000000000006,-43.19999999999999
34,19,112,86,333,17.512326283987914,1196.2696374622356,31.323519637462237,35.79350453172205,194.8456268882175,636.1283987915408,47.98678678678679,34.2,-39.599999999999994,32.400000000000006,36.0,-43.19999999999999,-36.0
34,20,129,102,358,17.73650997150997,1195.920227920228,31.500811965811966,35.953198005698006,192.69030626780628,653.5480769230769,88.54762569832403,34.2,-32.400000000000006,32.400000000000006,36.0,-36.0,-28.799999999999983
34,21,105,80,308,17.420687086092713,1313.9271523178809,31.31096026490066,36.630455298013246,193.90984271523178,660.9081125827814,94.52652597402597,34.2,-25.19999999999999,32.400000000000006,36.0,-28.799999999999983,-21.599999999999994
34,22,136,108,358,18.87290254237288,1015.8043785310734,31.387485875706215,37.84080508474577,190.73935028248587,624.4943502824859,212.60918994413407,34.2,-18.0,32.400000000000006,36.0,-21.599999999999994,-14.400000000000006
34,23,211,175,472,18.363910256410254,931.0566239316239,31.08099893162393,35.84694978632479,195.31999465811967,534.2972756410256,95.61052966101694,34.2,-10.799999999999983,32.400000000000006,36.0,-14.400000000000006,-7.199999999999989
34,24,223,191,326,18.445231481481482,358.73533950617286,30.902546296296293,32.99036265432099,206.07210648148148,315.06558641975306,37.51432515337423,34.2,-3.5999999999999943,32.400000000000006,36.0,-7.199999999999989,0.0
34,25,13,13,13,17.207692307692305,161.0,30.76269230769231,33.09365384615385,210.47961538461539,375.3076923076923,0.7346153846153847,34.2,3.5999999999999943,32.400000000000006,36.0,0.0,7.200000000000017
34,26,278,223,570,18.263650793650793,401.71516754850086,30.7773897707231,32.78191798941799,205.1230643738977,299.0238095238095,8.326456140350878,34.2,10.800000000000011,32.400000000000006,36.0,7.200000000000017,14.400000000000006
34,27,169,150,372,17.610175202156334,781.4265498652292,30.60024258760108,36.59979784366577,199.74823450134772,451.9481132075472,104.2554569892473,34.2,18.0,32.400000000000006,36.0,14.400000000000006,21.599999999999994
34,28,191,168,383,18.1707637075718,643.5842036553524,30.920130548302872,34.67763054830287,201.73233681462142,399.5192885117494,84.39671018276762,34.2,25.200000000000017,32.400000000000006,36.0,21.599999999999994,28.80000000000001
34,29,190,169,326,18.14510061919505,606.6416408668731,30.907778637770896,34.83414860681115,202.4910758513932,368.121149380805,248.240490797546,34.2,32.400000000000006,32.400000000000006,36.0,28.80000000000001,36.0
34,30,2,2,2,18.341250000000002,352.5,32.67,20.86125,191.27875,215.375,0.14,34.2,39.599999999999994,32.400000000000006,36.0,36.0,43.20000000000002
34,41,151,139,241,18.881491596638657,633.0189075630252,29.88423319327731,41.541722689075634,184.91210084033614,413.6523109243698,0.45639004149377593,34.2,118.80000000000001,32.400000000000006,36.0,115.19999999999999,122.40000000000003
34,42,315,271,805,19.495695488721804,454.43859649122805,30.93235902255639,38.87544486215539,181.49539473684212,353.0176065162907,0.9639627329192547,34.2,126.0,32.400000000000006,36.0,122.40000000000003,129.60000000000002
34,43,377,309,973,20.631268115942028,429.1814182194617,31.34765010351967,38.37003105590062,179.72753364389231,341.66582556935816,15.341798561151078,34.2,133.2,32.400000000000006,36.0,129.60000000000002,136.8
34,44,255,222,549,19.501811131386862,730.9210766423357,31.624489051094894,38.10332572992701,176.24831660583942,460.64559762773723,63.157012750455365,34.2,140.40000000000003,32.400000000000006,36.0,136.8,144.0
34,45,90,73,274,18.63781365313653,1090.2583025830259,31.440553505535053,38.42876383763838,174.0513745387454,701.0834870848709,82.01824817518248,34.2,147.60000000000002,32.400000000000006,36.0,144.0,151.2
34,46,94,73,293,18.581301724137933,1150.8706896551723,31.405965517241377,39.76137068965517,173.2831206896552,715.7327586206897,57.97,34.2,154.8,32.400000000000006,36.0,151.2,158.40000000000003
34,47,90,71,270,18.235449438202245,1191.9597378277153,31.2699531835206,39.64407303370787,176.67871722846442,686.3553370786517,103.90922222222221,34.2,162.0,32.400000000000006,36.0,158.40000000000003,165.60000000000002
34,48,110,91,316,17.96573482428115,1263.3634185303515,31.392547923322685,39.957292332268366,174.16902555910542,689.8246805111821,83.75414556962026,34.2,169.2,32.400000000000006,36.0,165.60000000000002,172.8
34,49,100,80,307,17.565516393442625,1276.9401639344262,31.42068852459016,39.02476229508196,176.48781147540984,680.4479508196721,28.674136807817593,34.2,176.40000000000003,32.400000000000006,36.0,172.8,180.0
35,0,92,77,265,17.415726415094337,1246.5735849056605,31.14929245283019,40.6313679245283,172.8236320754717,707.0188679245283,17.84154716981132,37.8,-176.4,36.0,39.599999999999994,-180.0,-172.8
35,1,92,75,313,18.44942926045016,1235.5032154340836,31.405932475884246,40.62072347266881,168.14377009646302,716.5920418006431,19.526709265175718,37.8,-169.2,36.0,39.599999999999994,-172.8,-165.6
35,2,92,77,306,17.42071782178218,1396.601485148515,31.02964521452145,39.79862211221122,171.4709405940594,710.6596534653465,36.314803921568625,37.8,-162.0,36.0,39.599999999999994,-165.6,-158.4
35,3,87,74,257,18.10465953307393,1274.4562256809338,31.27124513618677,41.052509727626465,170.87873540856032,723.84046692607,43.41684824902724,37.8,-154.8,36.0,39.599999999999994,-158.4,-151.2
35,4,92,78,273,17.292453358208952,1215.7835820895523,31.494617537313434,38.57592350746268,167.57453358208954,716.2826492537314,156.0395238095238,37.8,-147.6,36.0,39.599999999999994,-151.2,-144.0
35,5,85,70,273,17.57562037037037,1232.3175925925925,31.05305555555556,40.76389814814815,173.83357407407408,700.1712962962963,137.94630036630036,37.8,-140.4,36.0,39.599999999999994,-144.0,-136.8
35,6,89,71,278,17.317663043478262,1315.9347826086957,31.147355072463768,40.03165760869565,171.233731884058,700.5611413043479,126.94841726618704,37.8,-133.2,36.0,39.599999999999994,-136.8,-129.6
35,7,151,117,380,16.104497319034852,1166.0140750670241,31.08587801608579,38.78373324396783,169.09376675603218,602.382707774799,433.57081578947367,37.8,-126.0,36.0,39.599999999999994,-129.6,-122.4
35,8,70,62,91,16.17663888888889,693.0888888888888,31.17286111111111,38.45272222222222,173.74988888888888,426.6430555555556,142.4623076923077,37.8,-118.8,36.0,39.599999999999994,-122.4,-115.2
35,14,283,245,619,18.435964983713358,565.3208469055375,30.133021172638436,32.35592019543974,203.72900244299674,406.69218241042347,90.97079159935379,37.8,-75.6,36.0,39.599999999999994,-79.2,-72.0
35,15,124,96,379,17.938590425531913,1055.125664893617,31.001462765957445,36.869009308510634,194.36476063829787,664.4664228723404,675.507018469657,37.8,-68.39999999999999,36.0,39.599999999999994,-72.0,-64.8
35,16,109,84,363,18.246613573407203,1120.7326869806095,31.046481994459835,38.1772783933518,192.6300623268698,667.8265235457063,214.13225895316802,37.8,-61.2,36.0,39.599999999999994,-64.8,-57.599999999999994
35,17,100,76,298,18.169220338983052,1181.9525423728815,31.057728813559326,37.890762711864404,193.571593220339,689.0042372881356,268.33020134228184,37.8,-54.0,36.0,39.599999999999994,-57.599999999999994,-50.400000000000006
35,18,96,70,330,18.03287234042553,1208.8951367781156,31.24155015197568,38.331177811550155,191.27734042553192,701.9293313069909,97.98630303030303,37.8,-46.79999999999998,36.0,39.599999999999994,-50.400000000000006,-43.19999999999999
35,19,100,78,304,17.97482441471572,1259.5785953177258,30.937466555183946,38.83858695652174,194.0264297658863,680.5990802675585,68.43151315789474,37.8,-39.599999999999994,36.0,39.599999999999994,-43.19999999999999,-36.0
35,20,171,137,481,17.06891052631579,1162.4584210526316,31.03558947368421,34.71331052631579,196.96997894736845,586.0902631578947,94.68307692307692,37.8,-32.400000000000006,36.0,39.599999999999994,-36.0,-28.799999999999983
35,21,245,206,617,17.70628664495114,933.1795602605863,31.103330618892507,34.80225162866449,195.8685016286645,546.8140818403908,244.22742301458672,37.8,-25.19999999999999,36.0,39.599999999999994,-28.799999999999983,-21.599999999999994
35,22,106,80,305,17.977178217821784,1280.8003300330033,31.372755775577556,37.9100495049505,190.82534653465348,678.1596534653465,64.37652459016394,37.8,-18.0,36.0,39.599999999999994,-21.599999999999994,-14.400000000000006
35,23,300,253,602,17.202133838383837,786.9642255892256,30.748556397306402,32.992045454545455,204.31058501683503,443.42108585858585,62.24121262458472,37.8,-10.799999999999983,36.0,39.599999999999994,-14.400000000000006,-7.199999999999989
35,24,254,207,432,17.884121779859484,422.0884074941452,30.657833723653397,32.91043911007026,205.34911007025764,316.6281615925059,105.44256944444444,37.8,-3.5999999999999943,36.0,39.599999999999994,-7.199999999999989,0.0
35,25,271,221,529,17.96784285714286,520.2328571428571,31.194580952380953,31.950599999999998,204.6298904761905,367.2030952380952,134.63143667296785,37.8,3.5999999999999943,36.0,39.599999999999994,0.0,7.200000000000017
35,26,323,260,777,18.033151750972763,451.66958495460443,30.733988326848248,32.62160505836576,205.63112516212712,326.2660505836576,25.231943371943373,37.8,10.800000000000011,36.0,39.599999999999994,7.200000000000017,14.400000000000006
35,27,255,221,505,17.94236111111111,551.8794642857143,30.60669642857143,34.29194444444445,205.31160714285716,356.99252232142857,112.87275247524752,37.8,18.0,36.0,39.599999999999994,14.400000000000006,21.599999999999994
35,28,321,254,913,18.086052197802196,352.16785714285714,30.677612637362635,31.9471043956044,207.88831868131868,261.5553708791209,9.11736035049288,37.8,25.200000000000017,36.0,39.599999999999994,21.599999999999994,28.80000000000001
35,29,146,127,193,18.440559895833335,369.0833333333333,31.200078125,33.454375,204.06140625,251.60634765625,27.583886010362693,37.8,32.400000000000006,36.0,39.599999999999994,28.80000000000001,36.0
35,30,15,13,16,17.2085,704.6166666666667,28.99683333333333,35.575833333333335,206.37449999999998,416.51666666666665,0.55875,37.8,39.599999999999994,36.0,39.599999999999994,36.0,43.20000000000002
35,41,125,120,205,18.416169950738915,591.0295566502463,30.112758620689657,39.685233990147786,188.039618226601,489.45504926108373,0.3632682926829268,37.8,118.80000000000001,36.0,39.599999999999994,115.19999999999999,122.40000000000003
35,42,236,211,545,18.143127323420075,521.3266728624535,30.618266728624533,38.17473513011152,185.52157527881042,408.8211431226766,0.7697614678899082,37.8,126.0,36.0,39.599999999999994,122.40000000000003,129.60000000000002
35,43,247,209,582,17.012225609756097,815.2364982578397,31.019381533101047,35.98256097560976,184.68148954703832,460.7007404181184,5.645326460481099,37.8,133.2,36.0,39.599999999999994,129.60000000000002,136.8
35,44,261,223,569,17.067354240282686,647.6413427561837,30.906819787985864,36.11123233215548,185.00506183745583,420.6874116607774,153.4963971880492,37.8,140.40000000000003,36.0,39.599999999999994,136.8,144.0
35,45,91,73,279,17.281005434782607,1329.3777173913043,30.770597826086956,39.60314311594203,178.52660326086956,692.5502717391304,40.23591397849462,37.8,147.60000000000002,36.0,39.599999999999994,144.0,151.2
35,46,89,72,303,18.169116666666664,1197.5825,31.160216666666667,39.068508333333334,176.2651,692.19375,38.664224422442246,37.8,154.8,36.0,39.599999999999994,151.2,158.40000000000003
35,47,91,74,257,17.52155511811024,1326.5433070866143,31.251082677165357,40.93275590551181,174.2098523622047,712.5344488188977,19.649455252918287,37.8,162.0,36.0,39.599999999999994,158.40000000000003,165.60000000000002
35,48,99,82,328,17.444938271604936,1292.0100308641975,31.158194444444447,39.48170524691358,178.7984027777778,706.6354166666666,33.63856707317073,37.8,169.2,36.0,39.599999999999994,165.60000000000002,172.8
35,49,89,72,268,17.325554511278195,1367.218045112782,31.135347744360903,39.0934022556391,177.2891635338346,691.2589285714286,0.6527238805970149,37.8,176.40000000000003,36.0,39.599999999999994,172.8,180.0
36,0,90,76,256,16.89035433070866,1417.1574803149606,31.143188976377953,41.12864173228346,173.621968503937,702.8292322834645,131.44296875,41.400000000000006,-176.4,39.599999999999994,43.20000000000002,-180.0,-172.8
36,1,91,77,310,16.524910714285713,1343.715909090909,31.103189935064933,38.7638474025974,172.1340827922078,710.1680194805194,19.220322580645163,41.400000000000006,-169.2,39.599999999999994,43.20000000000002,-172.8,-165.6
36,2,86,75,255,16.85785,1296.568,30.91284,40.197,177.30114,688.533,42.88043137254902,41.400000000000006,-162.0,39.599999999999994,43.20000000000002,-165.6,-158.4
36,3,87,76,319,16.579493670886077,1420.6455696202531,30.863916139240505,39.68951740506329,173.41771360759492,675.2717563291139,33.53557993730408,41.400000000000006,-154.8,39.599999999999994,43.20000000000002,-158.4,-151.2
36,4,88,76,280,16.546666666666667,1340.1657608695652,31.04547101449275,38.93907608695652,175.36271739130436,701.9157608695652,195.51746428571428,41.400000000000006,-147.6,39.599999999999994,43.20000000000002,-151.2,-144.0
36,5,91,77,254,16.64288844621514,1352.0836653386455,30.881643426294822,39.30390438247012,172.26743027888446,665.3017928286853,60.120039370078736,41.400000000000006,-140.4,39.599999999999994,43.20000000000002,-144.0,-136.8
36,6,95,80,341,16.65127976190476,1431.0052083333333,30.88969494047619,39.90078125,174.12376488095236,680.4494047619048,126.74290322580646,41.400000000000006,-133.2,39.599999999999994,43.20000000000002,-136.8,-129.6
36,7,155,125,344,15.247331871345029,1180.797514619883,30.855906432748537,38.00119883040936,173.19763157894738,512.8157894736842,260.464011627907,41.400000000000006,-126.0,39.599999999999994,43.20000000000002,-129.6,-122.4
36,14,154,138,228,17.00602422907489,539.8359030837005,29.496618942731278,30.91104625550661,210.97305066079295,365.8265418502203,7.128333333333333,41.400000000000006,-75.6,39.599999999999994,43.20000000000002,-79.2,-72.0
36,15,281,245,915,15.8643087431694,703.5527322404372,29.76322131147541,30.388032786885244,209.83348907103823,428.3495901639344,155.9116174863388,41.400000000000006,-68.39999999999999,39.599999999999994,43.20000000000002,-72.0,-64.8
36,16,149,126,404,16.653404522613066,1087.4472361809046,30.698291457286434,35.51267587939699,200.64901381909547,598.3859924623116,468.4270792079208,41.400000000000006,-61.2,39.599999999999994,43.20000000000002,-64.8,-57.599999999999994
36,17,106,82,339,17.343119402985074,1038.5694029850747,31.01641791044776,36.35965671641791,196.8285447761194,677.8664179104478,375.1475811209439,41.400000000000006,-54.0,39.599999999999994,43.20000000000002,-57.599999999999994,-50.400000000000006
36,18,107,85,355,17.587892857142858,1181.0414285714285,30.78682857142857,37.358871428571426,196.41510000000002,668.0457142857143,182.6531267605634,41.400000000000006,-46.79999999999998,39.599999999999994,43.20000000000002,-50.400000000000006,-43.19999999999999
36,19,91,67,276,17.619069343065693,1263.6888686131388,30.84950729927007,38.26056569343066,195.42213503649634,678.3024635036496,50.28445652173913,41.400000000000006,-39.599999999999994,39.599999999999994,43.20000000000002,-43.19999999999999,-36.0
36,20,133,105,361,17.138414804469274,1190.7995810055866,31.011375698324024,36.18508379888268,197.71709497206703,615.9186452513967,58.41349030470914,41.400000000000006,-32.400000000000006,39.599999999999994,43.20000000000002,-36.0,-28.799999999999983
36,21,127,100,353,16.97223721590909,1208.7421875,30.901086647727276,35.376349431818184,198.47468039772727,626.9243607954545,32.37977337110481,41.400000000000006,-25.19999999999999,39.599999999999994,43.20000000000002,-28.799999999999983,-21.599999999999994
36,22,104,79,295,16.717918088737203,1168.7081911262799,31.15831058020478,34.70633959044369,199.2527133105802,629.0605802047781,85.42772881355933,41.400000000000006,-18.0,39.599999999999994,43.20000000000002,-21.599999999999994,-14.400000000000006
36,23,243,197,447,16.755536117381492,876.5936794582393,30.83403498871332,32.62841422121896,203.24552483069976,472.4317155756208,98.25042505592842,41.400000000000006,-10.799999999999983,39.599999999999994,43.20000000000002,-14.400000000000006,-7.199999999999989
36,24,12,12,12,16.556136363636366,727.2727272727273,29.1375,33.128409090909095,212.06318181818185,295.65909090909093,3.1675,41.400000000000006,-3.5999999999999943,39.599999999999994,43.20000000000002,-7.199999999999989,0.0
36,25,290,235,617,17.659995934959348,503.77764227642274,30.578426829268295,31.763195121951224,209.88258536585366,322.67358739837397,159.69239870340354,41.400000000000006,3.5999999999999943,39.599999999999994,43.20000000000002,0.0,7.200000000000017
36,26,293,236,686,17.784395280235987,510.4026548672566,31.006943215339234,32.39796828908554,204.68751474926256,333.4778945427729,91.68861516034985,41.400000000000006,10.800000000000011,39.599999999999994,43.20000000000002,7.200000000000017,14.400000000000006
36,27,285,228,683,18.03550953079179,373.32441348973606,30.931037390029324,32.589644428152496,207.71232771260998,291.6461326979472,25.031142020497803,41.400000000000006,18.0,39.599999999999994,43.20000000000002,14.400000000000006,21.599999999999994
36,28,251,213,475,17.64417372881356,386.62552966101697,29.64081038135593,33.26957627118644,207.66794491525425,291.75013241525426,5.027115789473685,41.400000000000006,25.200000000000017,39.599999999999994,43.20000000000002,21.599999999999994,28.80000000000001
36,29,147,132,224,16.894707207207208,377.4448198198198,28.397263513513515,32.89093468468469,215.1664752252252,286.0813063063063,5.821116071428571,41.400000000000006,32.400000000000006,39.599999999999994,43.20000000000002,28.80000000000001,36.0
36,30,105,94,165,17.16856707317073,488.375,28.61013719512195,36.30387195121951,206.01681402439024,338.92942073170735,24.697939393939393,41.400000000000006,39.599999999999994,39.599999999999994,43.20000000000002,36.0,43.20000000000002
36,41,40,41,52,15.507644230769232,754.375,28.584278846153843,36.42264423076923,202.56908653846156,515.5264423076923,0.4955769230769231,41.400000000000006,118.80000000000001,39.599999999999994,43.20000000000002,115.19999999999999,122.40000000000003
36,42,85,80,104,17.128509615384615,480.66346153846155,30.56920673076923,38.66887019230769,191.53353365384615,360.72836538461536,4.4960576923076925,41.400000000000006,126.0,39.599999999999994,43.20000000000002,122.40000000000003,129.60000000000002
36,43,141,123,306,14.827769607843136,1142.4256535947713,30.414264705882353,35.154607843137256,190.67539215686273,533.8111928104576,43.882287581699345,41.400000000000006,133.2,39.599999999999994,43.20000000000002,129.60000000000002,136.8
36,44,235,209,507,15.940242574257427,742.0094059405941,30.754410891089112,34.966752475247525,187.69282673267327,410.13148514851486,17.14284023668639,41.400000000000006,140.40000000000003,39.599999999999994,43.20000000000002,136.8,144.0
36,45,98,85,243,14.854604166666666,1333.7604166666667,30.890666666666668,36.35036458333333,182.36193749999998,606.38953125,51.55744855967078,41.400000000000006,147.60000000000002,39.599999999999994,43.20000000000002,144.0,151.2
36,46,86,74,287,16.664919928825622,1325.517793594306,30.66170818505338,40.50680604982207,181.87926156583632,674.9853202846975,18.94588850174216,41.400000000000006,154.8,39.599999999999994,43.20000000000002,151.2,158.40000000000003
36,47,85,71,229,16.5175,1316.8815789473683,30.840285087719298,38.84066885964913,179.07910087719299,679.2609649122807,24.96681222707424,41.400000000000006,162.0,39.599999999999994,43.20000000000002,158.40000000000003,165.60000000000002
36,48,99,82,304,16.540283333333335,1375.9025,31.217783333333337,38.88636666666667,179.01979166666666,663.2983333333333,53.65786184210526,41.400000000000006,169.2,39.599999999999994,43.20000000000002,165.60000000000002,172.8
36,49,83,69,273,16.880836431226765,1338.7899628252787,30.983698884758365,39.68018587360594,178.93631040892194,694.4270446096655,62.55827838827839,41.400000000000006,176.40000000000003,39.599999999999994,43.20000000000002,172.8,180.0
37,0,73,64,248,15.033285714285713,1404.023469387755,30.482326530612244,37.62804081632653,181.93613265306124,629.5877551020408,23.661008064516132,45.0,-176.4,43.20000000000002,46.80000000000001,-180.0,-172.8
37,1,77,69,257,14.5006640625,1633.955078125,30.733046875,37.79453125,177.534072265625,658.92529296875,23.258638132295722,45.0,-169.2,43.20000000000002,46.80000000000001,-172.8,-165.6
37,2,76,67,254,15.11238047808765,1376.9750996015937,30.740059760956175,37.43674302788845,177.7948107569721,652.0722111553785,61.79763779527559,45.0,-162.0,43.20000000000002,46.80000000000001,-165.6,-158.4
37,3,78,70,290,15.616092657342659,1504.1538461538462,30.33651223776224,39.19869755244755,177.19215034965035,645.7076048951049,54.554482758620686,45.0,-154.8,43.20000000000002,46.80000000000001,-158.4,-151.2
37,4,76,66,269,15.95452067669173,1390.796992481203,30.635451127819547,38.5762030075188,177.90019736842106,673.187969924812,111.3982156133829,45.0,-147.6,43.20000000000002,46.80000000000001,-151.2,-144.0
37,5,87,77,282,16.26563620071685,1374.921146953405,30.81498207885305,39.28730286738351,173.21266129032256,673.119623655914,30.785212765957446,45.0,-140.4,43.20000000000002,46.80000000000001,-144.0,-136.8
37,6,107,96,334,15.6870166163142,1414.595166163142,30.866570996978854,39.58035498489426,173.89280211480363,642.1325528700906,58.259790419161675,45.0,-133.2,43.20000000000002,46.80000000000001,-136.8,-129.6
37,7,182,153,448,14.625896860986547,1048.4843049327353,30.48280269058296,38.04257286995516,176.242399103139,486.0291479820628,195.52520089285716,45.0,-126.0,43.20000000000002,46.80000000000001,-129.6,-122.4
37,15,172,159,354,13.83838319088319,523.1310541310542,28.631431623931622,26.93789173789174,219.70067663817665,346.3183760683761,26.139237288135597,45.0,-68.39999999999999,43.20000000000002,46.80000000000001,-72.0,-64.8
37,16,213,193,833,13.510235223160436,623.9155609167672,28.761740048250907,27.355871531966226,220.2737183353438,384.9906513872135,49.52534213685474,45.0,-61.2,43.20000000000002,46.80000000000001,-64.8,-57.599999999999994
37,17,205,181,637,13.998884920634922,763.9821428571429,29.160801587301588,29.20303571428571,214.6092619047619,444.9404761904762,66.6385557299843,45.0,-54.0,43.20000000000002,46.80000000000001,-57.599999999999994,-50.400000000000006
37,18,195,168,562,14.019757194244603,856.2014388489208,29.532189748201436,29.401007194244606,214.06368255395682,474.466726618705,190.12763345195728,45.0,-46.79999999999998,43.20000000000002,46.80000000000001,-50.400000000000006,-43.19999999999999
37,19,103,78,331,16.571223076923076,1191.0376923076924,30.90070769230769,35.20198461538462,200.28077692307693,653.0034615384616,162.51066465256798,45.0,-39.599999999999994,43.20000000000002,46.80000000000001,-43.19999999999999,-36.0
37,20,104,82,325,16.97312693498452,1133.3792569659443,30.98884674922601,36.39404024767802,199.24345975232197,639.7074303405573,20.49209230769231,45.0,-32.400000000000006,43.20000000000002,46.80000000000001,-36.0,-28.799999999999983
37,21,123,97,429,16.403123529411765,1181.2670588235294,31.223005882352943,34.182023529411765,199.17406470588233,604.7514705882353,21.092680652680652,45.0,-25.19999999999999,43.20000000000002,46.80000000000001,-28.799999999999983,-21.599999999999994
37,22,100,78,335,16.47296072507553,1362.2930513595165,30.750354984894262,35.11463746223565,201.35973564954682,639.9728096676737,64.49955223880596,45.0,-18.0,43.20000000000002,46.80000000000001,-21.599999999999994,-14.400000000000006
37,23,196,164,471,16.63208244111349,1123.1852248394005,30.546236616702355,35.231241970021415,204.4581959314775,546.5505888650964,129.97261146496814,45.0,-10.799999999999983,43.20000000000002,46.80000000000001,-14.400000000000006,-7.199999999999989
37,24,392,317,886,16.30379840546697,583.248291571754,29.98117312072893,30.889792141230068,214.69482061503416,350.4379271070615,92.55689616252822,45.0,-3.5999999999999943,43.20000000000002,46.80000000000001,-7.199999999999989,0.0
37,25,131,121,166,17.92594512195122,301.1814024390244,30.687286585365854,33.24803353658537,209.66710365853658,282.72240853658536,48.8855421686747,45.0,3.5999999999999943,43.20000000000002,46.80000000000001,0.0,7.200000000000017
37,26,241,206,470,17.78017780172414,391.3146551724138,30.463356681034483,32.987494612068964,208.45501077586206,300.20468750000003,67.4000425531915,45.0,10.800000000000011,43.20000000000002,46.80000000000001,7.200000000000017,14.400000000000006
37,27,162,144,224,17.446329545454546,349.8909090909091,30.359750000000002,30.906602272727273,214.28527272727274,284.15897727272727,9.106741071428571,45.0,18.0,43.20000000000002,46.80000000000001,14.400000000000006,21.599999999999994
37,28,32,32,33,16.186136363636365,216.4318181818182,28.08386363636364,29.65742424242424,221.22977272727272,168.52083333333334,9.67939393939394,45.0,25.200000000000017,43.20000000000002,46.80000000000001,21.599999999999994,28.80000000000001
37,29,194,174,453,16.423484513274335,469.40652654867256,28.094391592920356,33.673224557522126,218.8291482300885,285.02928650442476,19.20028697571744,45.0,32.400000000000006,43.20000000000002,46.80000000000001,28.80000000000001,36.0
37,30,114,107,192,16.484921875,372.8502604166667,28.01453125,34.402109375,219.582265625,321.6489583333333,0.6303125,45.0,39.599999999999994,43.20000000000002,46.80000000000001,36.0,43.20000000000002
37,43,73,67,97,14.587835051546392,754.6675257731958,30.619690721649487,33.2634793814433,194.56646907216492,444.5322164948454,0.6146391752577319,45.0,133.2,43.20000000000002,46.80000000000001,129.60000000000002,136.8
37,44,190,165,440,13.991998861047836,825.3912300683371,29.99755125284738,34.236913439635536,197.55408883826877,404.0794988610478,3.352522727272727,45.0,140.40000000000003,43.20000000000002,46.80000000000001,136.8,144.0
37,45,141,117,376,12.795771276595746,865.4308510638298,30.03906914893617,33.159507978723404,194.42760638297872,401.6510970744681,12.411196808510637,45.0,147.60000000000002,43.20000000000002,46.80000000000001,144.0,151.2
37,46,84,73,225,14.486943181818182,1355.146590909091,30.24818181818182,36.889295454545454,189.28202272727273,588.0376136363636,22.737066666666667,45.0,154.8,43.20000000000002,46.80000000000001,151.2,158.40000000000003
37,47,68,61,205,14.198051470588236,1438.8651960784314,30.71045343137255,35.77698529411765,183.47990196078433,616.5851715686274,0.5132682926829268,45.0,162.0,43.20000000000002,46.80000000000001,158.40000000000003,165.60000000000002
37,48,78,67,271,14.785225563909774,1533.2077067669172,30.485112781954886,37.49529135338346,185.16031015037595,605.5798872180451,0.4611808118081181,45.0,169.2,43.20000000000002,46.80000000000001,165.60000000000002,172.8
37,49,73,65,211,14.961923076923076,1519.0432692307693,30.73504807692308,37.78990384615385,184.91006009615387,647.1484375,54.54952606635071,45.0,176.40000000000003,43.20000000000002,46.80000000000001,172.8,180.0
38,0,65,57,192,15.440305851063831,1540.155585106383,30.441662234042553,38.101994680851064,183.83396276595747,624.5784574468086,33.19161458333333,48.599999999999994,-176.4,46.80000000000001,50.400000000000006,-180.0,-172.8
38,1,66,59,222,14.405502283105022,1542.0650684931506,30.588504566210048,36.67890410958904,178.31473744292236,626.3150684931506,72.86310810810811,48.599999999999994,-169.2,46.80000000000001,50.400000000000006,-172.8,-165.6
38,2,67,61,208,13.994660194174758,1423.0424757281553,30.511347087378642,35.19546116504854,181.3154004854369,592.0631067961165,23.977211538461535,48.599999999999994,-162.0,46.80000000000001,50.400000000000006,-165.6,-158.4
38,3,71,64,212,14.909834123222748,1402.2997630331754,30.602571090047395,37.50600710900474,177.58103080568722,605.4899289099526,45.239764150943394,48.599999999999994,-154.8,46.80000000000001,50.400000000000006,-158.4,-151.2
38,4,70,64,225,14.638643497757847,1349.615470852018,30.717926008968607,36.07124439461883,178.37438340807176,619.2029147982063,58.590044444444445,48.599999999999994,-147.6,46.80000000000001,50.400000000000006,-151.2,-144.0
38,5,79,71,235,14.642682403433476,1434.6834763948498,30.41925965665236,35.97379828326181,183.25136266094418,609.2349785407725,16.768808510638298,48.599999999999994,-140.4,46.80000000000001,50.400000000000006,-144.0,-136.8
38,6,97,86,280,14.470226449275362,1324.1114130434783,30.584465579710145,36.97839673913044,179.17565217391305,578.6453804347826,54.49225,48.599999999999994,-133.2,46.80000000000001,50.400000000000006,-136.8,-129.6
38,7,201,163,539,13.357044609665428,748.835966542751,29.794976765799255,36.08563661710037,184.4983317843866,376.9021840148699,86.87508348794063,48.599999999999994,-126.0,46.80000000000001,50.400000000000006,-129.6,-122.4
38,8,26,23,32,12.749609375,977.234375,29.453125,39.26671875,190.968984375,336.3828125,8.6821875,48.599999999999994,-118.8,46.80000000000001,50.400000000000006,-122.4,-115.2
38,15,87,82,158,12.916842948717948,660.0544871794872,27.78940705128205,29.11972756410256,218.8257371794872,370.92788461538464,26.617721518987345,48.599999999999994,-68.39999999999999,46.80000000000001,50.400000000000006,-72.0,-64.8
38,16,175,162,683,12.695217551622418,628.601401179941,28.423569321533925,26.256356932153395,220.19335914454277,373.01733038348084,30.954392386530014,48.599999999999994,-61.2,46.80000000000001,50.400000000000006,-64.8,-57.599999999999994
38,17,154,143,471,12.724232409381663,748.4546908315565,28.810095948827293,26.824392324093814,219.39656716417912,397.72547974413646,26.42515923566879,48.599999999999994,-54.0,46.80000000000001,50.400000000000006,-57.599999999999994,-50.400000000000006
38,18,154,142,431,13.528700234192037,1007.9560889929743,29.69574355971897,28.17585480093677,217.5337587822014,472.2921545667447,86.05821345707656,48.599999999999994,-46.79999999999998,46.80000000000001,50.400000000000006,-50.400000000000006,-43.19999999999999
38,19,81,66,246,16.649139344262295,1313.8217213114754,30.659774590163934,36.325891393442625,199.83442622950818,666.6004098360655,251.33967479674797,48.599999999999994,-39.599999999999994,46.80000000000001,50.400000000000006,-43.19999999999999,-36.0
38,20,92,72,270,16.27645833333333,1245.5388257575758,30.52974431818182,35.23820075757576,206.73508522727272,623.0842803030303,54.21159259259259,48.599999999999994,-32.400000000000006,46.80000000000001,50.400000000000006,-36.0,-28.799999999999983
38,21,106,87,314,15.306556451612904,1399.8225806451612,30.732806451612902,32.428233870967745,208.99168548387098,574.2370967741936,90.01299363057325,48.599999999999994,-25.19999999999999,46.80000000000001,50.400000000000006,-28.799999999999983,-21.599999999999994
38,22,81,64,249,16.960325203252033,1397.2225609756097,30.58221544715447,37.00411585365854,199.4979674796748,645.1935975609756,0.6676305220883535,48.599999999999994,-18.0,46.80000000000001,50.400000000000006,-21.599999999999994,-14.400000000000006
38,23,291,255,735,15.525434482758621,809.5189655172413,29.896448275862067,31.13991379310345,216.03448620689656,401.406724137931,101.47442176870747,48.599999999999994,-10.799999999999983,46.80000000000001,50.400000000000006,-14.400000000000006,-7.199999999999989
38,24,327,277,927,15.124237242128123,497.943539630836,29.105287730727472,28.86265743756786,226.3964115092291,304.3170466883822,14.419503775620282,48.599999999999994,-3.5999999999999943,46.80000000000001,50.400000000000006,-7.199999999999989,0.0
38,25,72,67,81,15.049375000000001,468.646875,29.01246875,29.935031249999998,226.46228125,259.994875,5.381358024691358,48.599999999999994,3.5999999999999943,46.80000000000001,50.400000000000006,0.0,7.200000000000017
38,30,15,14,15,14.817166666666667,614.2,26.401166666666665,33.600833333333334,233.11983333333333,286.95,0.3706666666666667,48.599999999999994,39.599999999999994,46.80000000000001,50.400000000000006,36.0,43.20000000000002
38,44,121,109,230,12.887345814977973,776.0275330396476,29.478171806167403,32.69588105726872,199.73372246696036,378.9091960352423,0.6169565217391305,48.599999999999994,140.40000000000003,46.80000000000001,50.400000000000006,136.8,144.0
38,45,100,85,256,13.19348814229249,1124.5701581027668,30.2501185770751,33.937984189723316,188.62457509881423,442.1383893280632,0.45546875,48.599999999999994,147.60000000000002,46.80000000000001,50.400000000000006,144.0,151.2
38,46,132,111,312,12.443555194805194,936.5957792207793,30.299650974025973,31.816777597402595,192.42369318181818,412.54500811688314,8.013878205128204,48.599999999999994,154.8,46.80000000000001,50.400000000000006,151.2,158.40000000000003
38,47,53,47,162,14.178640625,1695.4421875,29.75684375,37.910578125,190.52689062500002,581.7390625,0.4030864197530864,48.599999999999994,162.0,46.80000000000001,50.400000000000006,158.40000000000003,165.60000000000002
38,48,65,57,205,14.067536764705883,1561.625,30.284325980392158,36.92719362745098,188.26654411764707,588.5851715686274,0.47585365853658534,48.599999999999994,169.2,46.80000000000001,50.400000000000006,165.60000000000002,172.8
38,49,63,55,213,13.940095693779904,1553.2236842105262,30.57072966507177,36.09464114832536,180.6990789473684,611.5807416267943,0.45211267605633804,48.599999999999994,176.40000000000003,46.80000000000001,50.400000000000006,172.8,180.0
39,0,180,141,394,12.674872448979592,1003.9802295918367,30.249413265306124,33.4895918367347,187.52649234693877,406.9606505102041,112.2789847715736,52.20000000000002,-176.4,50.400000000000006,54.0,-180.0,-172.8
39,1,145,117,378,12.652077747989278,1043.8331099195711,30.1187399463807,33.66680294906166,186.85800938337803,439.45810991957103,98.88597883597885,52.20000000000002,-169.2,50.400000000000006,54.0,-172.8,-165.6
39,2,94,83,255,14.127858565737053,1355.8605577689243,30.171703187250994,37.762908366533864,183.72907370517927,560.0164342629482,74.50223529411764,52.20000000000002,-162.0,50.400000000000006,54.0,-165.6,-158.4
39,3,64,57,242,14.786885593220338,1424.449152542373,30.385052966101696,36.50782838983051,181.34364406779662,617.145127118644,0.5264876033057851,52.20000000000002,-154.8,50.400000000000006,54.0,-158.4,-151.2
39,4,70,60,235,14.24521645021645,1433.6060606060605,30.316266233766232,37.85316017316017,177.6676515151515,611.7683982683983,52.208553191489365,52.20000000000002,-147.6,50.400000000000006,54.0,-151.2,-144.0
39,5,76,68,221,14.306602272727272,1619.7852272727273,30.773784090909093,36.378375,178.62398863636366,633.2801136363636,33.22733031674208,52.20000000000002,-140.4,50.400000000000006,54.0,-144.0,-136.8
39,6,184,142,453,13.03626674107143,957.8297991071429,30.304553571428574,35.238041294642855,181.21692522321428,411.4330357142857,84.31938189845475,52.20000000000002,-133.2,50.400000000000006,54.0,-136.8,-129.6
39,7,152,123,261,12.287624999999998,516.785576923077,29.46221153846154,33.54634615384615,191.41566346153846,307.0971153846154,14.927624521072797,52.20000000000002,-126.0,50.400000000000006,54.0,-129.6,-122.4
39,13,34,32,55,10.121898148148148,661.8287037037037,25.97837962962963,27.30851851851852,232.59388888888887,304.8009259259259,1.5407272727272727,52.20000000000002,-82.8,50.400000000000006,54.0,-86.39999999999999,-79.2
39,14,9,9,11,10.18159090909091,727.8863636363636,24.815227272727274,27.643863636363633,242.84477272727273,274.1818181818182,1.5745454545454545,52.20000000000002,-75.6,50.400000000000006,54.0,-79.2,-72.0
39,16,55,50,69,11.729926470588236,744.7316176470588,28.324595588235294,25.967426470588236,224.3351838235294,364.5220588235294,7.946811594202898,52.20000000000002,-61.2,50.400000000000006,54.0,-64.8,-57.599999999999994
39,17,152,141,438,11.921559633027524,756.1594036697247,28.564243119266056,25.718354357798162,226.23894495412847,378.4982798165138,35.838150684931506,52.20000000000002,-54.0,50.400000000000006,54.0,-57.599999999999994,-50.400000000000006
39,18,99,83,301,14.020237288135593,1288.293220338983,29.981499999999997,31.56715254237288,214.54916949152542,545.207627118644,83.22651162790697,52.20000000000002,-46.79999999999998,50.400000000000006,54.0,-50.400000000000006,-43.19999999999999
39,19,82,68,235,14.81403433476395,1440.4366952789699,30.39197424892704,34.67945278969957,208.23953862660943,601.2408798283262,45.074723404255316,52.20000000000002,-39.599999999999994,50.400000000000006,54.0,-43.19999999999999,-36.0
39,20,101,83,295,14.646313559322035,1346.6406779661017,30.58227118644068,32.26273728813559,210.29638135593223,569.8724576271186,79.4715254237288,52.20000000000002,-32.400000000000006,50.400000000000006,54.0,-36.0,-28.799999999999983
39,21,91,74,299,15.394127118644068,1403.3991525423728,30.387559322033898,33.779771186440676,207.49183898305085,591.2432203389831,11.946220735785953,52.20000000000002,-25.19999999999999,50.400000000000006,54.0,-28.799999999999983,-21.599999999999994
39,22,119,101,292,15.799576124567475,1277.166089965398,30.48971453287197,33.472292387543256,206.89667820069204,550.9666955017301,40.95890410958904,52.20000000000002,-18.0,50.400000000000006,54.0,-21.599999999999994,-14.400000000000006
39,23,316,274,874,14.74930459770115,592.4755747126437,29.354563218390805,28.43632183908046,225.43385632183907,329.00775862068963,38.13967963386728,52.20000000000002,-10.799999999999983,50.400000000000006,54.0,-14.400000000000006,-7.199999999999989
39,24,285,248,745,14.231833781965008,443.8765141318977,28.554182368775233,27.68909152086137,234.10560901749665,267.9757738896366,13.1748322147651,52.20000000000002,-3.5999999999999943,50.400000000000006,54.0,-7.199999999999989,0.0
39,25,294,259,879,14.608575085324231,430.335039817975,28.321254266211604,29.04490614334471,233.446598407281,270.0342718998862,6.1496587030716725,52.20000000000002,3.5999999999999943,50.400000000000006,54.0,0.0,7.200000000000017
39,26,75,74,98,13.23686224489796,401.5484693877551,26.693622448979593,27.670433673469386,243.0971173469388,245.44770408163265,2.09,52.20000000000002,10.800000000000011,50.400000000000006,54.0,7.200000000000017,14.400000000000006
39,27,7,7,7,16.255714285714284,219.92857142857142,26.665,34.270357142857144,237.82571428571427,490.17857142857144,0.26,52.20000000000002,18.0,50.400000000000006,54.0,14.400000000000006,21.599999999999994
39,44,79,69,129,10.367876984126983,772.9146825396825,28.663353174603174,29.6340873015873,210.8527976190476,294.54464285714283,0.9756589147286822,52.20000000000002,140.40000000000003,50.400000000000006,54.0,136.8,144.0
39,45,92,80,267,12.560516917293233,1191.7406015037593,30.17578007518797,33.31111842105263,188.71338345864663,423.10798872180453,0.4004494382022472,52.20000000000002,147.60000000000002,50.400000000000006,54.0,144.0,151.2
39,46,149,120,380,12.052202380952382,891.5548941798942,30.011216931216932,31.366269841269844,195.75801587301586,375.19034391534393,1.4436315789473686,52.20000000000002,154.8,50.400000000000006,54.0,151.2,158.40000000000003
39,47,90,76,175,12.901849710982658,1165.9335260115606,29.957095375722545,33.68073699421965,194.65190751445087,444.13569364161856,32.18902857142858,52.20000000000002,162.0,50.400000000000006,54.0,158.40000000000003,165.60000000000002
39,48,96,84,244,13.762126556016598,1419.1970954356846,30.10807053941909,36.12754149377593,189.24584024896265,549.8350622406639,26.056434426229508,52.20000000000002,169.2,50.400000000000006,54.0,165.60000000000002,172.8
39,49,154,125,339,12.096927083333334,939.5900297619048,30.46549851190476,31.634918154761905,188.95959821428573,378.14181547619046,125.6029203539823,52.20000000000002,176.40000000000003,50.400000000000006,54.0,172.8,180.0
40,0,80,68,197,14.119076923076921,1464.7602564102565,30.145628205128205,37.368,187.02588461538463,590.6980769230769,54.55629441624365,55.80000000000001,-176.4,54.0,57.599999999999994,-180.0,-172.8
40,1,156,120,513,11.355838235294117,825.7607843137255,29.98019117647059,32.001808823529416,191.3394656862745,363.15686274509807,149.48220272904481,55.80000000000001,-169.2,54.0,57.599999999999994,-172.8,-165.6
40,2,165,130,606,11.020782284768211,555.9755794701987,29.42293046357616,31.789586092715233,197.85566225165564,315.0900248344371,39.73615511551155,55.80000000000001,-162.0,54.0,57.599999999999994,-165.6,-158.4
40,3,171,136,502,11.2299203187251,815.8286852589641,29.77993027888446,31.29716135458167,193.80312250996016,346.9026394422311,169.5211752988048,55.80000000000001,-154.8,54.0,57.599999999999994,-158.4,-151.2
40,4,88,78,228,13.687697368421054,1431.392543859649,30.228651315789474,36.37825657894737,181.3698355263158,546.406798245614,82.18745614035087,55.80000000000001,-147.6,54.0,57.599999999999994,-151.2,-144.0
40,5,82,70,240,14.087596153846153,1450.8600427350427,30.329604700854702,36.461997863247866,182.63222222222223,565.6452991452992,115.46466666666667,55.80000000000001,-140.4,54.0,57.599999999999994,-144.0,-136.8
40,6,199,158,587,12.246055555555555,681.509829059829,29.728376068376065,33.84452136752137,189.6517735042735,331.27435897435896,48.26618398637138,55.80000000000001,-133.2,54.0,57.599999999999994,-136.8,-129.6
40,7,2,2,2,11.05875,105.75,30.07625,38.96,169.0,258.25,0.53,55.80000000000001,-126.0,54.0,57.599999999999994,-129.6,-122.4
40,12,31,29,47,9.854627659574469,817.7127659574468,27.069840425531915,24.651010638297873,229.17920212765958,282.1329787234043,0.30425531914893617,55.80000000000001,-90.0,54.0,57.599999999999994,-93.6,-86.39999999999999
40,13,56,51,132,9.468980769230768,776.2365384615384,26.693942307692307,25.929403846153846,232.33,276.5346153846154,0.2512121212121212,55.80000000000001,-82.8,54.0,57.599999999999994,-86.39999999999999,-79.2
40,14,31,30,46,8.685489130434783,445.1195652173913,26.57016304347826,22.319510869565217,237.85630434782607,264.54347826086956,1.6802173913043477,55.80000000000001,-75.6,54.0,57.599999999999994,-79.2,-72.0
40,16,93,87,185,10.217445945945945,789.4202702702703,27.931202702702702,23.197905405405407,233.4571216216216,323.64054054054054,27.434594594594593,55.80000000000001,-61.2,54.0,57.599999999999994,-64.8,-57.599999999999994
40,17,114,103,285,12.826548042704626,1092.306049822064,29.144653024911033,29.396379003558717,220.13712633451956,469.59875444839855,130.23245614035088,55.80000000000001,-54.0,54.0,57.599999999999994,-57.599999999999994,-50.400000000000006
40,18,70,59,227,14.938266666666667,1278.6522222222222,30.1724,33.86208888888889,212.11597777777777,579.92,32.95440528634361,55.80000000000001,-46.79999999999998,54.0,57.599999999999994,-50.400000000000006,-43.19999999999999
40,19,87,72,255,14.427065217391306,1282.8152173913043,30.28445652173913,30.992450592885376,212.9519861660079,563.2608695652174,13.031058823529412,55.80000000000001,-39.599999999999994,54.0,57.599999999999994,-43.19999999999999,-36.0
40,20,99,85,297,14.419668367346938,1313.455782312925,30.5719387755102,32.318154761904765,210.81305272108844,548.3150510204082,14.993232323232322,55.80000000000001,-32.400000000000006,54.0,57.599999999999994,-36.0,-28.799999999999983
40,21,94,79,315,14.17105305466238,1405.5506430868168,30.348263665594853,30.875369774919612,213.581961414791,530.5831993569132,19.20346031746032,55.80000000000001,-25.19999999999999,54.0,57.599999999999994,-28.799999999999983,-21.599999999999994
40,22,164,144,440,14.490178160919541,1066.6304597701148,30.707614942528735,29.05683908045977,214.4487988505747,456.5652298850575,36.87531818181818,55.80000000000001,-18.0,54.0,57.599999999999994,-21.599999999999994,-14.400000000000006
40,23,289,251,751,14.565786099865047,738.7655195681511,29.427547233468285,29.060053981106613,225.48278002699055,358.4694669365722,87.76981358189082,55.80000000000001,-10.799999999999983,54.0,57.599999999999994,-14.400000000000006,-7.199999999999989
40,24,294,263,953,13.977357142857144,460.8989417989418,28.395936507936508,27.61679894179894,234.2816216931217,274.45198412698414,10.624281217208814,55.80000000000001,-3.5999999999999943,54.0,57.599999999999994,-7.199999999999989,0.0
40,25,279,246,982,14.117469387755103,498.2647959183673,28.241025510204082,27.77176275510204,234.99868367346937,280.07283163265305,11.708289205702647,55.80000000000001,3.5999999999999943,54.0,57.599999999999994,0.0,7.200000000000017
40,26,241,217,725,13.12215027700831,404.49792243767314,26.964934210526316,26.269937673130194,241.54614612188365,259.41793628808864,5.335834482758621,55.80000000000001,10.800000000000011,54.0,57.599999999999994,7.200000000000017,14.400000000000006
40,27,145,135,392,13.408924870466322,359.2720207253886,26.170155440414508,27.788685233160624,241.89848445595857,269.01586787564764,4.915127551020408,55.80000000000001,18.0,54.0,57.599999999999994,14.400000000000006,21.599999999999994
40,28,11,11,11,13.72,161.97727272727272,25.654090909090908,25.977045454545454,258.76522727272726,261.8181818181818,5.014545454545455,55.80000000000001,25.200000000000017,54.0,57.599999999999994,21.599999999999994,28.80000000000001
40,43,20,20,22,10.882619047619048,742.5238095238095,27.780238095238094,31.133690476190477,215.14952380952383,321.6666666666667,0.44090909090909086,55.80000000000001,133.2,54.0,57.599999999999994,129.60000000000002,136.8
40,44,89,73,233,10.117826086956521,737.979347826087,28.43190217391304,29.984554347826087,211.28729347826086,290.98375,0.5596566523605151,55.80000000000001,140.40000000000003,54.0,57.599999999999994,136.8,144.0
40,45,120,99,327,11.480393518518518,848.8649691358024,29.53320987654321,30.4993287037037,200.34267746913582,339.03078703703704,1.7213149847094802,55.80000000000001,147.60000000000002,54.0,57.599999999999994,144.0,151.2
40,46,134,111,313,11.460996784565916,787.6889067524115,30.022371382636656,29.839003215434083,197.0244533762058,358.03412379421223,1.3846006389776357,55.80000000000001,154.8,54.0,57.599999999999994,151.2,158.40000000000003
40,47,112,90,176,12.258314285714285,941.4842857142858,29.836185714285715,32.84932857142857,195.66989999999998,373.91028571428575,0.5229545454545454,55.80000000000001,162.0,54.0,57.599999999999994,158.40000000000003,165.60000000000002
40,48,101,86,252,13.649395161290323,1224.2459677419354,30.3096875,34.826895161290324,189.55616935483872,494.06118951612905,97.70515873015873,55.80000000000001,169.2,54.0,57.599999999999994,165.60000000000002,172.8
40,49,82,67,197,13.487305699481865,1500.44689119171,30.197163212435232,36.80213730569948,187.77998704663213,541.1806994818653,0.46035532994923856,55.80000000000001,176.40000000000003,54.0,57.599999999999994,172.8,180.0
41,0,141,109,382,10.711827176781002,817.9432717678101,29.853522427440634,29.744656992084433,196.1549406332454,341.4022427440633,98.25523560209425,59.400000000000006,-176.4,57.599999999999994,61.20000000000002,-180.0,-172.8
41,1,113,92,327,9.497833850931677,499.82608695652175,28.584456521739128,28.189021739130435,210.62683229813663,280.4343944099379,10.157125382262997,59.400000000000006,-169.2,57.599999999999994,61.20000000000002,-172.8,-165.6
41,2,106,94,244,11.015360082304527,568.6183127572017,28.777860082304528,30.527037037037037,209.054475308642,337.9526748971193,2.6758196721311474,59.400000000000006,-162.0,57.599999999999994,61.20000000000002,-165.6,-158.4
41,3,150,121,364,11.202961432506887,582.4015151515151,29.233161157024796,31.780743801652893,197.15192148760332,284.0402892561983,16.036318681318683,59.400000000000006,-154.8,57.599999999999994,61.20000000000002,-158.4,-151.2
41,4,183,145,522,11.944626213592233,852.7684466019417,29.96450485436893,33.04826213592233,188.3865291262136,352.5868932038835,72.7981417624521,59.400000000000006,-147.6,57.599999999999994,61.20000000000002,-151.2,-144.0
41,5,163,133,349,12.055852435530086,845.2643266475644,30.07098853868195,32.78712034383954,188.46877507163322,382.5143266475645,61.41656160458453,59.400000000000006,-140.4,57.599999999999994,61.20000000000002,-144.0,-136.8
41,6,98,87,148,12.054527027027026,657.7922297297297,29.115793918918918,32.781283783783785,197.79317567567568,340.34797297297297,28.87108108108108,59.400000000000006,-133.2,57.599999999999994,61.20000000000002,-136.8,-129.6
41,11,30,27,40,9.58923076923077,599.4358974358975,27.039871794871797,25.06557692307692,229.95378205128205,288.52564102564105,0.9397500000000001,59.400000000000006,-97.2,57.599999999999994,61.20000000000002,-100.8,-93.6
41,12,46,42,122,9.442,887.6020833333333,27.030479166666666,26.3620625,228.212375,302.72083333333336,0.2722950819672131,59.400000000000006,-90.0,57.599999999999994,61.20000000000002,-93.6,-86.39999999999999
41,13,43,41,118,10.111217391304347,985.1913043478261,26.861391304347826,26.65928260869565,233.98467391304348,305.2391304347826,0.15440677966101693,59.400000000000006,-82.8,57.599999999999994,61.20000000000002,-86.39999999999999,-79.2
41,14,31,29,43,9.006976744186046,645.2674418604652,26.11063953488372,23.430116279069768,234.24976744186046,274.8662790697674,0.3446511627906977,59.400000000000006,-75.6,57.599999999999994,61.20000000000002,-79.2,-72.0
41,15,58,51,139,9.061413043478261,708.9927536231884,26.75179347826087,22.62733695652174,234.78085144927536,278.97463768115944,7.059856115107914,59.400000000000006,-68.39999999999999,57.599999999999994,61.20000000000002,-72.0,-64.8
41,16,99,95,237,10.515573593073592,868.1309523809524,28.3691341991342,23.217835497835498,228.9112987012987,347.7445887445887,43.3117299578059,59.400000000000006,-61.2,57.599999999999994,61.20000000000002,-64.8,-57.599999999999994
41,17,68,58,211,14.240748792270532,1386.1014492753623,29.861183574879227,31.7856038647343,215.15721014492755,556.6545893719807,16.612559241706162,59.400000000000006,-54.0,57.599999999999994,61.20000000000002,-57.599999999999994,-50.400000000000006
41,18,118,109,290,12.483374125874125,997.1608391608391,29.117342657342654,27.14119755244755,223.2755944055944,443.0944055944056,28.126724137931035,59.400000000000006,-46.79999999999998,57.599999999999994,61.20000000000002,-50.400000000000006,-43.19999999999999
41,19,95,86,253,13.918283730158729,1300.5654761904761,30.00185515873016,32.180664682539685,214.4474107142857,523.5074404761905,26.220513833992094,59.400000000000006,-39.599999999999994,57.599999999999994,61.20000000000002,-43.19999999999999,-36.0
41,20,107,93,309,13.773118811881188,1226.90099009901,30.53733498349835,29.382508250825083,215.6590099009901,509.5664191419142,38.80990291262136,59.400000000000006,-32.400000000000006,57.599999999999994,61.20000000000002,-36.0,-28.799999999999983
41,21,101,86,279,14.498417266187051,1437.4244604316548,30.5519964028777,31.478624100719426,213.04928956834533,555.5287769784172,26.980860215053763,59.400000000000006,-25.19999999999999,57.599999999999994,61.20000000000002,-28.799999999999983,-21.599999999999994
41,22,137,117,394,13.945459844559586,1220.7137305699482,30.269261658031088,29.907636010362694,215.3484067357513,480.565414507772,83.27903553299493,59.400000000000006,-18.0,57.599999999999994,61.20000000000002,-21.599999999999994,-14.400000000000006
41,23,232,205,630,14.15405652866242,897.5111464968153,29.565437898089172,28.723399681528665,222.1653423566879,387.7541799363057,49.702444444444446,59.400000000000006,-10.799999999999983,57.599999999999994,61.20000000000002,-14.400000000000006,-7.199999999999989
41,24,299,265,965,13.880148747390397,558.875521920668,28.49070981210856,27.28801931106472,232.12499739039666,300.22638308977037,20.082818652849742,59.400000000000006,-3.5999999999999943,57.599999999999994,61.20000000000002,-7.199999999999989,0.0
41,25,283,249,900,13.72584263392857,584.2248883928571,28.542692522321428,27.124458705357142,232.21446428571429,299.8959263392857,18.55827777777778,59.400000000000006,3.5999999999999943,57.599999999999994,61.20000000000002,0.0,7.200000000000017
41,26,199,188,374,13.345405405405407,417.3358108108108,27.33129054054054,26.17760810810811,240.1610135135135,265.4277027027027,27.442486631016042,59.400000000000006,10.800000000000011,57.599999999999994,61.20000000000002,7.200000000000017,14.400000000000006
41,27,109,104,232,13.290334051724138,340.1217672413793,25.318254310344827,28.053502155172417,243.85238146551725,297.6072198275862,4.228318965517241,59.400000000000006,18.0,57.599999999999994,61.20000000000002,14.400000000000006,21.599999999999994
41,28,70,65,122,12.099979338842976,493.3904958677686,24.663636363636364,26.554111570247937,246.8795661157025,303.1580578512397,2.562622950819672,59.400000000000006,25.200000000000017,57.599999999999994,61.20000000000002,21.599999999999994,28.80000000000001
41,29,5,5,6,10.76,1007.3333333333334,26.000833333333333,20.63,244.86166666666668,335.6666666666667,0.11166666666666665,59.400000000000006,32.400000000000006,57.599999999999994,61.20000000000002,28.80000000000001,36.0
41,44,66,59,99,11.042448979591837,676.5229591836735,29.296173469387757,30.123086734693878,205.10155612244898,299.9607142857143,1.8205050505050504,59.400000000000006,140.40000000000003,57.599999999999994,61.20000000000002,136.8,144.0
41,45,105,88,210,10.26035885167464,733.9425837320574,29.025897129186603,29.34413875598086,205.66119617224882,302.1516746411483,0.49266666666666664,59.400000000000006,147.60000000000002,57.599999999999994,61.20000000000002,144.0,151.2
41,46,108,91,261,10.069350775193799,634.5823643410853,28.830242248062017,28.172364341085274,210.51842054263568,292.6025678294573,0.8794636015325671,59.400000000000006,154.8,57.599999999999994,61.20000000000002,151.2,158.40000000000003
41,47,118,97,251,10.726471774193548,694.3860887096774,29.348598790322583,29.81771169354839,201.62298387096774,293.10680443548387,1.083027888446215,59.400000000000006,162.0,57.599999999999994,61.20000000000002,158.40000000000003,165.60000000000002
41,48,119,102,284,12.956779359430605,1069.3282918149466,29.95811387900356,34.090693950177936,194.77663701067615,433.16432384341635,15.180422535211267,59.400000000000006,169.2,57.599999999999994,61.20000000000002,165.60000000000002,172.8
41,49,62,54,162,14.25892405063291,1553.0965189873418,30.0248417721519,38.744572784810124,189.48068037974684,529.8488924050633,37.26524691358024,59.400000000000006,176.40000000000003,57.599999999999994,61.20000000000002,172.8,180.0
42,0,84,71,259,9.240879446640317,805.8715415019763,28.138903162055335,27.9076581027668,217.4381422924901,301.8135869565217,4.138918918918919,63.0,-176.4,61.20000000000002,64.80000000000001,-180.0,-172.8
42,1,77,65,278,9.162555555555555,729.6435185185185,27.863287037037036,27.221731481481484,223.19518518518518,272.4259259259259,2.4917625899280575,63.0,-169.2,61.20000000000002,64.80000000000001,-172.8,-165.6
42,2,50,41,91,9.516805555555557,782.55,27.572055555555558,28.609333333333336,224.5011111111111,274.8222222222222,2.318681318681319,63.0,-162.0,61.20000000000002,64.80000000000001,-165.6,-158.4
42,3,5,5,5,13.300999999999998,735.35,25.975,32.4215,224.83,441.45,0.518,63.0,-154.8,61.20000000000002,64.80000000000001,-158.4,-151.2
42,4,34,33,37,10.609932432432432,495.6554054054054,28.678513513513515,28.87695945945946,209.91297297297297,301.56081081081084,10.714864864864865,63.0,-147.6,61.20000000000002,64.80000000000001,-151.2,-144.0
42,11,12,12,12,9.581041666666666,1328.3958333333333,27.585416666666664,22.618958333333335,233.43583333333333,359.9791666666667,0.405,63.0,-97.2,61.20000000000002,64.80000000000001,-100.8,-93.6
42,12,48,44,126,9.31265873015873,837.8611111111111,27.295734126984126,23.973214285714285,234.19609126984128,275.36309523809524,0.335,63.0,-90.0,61.20000000000002,64.80000000000001,-93.6,-86.39999999999999
42,13,51,47,164,9.989907407407408,1010.8966049382716,27.227469135802473,27.488811728395063,231.0461574074074,333.1095679012346,0.6309146341463414,63.0,-82.8,61.20000000000002,64.80000000000001,-86.39999999999999,-79.2
42,14,58,56,147,8.959448275862067,771.0258620689655,26.963844827586207,23.087241379310345,232.22725862068964,285.34137931034485,12.335646258503402,63.0,-75.6,61.20000000000002,64.80000000000001,-79.2,-72.0
42,15,74,66,171,9.390906432748539,734.6769005847954,27.1928216374269,23.801637426900584,233.55555555555554,292.3092105263158,11.306725146198831,63.0,-68.39999999999999,61.20000000000002,64.80000000000001,-72.0,-64.8
42,16,100,94,320,10.153550156739811,950.0658307210032,28.674929467084638,23.500329153605016,228.9955564263323,366.7186520376176,55.662718749999996,63.0,-61.2,61.20000000000002,64.80000000000001,-64.8,-57.599999999999994
42,17,108,102,263,11.740453667953668,1067.3716216216217,28.94164092664093,27.014729729729726,227.665916988417,426.75916988416986,78.66927756653993,63.0,-54.0,61.20000000000002,64.80000000000001,-57.599999999999994,-50.400000000000006
42,18,61,57,89,10.492102272727273,807.2670454545455,27.66678977272727,23.84025568181818,233.1583806818182,327.50284090909093,23.747415730337078,63.0,-46.79999999999998,61.20000000000002,64.80000000000001,-50.400000000000006,-43.19999999999999
42,19,130,112,305,12.196204318936877,971.7549833887043,29.254501661129567,26.80563122923588,225.96693521594685,407.5120431893688,5.825081967213115,63.0,-39.599999999999994,61.20000000000002,64.80000000000001,-43.19999999999999,-36.0
42,20,91,80,291,13.76336236933798,1261.5043554006968,29.97897212543554,30.002595818815333,217.36421602787456,534.3628048780488,64.32766323024055,63.0,-32.400000000000006,61.20000000000002,64.80000000000001,-36.0,-28.799999999999983
42,21,186,166,536,13.378333333333332,984.8703183520599,29.471549625468167,27.33376872659176,223.60813202247192,411.8876404494382,11.242910447761194,63.0,-25.19999999999999,61.20000000000002,64.80000000000001,-28.799999999999983,-21.599999999999994
42,22,181,161,380,13.819689973614777,990.4063324538258,29.604610817941953,28.98226253298153,223.25428100263852,422.39346965699207,39.26542105263158,63.0,-18.0,61.20000000000002,64.80000000000001,-21.599999999999994,-14.400000000000006
42,23,192,173,634,13.727003179650238,918.7766295707472,29.376116852146264,28.37081478537361,222.32369236883943,412.16434817170114,10.126514195583596,63.0,-10.799999999999983,61.20000000000002,64.80000000000001,-14.400000000000006,-7.199999999999989
42,24,184,170,471,13.861209677419353,992.7709677419355,29.072247311827955,29.307327956989244,223.45216129032258,408.73736559139786,33.88193205944798,63.0,-3.5999999999999943,61.20000000000002,64.80000000000001,-7.199999999999989,0.0
42,25,219,202,600,13.798474789915968,832.6176470588235,28.962046218487394,27.19281512605042,226.58347058823531,362.78613445378153,18.622966666666667,63.0,3.5999999999999943,61.20000000000002,64.80000000000001,0.0,7.200000000000017
42,26,184,174,333,12.996649096385541,565.9427710843373,28.056054216867473,25.527356927710844,239.20321536144579,282.6159638554217,12.094144144144144,63.0,10.800000000000011,61.20000000000002,64.80000000000001,7.200000000000017,14.400000000000006
42,27,55,53,107,11.923271028037384,409.196261682243,24.135257009345793,25.919602803738318,249.6008644859813,271.49766355140184,17.354299065420562,63.0,18.0,61.20000000000002,64.80000000000001,14.400000000000006,21.599999999999994
42,28,17,17,18,11.191388888888888,531.5416666666666,23.91111111111111,26.193194444444444,248.3688888888889,251.16666666666666,0.07166666666666667,63.0,25.200000000000017,61.20000000000002,64.80000000000001,21.599999999999994,28.80000000000001
42,29,11,11,13,11.715192307692309,622.5384615384615,27.726346153846155,23.157307692307693,235.68153846153848,341.65384615384613,0.1376923076923077,63.0,32.400000000000006,61.20000000000002,64.80000000000001,28.80000000000001,36.0
42,30,42,40,58,10.530172413793103,676.7155172413793,26.372327586206897,24.270689655172415,239.18633620689656,296.60775862068965,2.531379310344828,63.0,39.599999999999994,61.20000000000002,64.80000000000001,36.0,43.20000000000002
42,46,25,24,29,10.42396551724138,944.75,29.314655172413794,30.916637931034483,198.86905172413793,344.6034482758621,0.5217241379310344,63.0,154.8,61.20000000000002,64.80000000000001,151.2,158.40000000000003
42,47,57,50,83,9.265426829268293,577.564024390244,28.500121951219516,27.053292682926827,210.9121951219512,235.497256097561,0.5042168674698795,63.0,162.0,61.20000000000002,64.80000000000001,158.40000000000003,165.60000000000002
42,48,3,3,3,8.525833333333333,132.33333333333334,25.963333333333335,22.819166666666664,234.66833333333332,353.3333333333333,0.7233333333333333,63.0,169.2,61.20000000000002,64.80000000000001,165.60000000000002,172.8
42,49,93,78,171,10.183514705882352,686.4411764705883,28.826882352941176,29.066470588235294,208.30952941176471,286.6352205882353,18.304327485380117,63.0,176.40000000000003,61.20000000000002,64.80000000000001,172.8,180.0
43,0,51,44,88,9.380952380952381,603.0089285714286,27.56431547619048,25.470982142857142,224.43372023809522,251.23065476190476,0.5845454545454545,66.6,-176.4,64.80000000000001,68.4,-180.0,-172.8
43,1,62,54,200,8.629381313131313,734.0176767676768,27.757626262626264,24.704545454545453,227.9996085858586,267.9665404040404,4.6539,66.6,-169.2,64.80000000000001,68.4,-172.8,-165.6
43,2,49,43,75,8.892128378378379,725.1013513513514,27.189999999999998,26.593783783783785,230.2410472972973,266.4442567567568,1.1252,66.6,-162.0,64.80000000000001,68.4,-165.6,-158.4
43,8,3,2,3,11.128333333333332,28.916666666666668,21.455833333333334,33.19,237.95833333333334,170.83333333333334,0.02,66.6,-118.8,64.80000000000001,68.4,-122.4,-115.2
43,9,25,24,45,9.953888888888889,929.2555555555556,26.538555555555554,28.778555555555556,235.54122222222222,301.76666666666665,4.7524444444444445,66.6,-111.6,64.80000000000001,68.4,-115.2,-108.0
43,10,22,22,31,9.157983870967742,658.9032258064516,26.77427419354839,26.57491935483871,233.49040322580646,316.6693548387097,0.11967741935483871,66.6,-104.39999999999999,64.80000000000001,68.4,-108.0,-100.8
43,11,22,21,31,9.4925,782.4516129032259,26.774354838709677,26.677983870967743,236.6492741935484,292.9193548387097,0.07451612903225807,66.6,-97.2,64.80000000000001,68.4,-100.8,-93.6
43,12,25,24,37,9.85527777777778,1012.9097222222222,27.765069444444446,26.238125,226.5751388888889,295.375,0.17594594594594595,66.6,-90.0,64.80000000000001,68.4,-93.6,-86.39999999999999
43,13,42,39,88,8.924098837209302,891.2703488372093,27.167412790697675,24.58845930232558,237.22418604651162,278.3255813953488,1.019090909090909,66.6,-82.8,64.80000000000001,68.4,-86.39999999999999,-79.2
43,14,41,38,84,8.610396341463415,861.3871951219512,27.33716463414634,23.388384146341465,238.67121951219514,304.9939024390244,0.1823809523809524,66.6,-75.6,64.80000000000001,68.4,-79.2,-72.0
43,15,49,48,69,9.803623188405798,810.9855072463768,27.072427536231885,23.937028985507247,233.56550724637682,325.54891304347825,0.5173913043478261,66.6,-68.39999999999999,64.80000000000001,68.4,-72.0,-64.8
43,16,77,73,194,9.06009162303665,744.3232984293194,27.698102094240834,21.34130890052356,234.65505235602095,310.1184554973822,38.88829896907217,66.6,-61.2,64.80000000000001,68.4,-64.8,-57.599999999999994
43,17,90,85,252,10.00913654618474,791.394578313253,27.859277108433734,22.2114156626506,233.8322389558233,342.5416666666667,10.825396825396826,66.6,-54.0,64.80000000000001,68.4,-57.599999999999994,-50.400000000000006
43,19,48,44,60,10.443516949152542,818.6567796610169,27.811101694915255,22.784915254237287,235.89508474576272,312.978813559322,0.388,66.6,-39.599999999999994,64.80000000000001,68.4,-43.19999999999999,-36.0
43,20,104,97,206,10.411347087378642,812.0364077669902,28.341941747572815,21.959138349514564,233.13603155339806,346.26759708737865,12.793252427184465,66.6,-32.400000000000006,64.80000000000001,68.4,-36.0,-28.799999999999983
43,21,151,139,366,11.707287671232876,867.845205479452,28.25830821917808,24.943705479452053,233.32366438356163,357.1335616438356,13.420136612021857,66.6,-25.19999999999999,64.80000000000001,68.4,-28.799999999999983,-21.599999999999994
43,22,137,125,305,11.932674418604652,841.4451827242525,28.19667774086379,25.66066445182724,231.29333056478404,369.609219269103,9.227737704918033,66.6,-18.0,64.80000000000001,68.4,-21.599999999999994,-14.400000000000006
43,23,126,118,314,13.190079617834396,1017.0119426751593,28.945621019108277,28.305979299363056,223.77484076433123,413.1783439490446,0.6223885350318471,66.6,-10.799999999999983,64.80000000000001,68.4,-14.400000000000006,-7.199999999999989
43,24,63,55,188,14.554274193548386,1481.6397849462367,29.485954301075267,33.43731182795699,214.9985483870968,544.1491935483871,35.3263829787234,66.6,-3.5999999999999943,64.80000000000001,68.4,-7.199999999999989,0.0
43,25,114,105,284,13.314352836879433,1106.9237588652481,29.403617021276595,27.84076241134752,221.0988209219858,447.3284574468085,30.400563380281692,66.6,3.5999999999999943,64.80000000000001,68.4,0.0,7.200000000000017
43,26,201,188,553,12.84032390510949,753.040602189781,28.546359489051095,25.673029197080293,230.99754105839415,338.3077098540146,16.57622061482821,66.6,10.800000000000011,64.80000000000001,68.4,7.200000000000017,14.400000000000006
43,27,59,56,65,12.765615384615385,853.2846153846153,27.451384615384615,28.880923076923075,232.67592307692306,345.4384615384615,17.94676923076923,66.6,18.0,64.80000000000001,68.4,14.400000000000006,21.599999999999994
43,28,7,7,8,10.0025,373.6875,23.1640625,22.538125,244.91625,191.34375,0.049999999999999996,66.6,25.200000000000017,64.80000000000001,68.4,21.599999999999994,28.80000000000001
43,29,70,68,95,11.57457894736842,654.2078947368421,27.325131578947367,25.303973684210526,234.31705263157895,340.06315789473683,3.7026315789473685,66.6,32.400000000000006,64.80000000000001,68.4,28.80000000000001,36.0
43,30,86,81,171,11.466367647058824,802.4911764705882,27.191367647058826,26.109132352941174,235.1195588235294,349.46029411764704,1.7457894736842103,66.6,39.599999999999994,64.80000000000001,68.4,36.0,43.20000000000002
43,31,68,64,114,10.272656249999999,838.3258928571429,27.20729910714286,23.9684375,236.64549107142855,301.68526785714283,0.7644736842105262,66.6,46.80000000000001,64.80000000000001,68.4,43.20000000000002,50.400000000000006
43,32,9,9,13,11.035384615384617,1184.5192307692307,29.067884615384614,21.1875,226.96076923076922,314.8076923076923,0.05692307692307692,66.6,54.0,64.80000000000001,68.4,50.400000000000006,57.599999999999994
43,33,5,5,5,9.907,540.75,26.497000000000003,21.561500000000002,246.234,213.75,0.27199999999999996,66.6,61.20000000000002,64.80000000000001,68.4,57.599999999999994,64.80000000000001
43,34,14,14,16,7.9765625,648.796875,27.57703125,19.33921875,239.66734375000001,258.125,0.090625,66.6,68.4,64.80000000000001,68.4,64.80000000000001,72.0
43,35,30,30,39,8.660320512820514,721.7884615384615,26.72326923076923,21.46282051282051,243.80884615384616,252.89743589743588,0.12974358974358977,66.6,75.6,64.80000000000001,68.4,72.0,79.19999999999999
43,49,1,1,1,6.61,118.5,29.9325,24.075000000000003,207.26,127.25,0.01,66.6,176.40000000000003,64.80000000000001,68.4,172.8,180.0
44,0,56,48,162,8.58375,697.7642405063291,27.550047468354432,24.834525316455696,234.48675632911394,259.84651898734177,0.6437037037037037,70.20000000000002,-176.4,68.4,72.0,-180.0,-172.8
44,1,56,49,197,8.256173469387756,807.6900510204082,27.790089285714288,25.173660714285717,228.6715433673469,274.6020408163265,3.3079187817258884,70.20000000000002,-169.2,68.4,72.0,-172.8,-165.6
44,2,51,47,127,8.768690476190477,708.640873015873,27.428015873015873,24.104722222222225,233.69853174603173,259.9404761904762,2.4655905511811023,70.20000000000002,-162.0,68.4,72.0,-165.6,-158.4
44,3,48,40,81,7.91503125,696.165625,27.4031875,23.88296875,233.89240625000002,264.146875,21.48679012345679,70.20000000000002,-154.8,68.4,72.0,-158.4,-151.2
44,4,41,37,79,9.135227272727272,986.3019480519481,27.322142857142854,26.46448051948052,228.6319155844156,316.75,39.32392405063291,70.20000000000002,-147.6,68.4,72.0,-151.2,-144.0
44,5,34,29,82,9.096331168831169,1200.314935064935,27.82045454545455,27.826915584415588,227.47704545454548,317.88961038961037,67.33731707317072,70.20000000000002,-140.4,68.4,72.0,-144.0,-136.8
44,6,45,40,91,8.581194444444444,940.1416666666667,27.632555555555555,26.095666666666666,229.89811111111112,320.56666666666666,3.1773626373626374,70.20000000000002,-133.2,68.4,72.0,-136.8,-129.6
44,7,50,42,113,8.308085585585586,573.1081081081081,27.46641891891892,25.181463963963964,229.691509009009,268.9222972972973,13.868053097345133,70.20000000000002,-126.0,68.4,72.0,-129.6,-122.4
44,8,45,41,97,8.567446808510638,643.3510638297872,27.311968085106383,23.49119680851064,234.7751595744681,245.41090425531914,0.2736082474226804,70.20000000000002,-118.8,68.4,72.0,-122.4,-115.2
44,9,22,20,28,8.31398148148148,768.0925925925926,27.34037037037037,24.402037037037037,239.66824074074077,279.537037037037,5.578571428571429,70.20000000000002,-111.6,68.4,72.0,-115.2,-108.0
44,10,28,27,57,8.6340625,732.9508928571429,27.2628125,24.632857142857144,238.74669642857143,312.9017857142857,0.1907017543859649,70.20000000000002,-104.39999999999999,68.4,72.0,-108.0,-100.8
44,11,36,34,91,8.695058823529413,832.2882352941176,26.729676470588235,23.770029411764707,244.12679411764705,286.8705882352941,4.213626373626374,70.20000000000002,-97.2,68.4,72.0,-100.8,-93.6
44,12,33,30,73,8.28105633802817,711.6443661971831,27.176408450704226,22.482887323943665,240.2257746478873,292.05281690140845,1.7334246575342465,70.20000000000002,-90.0,68.4,72.0,-93.6,-86.39999999999999
44,13,41,38,89,8.479331395348837,600.2703488372093,27.53889534883721,23.756453488372095,236.49488372093026,275.56976744186045,0.28325842696629216,70.20000000000002,-82.8,68.4,72.0,-86.39999999999999,-79.2
44,14,32,33,49,8.510918367346939,675.265306122449,27.227040816326532,20.466683673469387,244.29785714285714,280.2551020408163,0.30918367346938774,70.20000000000002,-75.6,68.4,72.0,-79.2,-72.0
44,15,58,52,131,9.155232558139536,896.2054263565891,27.36841085271318,24.816550387596898,234.43282945736433,329.09786821705427,31.191068702290078,70.20000000000002,-68.39999999999999,68.4,72.0,-72.0,-64.8
44,16,56,50,145,10.242357142857143,1338.9589285714285,28.238642857142857,26.554464285714285,232.93514285714286,389.78839285714287,6.75103448275862,70.20000000000002,-61.2,68.4,72.0,-64.8,-57.599999999999994
44,17,96,87,269,9.559981132075471,741.2509433962264,27.576952830188677,21.68593396226415,237.41996226415094,320.9844339622642,6.910520446096655,70.20000000000002,-54.0,68.4,72.0,-57.599999999999994,-50.400000000000006
44,18,9,9,9,8.422222222222222,839.0555555555555,27.36,19.070555555555554,234.0147222222222,283.30555555555554,33.861111111111114,70.20000000000002,-46.79999999999998,68.4,72.0,-50.400000000000006,-43.19999999999999
44,20,3,3,3,8.7575,159.08333333333334,27.5425,18.3475,247.47166666666666,238.75,0.5533333333333333,70.20000000000002,-32.400000000000006,68.4,72.0,-36.0,-28.799999999999983
44,21,67,64,163,9.231444099378882,791.7857142857143,27.67805900621118,21.6675,238.12972049689444,313.6948757763975,5.498895705521472,70.20000000000002,-25.19999999999999,68.4,72.0,-28.799999999999983,-21.599999999999994
44,22,73,64,172,10.067189349112427,1262.9156804733727,28.242544378698224,25.127781065088758,236.29130177514796,362.82470414201185,23.054593023255812,70.20000000000002,-18.0,68.4,72.0,-21.599999999999994,-14.400000000000006
44,23,92,84,217,11.22736046511628,1038.5581395348838,28.762383720930234,26.0118488372093,227.60017441860464,390.51802325581394,7.691382488479262,70.20000000000002,-10.799999999999983,68.4,72.0,-14.400000000000006,-7.199999999999989
44,24,79,69,197,13.255846153846154,1286.4717948717948,29.56197435897436,29.624576923076926,218.18974358974359,478.93141025641023,0.4896446700507614,70.20000000000002,-3.5999999999999943,68.4,72.0,-7.199999999999989,0.0
44,25,54,46,165,14.574627329192547,1624.9906832298136,29.29495341614907,36.547810559006216,214.22346273291927,564.9534161490683,18.311575757575756,70.20000000000002,3.5999999999999943,68.4,72.0,0.0,7.200000000000017
44,26,99,89,240,13.629251054852322,1194.5221518987341,29.267162447257384,30.44899789029536,218.81204641350212,471.72257383966246,100.28925,70.20000000000002,10.800000000000011,68.4,72.0,7.200000000000017,14.400000000000006
44,27,161,151,412,12.450256097560978,806.4030487804878,28.052829268292683,25.93765243902439,232.96284146341463,329.9951219512195,44.62915048543689,70.20000000000002,18.0,68.4,72.0,14.400000000000006,21.599999999999994
44,28,136,122,311,11.904696721311476,732.2286885245902,28.022926229508197,25.07472131147541,232.90670491803277,346.78565573770493,17.438810289389068,70.20000000000002,25.200000000000017,68.4,72.0,21.599999999999994,28.80000000000001
44,29,133,124,300,11.76933110367893,814.5568561872909,28.29014214046823,24.80517558528428,230.97489966555182,346.1747491638796,8.431866666666666,70.20000000000002,32.400000000000006,68.4,72.0,28.80000000000001,36.0
44,30,119,112,346,11.560933823529412,821.9764705882353,27.837426470588237,26.106463235294118,233.53706617647057,368.63198529411767,1.698757225433526,70.20000000000002,39.599999999999994,68.4,72.0,36.0,43.20000000000002
44,31,99,93,291,10.980757839721255,809.7961672473867,27.609608013937283,24.883623693379793,234.40688153310103,346.76393728222996,1.043127147766323,70.20000000000002,46.80000000000001,68.4,72.0,43.20000000000002,50.400000000000006
44,32,75,71,192,9.651170212765958,834.719414893617,27.156462765957446,24.016648936170213,236.9207579787234,308.02992021276594,0.6803645833333333,70.20000000000002,54.0,68.4,72.0,50.400000000000006,57.599999999999994
44,33,58,52,144,9.806770833333333,1004.8732638888889,27.25484375,26.527361111111112,232.72541666666666,323.453125,0.38583333333333336,70.20000000000002,61.20000000000002,68.4,72.0,57.599999999999994,64.80000000000001
44,34,41,41,65,8.78476923076923,849.8038461538462,27.419192307692306,21.448423076923078,238.21784615384615,273.65384615384613,0.24076923076923076,70.20000000000002,68.4,68.4,72.0,64.80000000000001,72.0
44,35,34,32,62,9.386854838709677,799.758064516129,26.931491935483873,28.70423387096774,227.93709677419355,292.88709677419354,0.1414516129032258,70.20000000000002,75.6,68.4,72.0,72.0,79.19999999999999
44,36,14,14,16,8.01015625,427.625,26.42265625,21.92375,246.87921875,263.125,0.26437499999999997,70.20000000000002,82.80000000000001,68.4,72.0,79.19999999999999,86.40000000000003
44,42,2,2,2,10.56625,1446.625,30.785,14.963750000000001,216.1025,300.375,0.025,70.20000000000002,126.0,68.4,72.0,122.40000000000003,129.60000000000002
44,43,16,17,35,7.2178571428571425,498.6714285714286,26.72392857142857,20.22264285714286,246.80249999999998,284.9714285714286,0.06799999999999999,70.20000000000002,133.2,68.4,72.0,129.60000000000002,136.8
44,44,5,5,5,10.5135,521.3,27.924,30.674500000000002,228.1395,272.9,0.06000000000000001,70.20000000000002,140.40000000000003,68.4,72.0,136.8,144.0
44,45,6,6,6,6.277083333333334,917.0,25.485416666666666,22.20375,253.79791666666665,252.29166666666666,0.07833333333333335,70.20000000000002,147.60000000000002,68.4,72.0,144.0,151.2
44,46,17,17,24,8.15875,539.1875,26.098854166666666,22.070520833333333,253.27104166666666,294.1354166666667,0.09875,70.20000000000002,154.8,68.4,72.0,151.2,158.40000000000003
44,47,31,31,59,8.920818965517242,649.198275862069,26.888448275862068,25.764870689655172,242.23512931034483,291.4655172413793,0.10423728813559323,70.20000000000002,162.0,68.4,72.0,158.40000000000003,165.60000000000002
44,48,39,35,96,8.803377659574469,845.2473404255319,26.87593085106383,26.37523936170213,238.74898936170212,287.36968085106383,0.14270833333333335,70.20000000000002,169.2,68.4,72.0,165.60000000000002,172.8
44,49,46,43,111,8.296283783783784,863.5472972972973,27.429977477477475,24.818783783783786,239.21851351351353,287.4189189189189,0.5845945945945946,70.20000000000002,176.40000000000003,68.4,72.0,172.8,180.0
45,0,37,33,106,8.317184466019418,846.8325242718447,27.5652427184466,23.73490291262136,244.82873786407768,266.502427184466,0.9172641509433963,73.80000000000001,-176.4,72.0,75.6,-180.0,-172.8
45,1,35,32,119,8.880940170940171,926.1858974358975,27.562564102564103,25.86438034188034,236.4619017094017,299.13247863247864,0.26226890756302523,73.80000000000001,-169.2,72.0,75.6,-172.8,-165.6
45,2,42,37,96,9.350973684210526,1023.7368421052631,27.670236842105265,26.733684210526313,233.13547368421052,325.80526315789473,14.481666666666667,73.80000000000001,-162.0,72.0,75.6,-165.6,-158.4
45,3,25,22,51,9.443673469387756,1299.642857142857,27.618520408163267,30.148214285714285,225.9440306122449,384.5637755102041,229.40333333333334,73.80000000000001,-154.8,72.0,75.6,-158.4,-151.2
45,4,14,11,37,11.505808823529412,2113.294117647059,28.02529411764706,39.06911764705882,209.6104411764706,496.88235294117646,88.29756756756757,73.80000000000001,-147.6,72.0,75.6,-151.2,-144.0
45,5,10,8,31,11.349444444444444,2010.2592592592594,28.509907407407407,36.97768518518519,220.26805555555555,496.6203703703704,0.10580645161290324,73.80000000000001,-140.4,72.0,75.6,-144.0,-136.8
45,6,16,13,44,10.286190476190475,1981.720238095238,28.80684523809524,35.08095238095238,222.67999999999998,467.4107142857143,0.14886363636363636,73.80000000000001,-133.2,72.0,75.6,-136.8,-129.6
45,7,40,38,81,8.183069620253164,759.0158227848101,27.633196202531646,23.589525316455696,233.26503164556962,284.1487341772152,0.24876543209876542,73.80000000000001,-126.0,72.0,75.6,-129.6,-122.4
45,8,27,26,51,8.2958,688.235,26.885,25.15885,243.5731,293.375,1.1329411764705883,73.80000000000001,-118.8,72.0,75.6,-122.4,-115.2
45,9,27,25,75,8.799246575342465,939.7397260273973,27.200034246575342,26.39904109589041,239.0091780821918,321.40410958904107,0.1656,73.80000000000001,-111.6,72.0,75.6,-115.2,-108.0
45,10,30,27,77,8.06782142857143,795.8285714285714,27.724785714285712,24.884464285714284,237.3615357142857,294.32142857142856,0.17935064935064934,73.80000000000001,-104.39999999999999,72.0,75.6,-108.0,-100.8
45,11,34,30,90,8.237586206896552,744.4626436781609,27.112614942528737,22.550488505747126,243.15804597701148,298.9971264367816,2.8148888888888886,73.80000000000001,-97.2,72.0,75.6,-100.8,-93.6
45,12,42,39,101,10.000260416666666,1260.1067708333333,27.23122395833333,29.71216145833333,232.033125,340.0716145833333,0.29099009900990097,73.80000000000001,-90.0,72.0,75.6,-93.6,-86.39999999999999
45,13,51,46,100,8.751186868686869,869.7070707070707,27.271313131313132,24.255555555555556,237.3711868686869,315.104797979798,7.4826999999999995,73.80000000000001,-82.8,72.0,75.6,-86.39999999999999,-79.2
45,14,47,45,104,8.18125,807.2720588235294,27.898333333333333,21.112205882352942,241.3320588235294,297.81985294117646,54.38201923076924,73.80000000000001,-75.6,72.0,75.6,-79.2,-72.0
45,15,32,28,108,10.727943925233646,1812.5864485981308,28.611799065420563,30.701682242990653,223.50084112149534,450.9684579439252,44.962407407407404,73.80000000000001,-68.39999999999999,72.0,75.6,-72.0,-64.8
45,16,66,60,176,9.28638888888889,952.7529239766081,27.819824561403507,23.26425438596491,232.89934210526314,344.2112573099415,0.4186363636363637,73.80000000000001,-61.2,72.0,75.6,-64.8,-57.599999999999994
45,17,43,40,65,9.3312890625,957.078125,27.5225,22.420859375,242.440390625,333.021484375,6.46,73.80000000000001,-54.0,72.0,75.6,-57.599999999999994,-50.400000000000006
45,21,42,41,74,9.455308219178082,792.0342465753424,27.383664383561644,23.630171232876712,241.98746575342466,288.30479452054794,3.7635135135135136,73.80000000000001,-25.19999999999999,72.0,75.6,-28.799999999999983,-21.599999999999994
45,22,57,53,154,8.985608552631579,930.8930921052631,27.883733552631583,24.087006578947367,236.3142105263158,324.64638157894734,0.35610389610389614,73.80000000000001,-18.0,72.0,75.6,-21.599999999999994,-14.400000000000006
45,23,49,43,128,10.182799999999999,1461.254,28.62088,27.4508,235.5102,424.491,17.208828125,73.80000000000001,-10.799999999999983,72.0,75.6,-14.400000000000006,-7.199999999999989
45,24,37,32,115,11.915688073394495,1938.9587155963302,28.708509174311928,31.994036697247704,223.26878440366974,462.35091743119267,0.5517391304347826,73.80000000000001,-3.5999999999999943,72.0,75.6,-7.199999999999989,0.0
45,25,53,47,132,12.73919921875,1632.505859375,29.505625,30.22234375,218.96177734375001,504.5380859375,0.4624242424242424,73.80000000000001,3.5999999999999943,72.0,75.6,0.0,7.200000000000017
45,26,66,58,194,13.744960937499998,1634.84375,29.017408854166664,33.573489583333334,214.01345052083332,513.0071614583334,29.492268041237114,73.80000000000001,10.800000000000011,72.0,75.6,7.200000000000017,14.400000000000006
45,27,113,104,294,11.569491379310346,948.725,28.40166379310345,25.23471551724138,229.23047413793103,378.9060344827586,11.274931972789116,73.80000000000001,18.0,72.0,75.6,14.400000000000006,21.599999999999994
45,28,112,105,335,11.6786671686747,936.1378012048193,28.340143072289155,25.565609939759035,229.48326807228918,378.2307981927711,6.0166268656716415,73.80000000000001,25.200000000000017,72.0,75.6,21.599999999999994,28.80000000000001
45,29,101,92,321,12.176800314465408,1049.7531446540881,28.51811320754717,26.672067610062896,229.14757861635223,400.6631289308176,3.9355140186915887,73.80000000000001,32.400000000000006,72.0,75.6,28.80000000000001,36.0
45,30,96,89,257,10.590398832684825,868.7859922178989,28.06977626459144,23.36649805447471,235.37796692607003,336.533560311284,2.316964980544747,73.80000000000001,39.599999999999994,72.0,75.6,36.0,43.20000000000002
45,31,91,84,283,11.14964928057554,916.6124100719425,28.100143884892088,25.86713129496403,231.88951438848923,381.3129496402878,0.4765017667844523,73.80000000000001,46.80000000000001,72.0,75.6,43.20000000000002,50.400000000000006
45,32,75,67,190,9.870557065217392,930.6195652173913,27.566929347826086,25.46743206521739,237.81724184782607,330.3858695652174,1.6102631578947368,73.80000000000001,54.0,72.0,75.6,50.400000000000006,57.599999999999994
45,33,53,50,147,9.30892361111111,1007.1128472222222,27.277378472222225,25.803836805555555,236.75236111111113,322.7213541666667,5.777687074829933,73.80000000000001,61.20000000000002,72.0,75.6,57.599999999999994,64.80000000000001
45,34,48,44,137,8.886466165413534,823.0827067669173,27.25154135338346,24.8503007518797,237.06853383458647,283.28007518796994,0.3373722627737226,73.80000000000001,68.4,72.0,75.6,64.80000000000001,72.0
45,35,40,37,125,8.419173553719009,778.7396694214876,27.578636363636363,24.492500000000003,239.4597520661157,267.29338842975204,0.49544,73.80000000000001,75.6,72.0,75.6,72.0,79.19999999999999
45,36,39,36,90,8.95183908045977,615.0833333333334,27.30727011494253,25.0391091954023,236.98318965517245,245.8764367816092,0.7153333333333333,73.80000000000001,82.80000000000001,72.0,75.6,79.19999999999999,86.40000000000003
45,37,19,19,23,8.062173913043479,557.4130434782609,27.327391304347824,23.703804347826086,240.51989130434785,269.3804347826087,0.2534782608695652,73.80000000000001,90.0,72.0,75.6,86.40000000000003,93.60000000000002
45,39,2,2,2,9.8475,127.125,25.731250000000003,37.12625,197.6575,84.125,0.015,73.80000000000001,104.40000000000003,72.0,75.6,100.80000000000001,108.0
45,40,21,20,44,8.068863636363636,822.4375,26.645738636363635,22.644772727272727,241.33732954545457,265.8181818181818,0.16568181818181818,73.80000000000001,111.60000000000002,72.0,75.6,108.0,115.19999999999999
45,41,28,26,70,9.37536231884058,1073.6666666666667,26.903985507246375,27.663297101449274,240.54021739130437,325.65579710144925,0.14814285714285716,73.80000000000001,118.80000000000001,72.0,75.6,115.19999999999999,122.40000000000003
45,42,33,32,76,9.20570945945946,698.1114864864865,26.35331081081081,26.006148648648647,239.1727364864865,290.31756756756755,0.20894736842105263,73.80000000000001,126.0,72.0,75.6,122.40000000000003,129.60000000000002
45,43,35,34,116,8.209843750000001,817.2991071428571,26.876852678571428,23.31607142857143,246.30716517857144,301.07142857142856,0.16517241379310346,73.80000000000001,133.2,72.0,75.6,129.60000000000002,136.8
45,44,23,24,58,8.79530172413793,791.5818965517242,27.662068965517243,24.969827586206897,237.63762931034483,343.6853448275862,0.28500000000000003,73.80000000000001,140.40000000000003,72.0,75.6,136.8,144.0
45,45,25,25,50,8.35055,751.31,26.912300000000002,23.7654,245.796,365.38,0.12020000000000002,73.80000000000001,147.60000000000002,72.0,75.6,144.0,151.2
45,46,10,11,28,8.959107142857144,1186.169642857143,26.871964285714284,32.190714285714286,239.0925892857143,331.4107142857143,0.08071428571428572,73.80000000000001,154.8,72.0,75.6,151.2,158.40000000000003
45,47,15,13,43,8.563780487804879,1325.0243902439024,27.139878048780485,28.450548780487807,238.95213414634148,382.890243902439,0.04813953488372093,73.80000000000001,162.0,72.0,75.6,158.40000000000003,165.60000000000002
45,48,23,21,73,8.275942028985506,772.3297101449275,27.275108695652175,25.139311594202898,240.41478260869565,357.6014492753623,0.5173972602739726,73.80000000000001,169.2,72.0,75.6,165.60000000000002,172.8
45,49,30,29,77,8.168082191780822,749.3698630136986,27.43304794520548,23.92051369863014,235.05154109589043,260.722602739726,0.14792207792207793,73.80000000000001,176.40000000000003,72.0,75.6,172.8,180.0
46,0,13,11,40,11.101180555555556,1923.0416666666667,28.617152777777775,30.09152777777778,222.4727777777778,463.46527777777777,35.281,77.4,-176.4,75.6,79.20000000000002,-180.0,-172.8
46,1,15,14,42,8.93794871794872,1268.025641025641,28.98891025641026,28.74923076923077,231.86301282051286,364.95512820512823,9.466666666666667,77.4,-169.2,75.6,79.20000000000002,-172.8,-165.6
46,2,18,16,52,8.624840425531914,1599.723404255319,27.85473404255319,30.90898936170213,232.96281914893618,390.1223404255319,14.629038461538462,77.4,-162.0,75.6,79.20000000000002,-165.6,-158.4
46,3,12,10,26,9.696354166666667,1811.6145833333333,28.18375,33.392916666666665,225.14541666666665,447.65625,145.8073076923077,77.4,-154.8,75.6,79.20000000000002,-158.4,-151.2
46,4,8,7,18,10.99203125,1980.859375,26.49859375,38.93140625,224.20296875,508.234375,207.46,77.4,-147.6,75.6,79.20000000000002,-151.2,-144.0
46,5,7,6,22,12.09171052631579,2143.5526315789475,28.10907894736842,43.15802631578947,208.71328947368423,517.9342105263158,0.019545454545454546,77.4,-140.4,75.6,79.20000000000002,-144.0,-136.8
46,6,7,6,17,11.090714285714286,2168.714285714286,26.616964285714285,35.98375,228.30785714285713,476.8392857142857,0.019411764705882354,77.4,-133.2,75.6,79.20000000000002,-136.8,-129.6
46,7,13,12,20,8.061911764705883,1255.5294117647059,27.88029411764706,29.54014705882353,231.07161764705884,371.5882352941176,0.1165,77.4,-126.0,75.6,79.20000000000002,-129.6,-122.4
46,8,22,21,43,8.255416666666667,867.4345238095239,27.722142857142856,25.450952380952383,237.09910714285715,299.82738095238096,0.1955813953488372,77.4,-118.8,75.6,79.20000000000002,-122.4,-115.2
46,9,17,16,41,8.3751875,1091.3,27.833437500000002,25.2479375,234.5526875,344.78125,0.06146341463414634,77.4,-111.6,75.6,79.20000000000002,-115.2,-108.0
46,10,22,20,54,9.042259615384616,1123.735576923077,27.723461538461542,28.59096153846154,230.56322115384617,365.85096153846155,0.0898148148148148,77.4,-104.39999999999999,75.6,79.20000000000002,-108.0,-100.8
46,11,29,26,71,9.081716417910448,1104.7985074626865,27.79108208955224,28.88376865671642,232.32473880597016,334.7723880597015,1.5294366197183098,77.4,-97.2,75.6,79.20000000000002,-100.8,-93.6
46,12,30,28,73,8.4665,898.7392857142858,27.79867857142857,24.705857142857145,240.88150000000002,320.95714285714286,0.2636986301369863,77.4,-90.0,75.6,79.20000000000002,-93.6,-86.39999999999999
46,13,36,32,87,9.54779761904762,1024.8125,27.99931547619048,27.098660714285714,232.2730952380952,312.2708333333333,0.28839080459770117,77.4,-82.8,75.6,79.20000000000002,-86.39999999999999,-79.2
46,14,61,58,136,9.424309701492538,1072.6753731343283,27.550597014925376,24.675764925373137,235.37078358208956,362.3805970149254,3.775735294117647,77.4,-75.6,75.6,79.20000000000002,-79.2,-72.0
46,15,58,52,113,9.527635135135137,740.5765765765766,27.436554054054053,24.128423423423424,233.33603603603603,336.89864864864865,0.3414159292035398,77.4,-68.39999999999999,75.6,79.20000000000002,-72.0,-64.8
46,16,27,27,33,8.113030303030303,677.3787878787879,28.090757575757575,17.23659090909091,245.78878787878787,279.2651515151515,0.35000000000000003,77.4,-61.2,75.6,79.20000000000002,-64.8,-57.599999999999994
46,21,7,7,8,10.2478125,949.75,27.0378125,31.7003125,241.249375,344.0,0.23375,77.4,-25.19999999999999,75.6,79.20000000000002,-28.799999999999983,-21.599999999999994
46,22,38,35,98,8.672161458333333,809.6276041666666,27.791067708333333,23.441223958333335,239.42416666666668,309.7578125,2.4506122448979593,77.4,-18.0,75.6,79.20000000000002,-21.599999999999994,-14.400000000000006
46,23,41,37,110,8.863853211009173,1065.2339449541284,28.161330275229357,23.91915137614679,235.54887614678898,322.48853211009174,0.23972727272727273,77.4,-10.799999999999983,75.6,79.20000000000002,-14.400000000000006,-7.199999999999989
46,24,48,42,115,10.04966814159292,1501.9380530973451,28.51212389380531,26.761482300884957,232.7729867256637,397.6106194690266,7.984260869565218,77.4,-3.5999999999999943,75.6,79.20000000000002,-7.199999999999989,0.0
46,25,47,40,133,11.369507575757577,1646.2916666666667,28.87751893939394,28.428882575757576,228.87255681818183,410.90909090909093,0.49022556390977445,77.4,3.5999999999999943,75.6,79.20000000000002,0.0,7.200000000000017
46,26,88,79,223,10.910848416289593,1123.1843891402716,28.533518099547514,25.463891402714935,229.43842760180996,361.4943438914027,5.418565022421524,77.4,10.800000000000011,75.6,79.20000000000002,7.200000000000017,14.400000000000006
46,27,91,85,247,9.599938524590165,870.2387295081967,27.933924180327868,21.587213114754096,240.37233606557376,323.00358606557376,3.253238866396761,77.4,18.0,75.6,79.20000000000002,14.400000000000006,21.599999999999994
46,28,74,68,195,9.155471204188482,752.57722513089,27.441439790575913,20.908678010471203,242.55195026178012,274.18259162303667,3.2330769230769234,77.4,25.200000000000017,75.6,79.20000000000002,21.599999999999994,28.80000000000001
46,29,81,74,213,9.830968899521531,916.2799043062201,27.79316985645933,22.47007177033493,237.5383732057416,317.8474880382775,1.937981220657277,77.4,32.400000000000006,75.6,79.20000000000002,28.80000000000001,36.0
46,30,67,63,203,9.54928391959799,930.9321608040201,27.795188442211057,22.099082914572865,239.11723618090454,307.0615577889447,1.47935960591133,77.4,39.599999999999994,75.6,79.20000000000002,36.0,43.20000000000002
46,31,64,59,204,10.0251125,1090.6725,27.7359875,25.335974999999998,235.16119999999998,355.3225,0.4463725490196079,77.4,46.80000000000001,75.6,79.20000000000002,43.20000000000002,50.400000000000006
46,32,59,54,175,9.234411764705882,965.1058823529412,28.146397058823528,21.528838235294117,242.6502205882353,330.87132352941177,0.3765714285714286,77.4,54.0,75.6,79.20000000000002,50.400000000000006,57.599999999999994
46,33,60,55,149,9.398809523809524,1013.1547619047619,27.998044217687074,25.300782312925172,237.0800850340136,335.78146258503403,3.308791946308725,77.4,61.20000000000002,75.6,79.20000000000002,57.599999999999994,64.80000000000001
46,34,53,49,134,9.51687984496124,947.6918604651163,27.625910852713176,26.55610465116279,235.69168604651165,303.8013565891473,0.443134328358209,77.4,68.4,75.6,79.20000000000002,64.80000000000001,72.0
46,35,40,36,117,8.68041304347826,911.2347826086957,27.790934782608694,25.741152173913044,235.49630434782608,315.32173913043476,4.512905982905983,77.4,75.6,75.6,79.20000000000002,72.0,79.19999999999999
46,36,40,37,137,8.44240671641791,895.3376865671642,27.192033582089554,26.08783582089552,240.40462686567164,281.47574626865674,0.3094160583941606,77.4,82.80000000000001,75.6,79.20000000000002,79.19999999999999,86.40000000000003
46,37,39,37,111,8.250754716981133,803.7570754716982,27.474764150943393,23.87429245283019,243.1339386792453,277.75471698113205,1.3944144144144144,77.4,90.0,75.6,79.20000000000002,86.40000000000003,93.60000000000002
46,38,37,34,108,8.773261904761904,897.6666666666666,27.228380952380952,25.648595238095236,236.54204761904762,318.3333333333333,1.1592592592592592,77.4,97.19999999999999,75.6,79.20000000000002,93.60000000000002,100.80000000000001
46,39,24,23,48,8.339840425531916,908.3989361702128,27.17968085106383,23.595531914893616,243.7275,298.00531914893617,0.3329166666666667,77.4,104.40000000000003,75.6,79.20000000000002,100.80000000000001,108.0
46,40,35,34,85,8.106781250000001,1038.80625,27.60915625,24.54634375,244.09265625000003,311.28125,0.3043529411764706,77.4,111.60000000000002,75.6,79.20000000000002,108.0,115.19999999999999
46,41,33,31,89,8.722616279069767,1114.6075581395348,27.547180232558137,27.07610465116279,234.95706395348836,330.01453488372096,0.22078651685393258,77.4,118.80000000000001,75.6,79.20000000000002,115.19999999999999,122.40000000000003
46,42,36,33,78,9.100866666666667,1136.2066666666667,27.158066666666667,27.151566666666668,238.44123333333332,330.1166666666667,0.21423076923076925,77.4,126.0,75.6,79.20000000000002,122.40000000000003,129.60000000000002
46,43,40,39,101,8.63121052631579,880.8263157894737,27.58421052631579,24.65157894736842,235.95157894736843,299.1842105263158,0.19891089108910892,77.4,133.2,75.6,79.20000000000002,129.60000000000002,136.8
46,44,38,36,89,9.368821839080459,890.1321839080459,27.27706896551724,25.63169540229885,239.45045977011492,310.382183908046,0.14101123595505619,77.4,140.40000000000003,75.6,79.20000000000002,136.8,144.0
46,45,21,19,57,9.59013392857143,1019.3973214285714,27.077410714285715,28.479464285714283,235.71254464285715,366.2857142857143,1.123859649122807,77.4,147.60000000000002,75.6,79.20000000000002,144.0,151.2
46,46,19,17,64,7.950573770491803,1099.188524590164,27.432499999999997,25.686475409836067,243.26147540983607,355.26229508196724,1.0037500000000001,77.4,154.8,75.6,79.20000000000002,151.2,158.40000000000003
46,47,16,15,51,7.0592,1011.925,27.26275,23.1278,236.45885,292.9,0.08784313725490196,77.4,162.0,75.6,79.20000000000002,158.40000000000003,165.60000000000002
46,48,15,14,44,8.931607142857143,1424.517857142857,27.990238095238094,28.996369047619048,227.20178571428573,404.30357142857144,0.0775,77.4,169.2,75.6,79.20000000000002,165.60000000000002,172.8
46,49,18,16,32,8.55425925925926,1215.2314814814815,27.9675,27.053333333333335,235.59703703703704,343.10185185185185,0.1228125,77.4,176.40000000000003,75.6,79.20000000000002,172.8,180.0
47,0,7,6,19,9.423125,1678.828125,29.66828125,37.84890625,217.29796875,398.015625,0.16105263157894736,81.0,-176.4,79.20000000000002,82.80000000000001,-180.0,-172.8
47,1,7,6,18,11.394285714285715,1877.5535714285713,27.53982142857143,42.61464285714286,211.2725,488.3392857142857,175.95777777777778,81.0,-169.2,79.20000000000002,82.80000000000001,-172.8,-165.6
47,2,6,5,10,11.194285714285714,2083.3571428571427,26.771071428571428,40.58642857142858,221.2135714285714,477.5357142857143,0.011,81.0,-162.0,79.20000000000002,82.80000000000001,-165.6,-158.4
47,3,6,5,15,11.463750000000001,2126.85,26.584750000000003,40.931,223.0785,493.3,0.012,81.0,-154.8,79.20000000000002,82.80000000000001,-158.4,-151.2
47,4,6,5,13,8.735,2026.375,29.2178125,34.9934375,236.4490625,460.625,0.030000000000000002,81.0,-147.6,79.20000000000002,82.80000000000001,-151.2,-144.0
47,5,2,2,4,9.23,246.0,30.71,38.0775,169.65,127.5,0.01,81.0,-140.4,79.20000000000002,82.80000000000001,-144.0,-136.8
47,6,1,1,1,8.1125,1552.5,23.2625,14.8875,273.635,305.0,0.01,81.0,-133.2,79.20000000000002,82.80000000000001,-136.8,-129.6
47,7,1,1,1,0.5399999999999999,1568.75,34.93,6.3,303.985,304.5,0.02,81.0,-126.0,79.20000000000002,82.80000000000001,-129.6,-122.4
47,8,2,2,2,6.477499999999999,940.75,31.33625,18.335,264.90125,246.875,1116.03,81.0,-118.8,79.20000000000002,82.80000000000001,-122.4,-115.2
47,9,3,3,10,4.33525,1324.875,27.49525,9.976249999999999,291.0475,304.95,0.048,81.0,-111.6,79.20000000000002,82.80000000000001,-115.2,-108.0
47,10,10,9,15,6.645892857142857,1312.1964285714287,28.906785714285714,21.276964285714286,257.54107142857146,405.51785714285717,342.70133333333337,81.0,-104.39999999999999,79.20000000000002,82.80000000000001,-108.0,-100.8
47,11,12,11,31,7.748620689655173,1084.0431034482758,27.563189655172412,19.991293103448275,255.5221551724138,402.26724137931035,0.08903225806451613,81.0,-97.2,79.20000000000002,82.80000000000001,-100.8,-93.6
47,12,14,13,28,7.821538461538462,1309.9903846153845,28.981250000000003,20.78028846153846,247.2528846153846,350.0,0.13035714285714287,81.0,-90.0,79.20000000000002,82.80000000000001,-93.6,-86.39999999999999
47,13,18,16,32,7.676370967741936,926.9274193548387,27.872338709677418,24.56016129032258,240.87467741935484,308.56451612903226,0.16125,81.0,-82.8,79.20000000000002,82.80000000000001,-86.39999999999999,-79.2
47,14,21,20,30,7.994913793103448,912.7586206896551,27.579913793103447,21.51155172413793,241.14905172413793,291.6465517241379,0.266,81.0,-75.6,79.20000000000002,82.80000000000001,-79.2,-72.0
47,15,31,29,65,9.351626984126984,972.063492063492,27.223690476190477,25.463531746031748,239.67892857142857,311.07936507936506,0.23030769230769232,81.0,-68.39999999999999,79.20000000000002,82.80000000000001,-72.0,-64.8
47,16,19,18,35,8.011323529411765,1091.4632352941176,27.569558823529412,23.19816176470588,239.46286764705883,304.3529411764706,0.15771428571428572,81.0,-61.2,79.20000000000002,82.80000000000001,-64.8,-57.599999999999994
47,17,6,6,12,9.682916666666666,1455.6666666666667,26.608125,31.834999999999997,247.02687500000002,466.8541666666667,0.028333333333333335,81.0,-54.0,79.20000000000002,82.80000000000001,-57.599999999999994,-50.400000000000006
47,18,8,8,9,7.504444444444445,944.75,28.14138888888889,25.592499999999998,242.69,325.05555555555554,10.384444444444444,81.0,-46.79999999999998,79.20000000000002,82.80000000000001,-50.400000000000006,-43.19999999999999
47,19,1,1,1,0.5850000000000001,390.0,26.925,3.2125000000000004,315.1725,305.5,0.07,81.0,-39.599999999999994,79.20000000000002,82.80000000000001,-43.19999999999999,-36.0
47,20,1,1,1,13.8175,3007.5,27.74,54.8375,202.6975,621.75,0.02,81.0,-32.400000000000006,79.20000000000002,82.80000000000001,-36.0,-28.799999999999983
47,21,6,6,9,4.3975,396.6388888888889,26.985277777777778,11.081388888888888,280.4663888888889,347.3333333333333,0.22999999999999998,81.0,-25.19999999999999,79.20000000000002,82.80000000000001,-28.799999999999983,-21.599999999999994
47,22,16,16,37,7.019444444444445,767.6666666666666,27.342708333333334,18.92298611111111,255.20472222222224,283.5208333333333,0.11783783783783784,81.0,-18.0,79.20000000000002,82.80000000000001,-21.599999999999994,-14.400000000000006
47,23,29,28,75,8.241493055555557,780.0416666666666,27.90934027777778,23.93861111111111,239.81850694444444,304.4375,6.23,81.0,-10.799999999999983,79.20000000000002,82.80000000000001,-14.400000000000006,-7.199999999999989
47,24,18,16,41,9.757297297297297,1583.972972972973,28.98135135135135,31.011081081081084,229.3216891891892,384.1689189189189,27.732682926829266,81.0,-3.5999999999999943,79.20000000000002,82.80000000000001,-7.199999999999989,0.0
47,25,32,29,72,10.09939393939394,1525.9621212121212,28.64310606060606,27.568484848484847,232.95632575757577,403.094696969697,56.68277777777777,81.0,3.5999999999999943,79.20000000000002,82.80000000000001,0.0,7.200000000000017
47,26,66,61,126,9.919125000000001,1051.95625,28.129875000000002,25.095333333333333,240.42395833333333,343.68645833333335,9.452460317460318,81.0,10.800000000000011,79.20000000000002,82.80000000000001,7.200000000000017,14.400000000000006
47,27,51,47,110,10.113066037735848,1076.4693396226414,27.34568396226415,25.964009433962264,238.06525943396227,312.12971698113205,12.10209090909091,81.0,18.0,79.20000000000002,82.80000000000001,14.400000000000006,21.599999999999994
47,28,42,40,98,9.389327956989247,1290.965053763441,27.82521505376344,25.80994623655914,240.48344086021504,319.2459677419355,0.21336734693877552,81.0,25.200000000000017,79.20000000000002,82.80000000000001,21.599999999999994,28.80000000000001
47,29,36,35,107,9.00602380952381,1123.8428571428572,27.624142857142857,25.4895,239.97414285714285,302.62142857142857,3.058224299065421,81.0,32.400000000000006,79.20000000000002,82.80000000000001,28.80000000000001,36.0
47,30,36,35,89,9.40718023255814,1310.1162790697674,27.656773255813956,26.678924418604648,236.92776162790696,354.9738372093023,0.21483146067415732,81.0,39.599999999999994,79.20000000000002,82.80000000000001,36.0,43.20000000000002
47,31,42,41,125,8.752134146341463,889.8170731707318,27.878821138211382,23.00810975609756,245.30006097560977,331.270325203252,2.06008,81.0,46.80000000000001,79.20000000000002,82.80000000000001,43.20000000000002,50.400000000000006
47,32,41,40,96,9.155510752688171,1050.975806451613,27.739865591397848,25.775967741935485,243.9817741935484,327.0497311827957,1.6683333333333332,81.0,54.0,79.20000000000002,82.80000000000001,50.400000000000006,57.599999999999994
47,33,38,36,101,8.515729166666667,1180.7291666666667,27.703385416666666,25.002317708333333,240.30356770833336,313.0442708333333,0.26950495049504947,81.0,61.20000000000002,79.20000000000002,82.80000000000001,57.599999999999994,64.80000000000001
47,34,29,27,69,9.020076923076925,1098.4576923076922,28.22607692307692,27.016923076923074,237.1264230769231,338.9076923076923,8.464202898550724,81.0,68.4,79.20000000000002,82.80000000000001,64.80000000000001,72.0
47,35,30,29,91,9.101657303370787,1205.6685393258426,27.55823033707865,28.64306179775281,239.04328651685395,341.05337078651684,1.7119780219780218,81.0,75.6,79.20000000000002,82.80000000000001,72.0,79.19999999999999
47,36,29,28,89,8.942411764705883,1131.8823529411766,27.833235294117646,26.636764705882353,240.85379411764708,333.79411764705884,0.11910112359550562,81.0,82.80000000000001,79.20000000000002,82.80000000000001,79.19999999999999,86.40000000000003
47,37,27,25,76,8.264340277777778,1147.2743055555557,27.401458333333334,26.186944444444446,243.1163888888889,326.84722222222223,0.17328947368421052,81.0,90.0,79.20000000000002,82.80000000000001,86.40000000000003,93.60000000000002
47,38,19,17,45,9.476071428571428,1217.142857142857,27.481785714285714,30.20994047619048,235.6779761904762,377.8333333333333,0.12866666666666668,81.0,97.19999999999999,79.20000000000002,82.80000000000001,93.60000000000002,100.80000000000001
47,39,23,21,43,8.2994375,1000.66875,27.979187500000002,25.9458125,239.5499375,324.78125,73.9560465116279,81.0,104.40000000000003,79.20000000000002,82.80000000000001,100.80000000000001,108.0
47,40,10,9,27,10.090104166666666,1841.875,27.50583333333333,34.85010416666667,225.23406250000002,417.9895833333333,0.07703703703703704,81.0,111.60000000000002,79.20000000000002,82.80000000000001,108.0,115.19999999999999
47,41,11,10,23,10.1175,2066.8875,28.5075,36.559125,226.44187499999998,450.45,0.049130434782608694,81.0,118.80000000000001,79.20000000000002,82.80000000000001,115.19999999999999,122.40000000000003
47,42,11,10,27,10.974583333333333,1976.1458333333333,27.77270833333333,39.4325,218.62052083333333,456.1458333333333,0.025555555555555554,81.0,126.0,79.20000000000002,82.80000000000001,122.40000000000003,129.60000000000002
47,43,11,10,40,10.68390625,1822.7421875,28.02453125,39.6759375,212.90734375,441.7734375,0.052250000000000005,81.0,133.2,79.20000000000002,82.80000000000001,129.60000000000002,136.8
47,44,14,13,41,8.030641025641026,1510.4551282051282,28.494807692307695,24.58871794871795,248.72532051282053,387.47435897435895,36.02975609756098,81.0,140.40000000000003,79.20000000000002,82.80000000000001,136.8,144.0
47,45,14,13,37,9.83157142857143,1215.7928571428572,28.271714285714285,32.810785714285714,217.5615,381.5642857142857,5.527027027027027,81.0,147.60000000000002,79.20000000000002,82.80000000000001,144.0,151.2
47,46,15,14,52,9.638520408163266,1724.2551020408164,27.43785714285714,33.98607142857143,225.38295918367345,427.6734693877551,2.353653846153846,81.0,154.8,79.20000000000002,82.80000000000001,151.2,158.40000000000003
47,47,9,8,18,7.1693750000000005,1378.953125,29.1290625,23.14546875,244.03453125000001,314.65625,68.66222222222223,81.0,162.0,79.20000000000002,82.80000000000001,158.40000000000003,165.60000000000002
47,48,7,6,23,10.885125,1968.3875,27.703625,40.791,217.58137499999998,457.6,0.026521739130434784,81.0,169.2,79.20000000000002,82.80000000000001,165.60000000000002,172.8
47,49,8,7,22,10.8275,2124.592105263158,28.164342105263156,41.53947368421053,222.04986842105265,520.2763157894736,108.31409090909091,81.0,176.40000000000003,79.20000000000002,82.80000000000001,172.8,180.0
48,0,4,4,12,3.931666666666667,1391.2777777777778,30.084722222222222,10.487222222222222,287.5597222222222,345.5,214.77166666666668,84.6,-176.4,82.80000000000001,86.4,-180.0,-172.8
48,1,1,1,2,0.5399999999999999,1568.75,34.93,6.3,303.985,304.5,0.44999999999999996,84.6,-169.2,82.80000000000001,86.4,-172.8,-165.6
48,2,1,1,3,0.5399999999999999,1568.75,34.93,6.3,303.985,304.5,0.43999999999999995,84.6,-162.0,82.80000000000001,86.4,-165.6,-158.4
48,3,1,1,1,0.5399999999999999,1568.75,34.93,6.3,303.985,304.5,0.16,84.6,-154.8,82.80000000000001,86.4,-158.4,-151.2
48,4,2,2,2,4.44375,794.5,30.627499999999998,12.26125,275.59625,488.25,1213.055,84.6,-147.6,82.80000000000001,86.4,-151.2,-144.0
48,5,1,1,1,0.5399999999999999,1568.75,34.93,6.3,303.985,304.5,0.15,84.6,-140.4,82.80000000000001,86.4,-144.0,-136.8
48,6,1,1,1,0.5399999999999999,1568.75,34.93,6.3,303.985,304.5,0.02,84.6,-133.2,82.80000000000001,86.4,-136.8,-129.6
48,7,1,1,2,0.5399999999999999,1568.75,34.93,6.3,303.985,304.5,0.04,84.6,-126.0,82.80000000000001,86.4,-129.6,-122.4
48,10,1,1,1,0.5399999999999999,1568.75,34.93,6.3,303.985,304.5,0.03,84.6,-104.39999999999999,82.80000000000001,86.4,-108.0,-100.8
48,13,1,1,1,0.5850000000000001,390.0,26.925,3.2125000000000004,315.1725,305.5,0.05,84.6,-82.8,82.80000000000001,86.4,-86.39999999999999,-79.2
48,15,3,3,3,5.6816666666666675,654.25,25.504166666666666,12.1075,278.6716666666667,427.5,0.016666666666666666,84.6,-68.39999999999999,82.80000000000001,86.4,-72.0,-64.8
48,16,2,2,3,3.0941666666666667,777.5,25.704166666666666,7.104166666666667,301.32666666666665,305.3333333333333,0.04666666666666667,84.6,-61.2,82.80000000000001,86.4,-64.8,-57.599999999999994
48,17,1,1,6,0.5850000000000001,390.0,26.925,3.2125000000000004,315.1725,305.5,0.018333333333333333,84.6,-54.0,82.80000000000001,86.4,-57.599999999999994,-50.400000000000006
48,19,1,1,1,13.8175,3007.5,27.74,54.8375,202.6975,621.75,0.01,84.6,-39.599999999999994,82.80000000000001,86.4,-43.19999999999999,-36.0
48,20,4,4,4,6.641875000000001,549.4375,26.570625,14.23375,268.315,442.6875,898.8775,84.6,-32.400000000000006,82.80000000000001,86.4,-36.0,-28.799999999999983
48,21,7,6,12,7.023863636363637,1370.0,26.13477272727273,22.304772727272727,263.2911363636363,422.6136363636364,265.8616666666667,84.6,-25.19999999999999,82.80000000000001,86.4,-28.799999999999983,-21.599999999999994
48,22,3,3,8,2.45,1122.65625,29.01125,7.2890625,300.59281250000004,305.0,0.11,84.6,-18.0,82.80000000000001,86.4,-21.599999999999994,-14.400000000000006
48,23,1,1,2,,,,,,,0.01,84.6,-10.799999999999983,82.80000000000001,86.4,-14.400000000000006,-7.199999999999989
48,24,2,2,3,0.5399999999999999,1568.75,34.93,6.3,303.985,304.5,0.10666666666666667,84.6,-3.5999999999999943,82.80000000000001,86.4,-7.199999999999989,0.0
48,25,2,2,11,0.5399999999999999,1568.75,34.93,6.3,303.985,304.5,0.042727272727272725,84.6,3.5999999999999943,82.80000000000001,86.4,0.0,7.200000000000017
48,26,5,4,8,10.196428571428571,2025.107142857143,29.54357142857143,42.580714285714286,210.22857142857143,446.14285714285717,0.015000000000000001,84.6,10.800000000000011,82.80000000000001,86.4,7.200000000000017,14.400000000000006
48,27,5,4,6,9.6655,2184.45,29.671,41.03,219.8505,474.75,0.06666666666666667,84.6,18.0,82.80000000000001,86.4,14.400000000000006,21.599999999999994
48,28,4,3,6,11.946875,2338.375,28.35625,49.7125,198.816875,517.3125,0.01,84.6,25.200000000000017,82.80000000000001,86.4,21.599999999999994,28.80000000000001
48,29,5,4,14,11.746,1823.15,28.84825,47.823750000000004,191.557,435.875,0.011428571428571429,84.6,32.400000000000006,82.80000000000001,86.4,28.80000000000001,36.0
48,30,4,3,8,12.588928571428571,2811.785714285714,27.028214285714284,48.59607142857143,215.335,587.4285714285714,0.0125,84.6,39.599999999999994,82.80000000000001,86.4,36.0,43.20000000000002
48,31,3,3,6,11.915833333333333,2522.5,26.2475,41.520833333333336,226.34333333333333,516.1666666666666,0.015,84.6,46.80000000000001,82.80000000000001,86.4,43.20000000000002,50.400000000000006
48,32,2,2,3,13.8175,3007.5,27.74,54.8375,202.6975,621.75,0.01,84.6,54.0,82.80000000000001,86.4,50.400000000000006,57.599999999999994
48,33,5,5,10,8.057500000000001,1373.0625,29.0875,28.68625,238.306875,350.125,0.04,84.6,61.20000000000002,82.80000000000001,86.4,57.599999999999994,64.80000000000001
48,34,4,4,8,9.818125,1589.625,26.24375,30.6725,229.904375,339.8125,0.01,84.6,68.4,82.80000000000001,86.4,64.80000000000001,72.0
48,35,6,5,9,8.785416666666666,1682.4583333333333,27.849999999999998,30.433333333333334,239.72041666666667,394.25,0.06777777777777777,84.6,75.6,82.80000000000001,86.4,72.0,79.19999999999999
48,36,2,2,2,8.67125,899.25,26.98625,26.4825,221.64249999999998,216.25,0.01,84.6,82.80000000000001,82.80000000000001,86.4,79.19999999999999,86.40000000000003
48,37,2,2,6,8.1125,1552.5,23.2625,14.8875,273.635,305.0,0.01,84.6,90.0,82.80000000000001,86.4,86.40000000000003,93.60000000000002
48,38,2,1,3,12.37,3050.0,27.4875,52.9675,211.46,660.0,0.01,84.6,97.19999999999999,82.80000000000001,86.4,93.60000000000002,100.80000000000001
48,39,1,1,1,,,,,,,0.01,84.6,104.40000000000003,82.80000000000001,86.4,100.80000000000001,108.0
48,40,3,3,5,4.32625,1560.625,29.096249999999998,10.59375,288.81,304.75,0.192,84.6,111.60000000000002,82.80000000000001,86.4,108.0,115.19999999999999
48,41,2,2,2,8.1125,1552.5,23.2625,14.8875,273.635,305.0,0.01,84.6,118.80000000000001,82.80000000000001,86.4,115.19999999999999,122.40000000000003
48,42,1,1,2,,,,,,,0.01,84.6,126.0,82.80000000000001,86.4,122.40000000000003,129.60000000000002
48,44,5,4,11,5.544444444444444,1957.9166666666667,31.14833333333333,23.089166666666667,269.15972222222223,423.44444444444446,0.3409090909090909,84.6,140.40000000000003,82.80000000000001,86.4,136.8,144.0
48,45,4,4,12,1.30175,1449.25,32.96275,6.85,302.06875,304.65,0.61,84.6,147.60000000000002,82.80000000000001,86.4,144.0,151.2
48,46,3,3,4,5.390625,1935.0,30.1525,20.11375,273.26625,393.5,0.1975,84.6,154.8,82.80000000000001,86.4,151.2,158.40000000000003
48,47,2,1,4,12.37,3050.0,27.4875,52.9675,211.46,660.0,0.01,84.6,162.0,82.80000000000001,86.4,158.40000000000003,165.60000000000002
48,48,2,2,3,3.064166666666667,1563.3333333333333,31.040833333333335,9.1625,293.86833333333334,304.6666666666667,0.01,84.6,169.2,82.80000000000001,86.4,165.60000000000002,172.8
48,49,3,3,6,8.190833333333334,1041.75,24.28333333333333,15.999166666666667,264.8258333333333,427.3333333333333,491.5083333333334,84.6,176.40000000000003,82.80000000000001,86.4,172.8,180.0
49,1,1,1,1,8.3475,20.25,26.325,18.2225,247.2075,672.0,3743.0,88.20000000000002,-169.2,86.4,90.0,-172.8,-165.6
49,13,1,1,1,8.3475,20.25,26.325,18.2225,247.2075,672.0,2636.0,88.20000000000002,-82.8,86.4,90.0,-86.39999999999999,-79.2
49,27,1,1,1,,,,,,,0.01,88.20000000000002,18.0,86.4,90.0,14.400000000000006,21.599999999999994
49,29,1,1,1,,,,,,,0.01,88.20000000000002,32.400000000000006,86.4,90.0,28.80000000000001,36.0
49,30,1,1,2,,,,,,,0.01,88.20000000000002,39.599999999999994,86.4,90.0,36.0,43.20000000000002
49,31,1,1,1,,,,,,,0.01,88.20000000000002,46.80000000000001,86.4,90.0,43.20000000000002,50.400000000000006
49,32,1,1,1,,,,,,,0.01,88.20000000000002,54.0,86.4,90.0,50.400000000000006,57.599999999999994
49,33,1,1,1,8.1125,1552.5,23.2625,14.8875,273.635,305.0,0.01,88.20000000000002,61.20000000000002,86.4,90.0,57.599999999999994,64.80000000000001
49,34,1,1,1,,,,,,,0.01,88.20000000000002,68.4,86.4,90.0,64.80000000000001,72.0
49,36,1,1,1,,,,,,,0.01,88.20000000000002,82.80000000000001,86.4,90.0,79.19999999999999,86.40000000000003
49,45,1,1,1,0.5850000000000001,390.0,26.925,3.2125000000000004,315.1725,305.5,0.02,88.20000000000002,147.60000000000002,86.4,90.0,144.0,151.2
49,46,1,1,1,8.1125,1552.5,23.2625,14.8875,273.635,305.0,3281.0,88.20000000000002,154.8,86.4,90.0,151.2,158.40000000000003
